"C:/MeuProjeto1/MeuProjeto2.uproject" 1
"../../../Engine/Plugins/AudioGameplayVolume/AudioGameplayVolume.uplugin" 2
"../../../Engine/Plugins/BaseMaterial/BaseMaterial.uplugin" 3
"../../../Engine/Plugins/AudioGameplay/AudioGameplay.uplugin" 4
"../../../Engine/Plugins/ChaosClothAsset/ChaosClothAsset.uplugin" 5
"../../../Engine/Plugins/ChaosVD/ChaosVD.uplugin" 6
"../../../Engine/Plugins/Chooser/Chooser.uplugin" 7
"../../../Engine/Plugins/EnhancedInput/EnhancedInput.uplugin" 8
"../../../Engine/Plugins/DiscoveryBeaconReceiver/DiscoveryBeaconReceiver.uplugin" 9
"../../../Engine/Plugins/ChaosCloth/ChaosCloth.uplugin" 10
"../../../Engine/Plugins/ChaosInsights/ChaosInsights.uplugin" 11
"../../../Engine/Plugins/Fab/Fab.uplugin" 12
"../../../Engine/Plugins/Bridge/Bridge.uplugin" 13
"../../../Engine/Plugins/ChaosClothAssetEditor/ChaosClothAssetEditor.uplugin" 14
"../../../Engine/Plugins/JsonBlueprintUtilities/JsonBlueprintUtilities.uplugin" 15
"../../../Engine/Plugins/CmdLinkServer/CmdLinkServer.uplugin" 16
"../../../Engine/Plugins/IoStoreInsights/IoStoreInsights.uplugin" 17
"../../../Engine/Plugins/LightWeightInstancesEditor/LightWeightInstancesEditor.uplugin" 18
"../../../Engine/Plugins/MemoryUsageQueries/MemoryUsageQueries.uplugin" 19
"../../../Engine/Plugins/MassInsights/MassInsights.uplugin" 20
"../../../Engine/Plugins/MeshPainting/MeshPainting.uplugin" 21
"../../../Engine/Plugins/Mutable/Mutable.uplugin" 22
"../../../Engine/Plugins/RenderGraphInsights/RenderGraphInsights.uplugin" 23
"../../../Engine/Plugins/AudioInsights/AudioInsights.uplugin" 24
"../../../Engine/Plugins/WorldMetrics/WorldMetrics.uplugin" 25
"../../../Engine/Plugins/FastBuildController/FastBuildController.uplugin" 26
"../../../Engine/Plugins/ScriptPlugin/ScriptPlugin.uplugin" 27
"../../../Engine/Plugins/UbaController/UbaController.uplugin" 28
"../../../Engine/Plugins/TextureGraph/TextureGraph.uplugin" 29
"../../../Engine/Plugins/Compositing/Composite/Composite.uplugin" 30
"../../../Engine/Plugins/BlueprintFileUtils/BlueprintFileUtils.uplugin" 31
"../../../Engine/Plugins/XGEController/XGEController.uplugin" 32
"../../../Engine/Plugins/Compositing/Composure/Composure.uplugin" 33
"../../../Engine/Plugins/Compositing/HoldoutComposite/HoldoutComposite.uplugin" 34
"../../../Engine/Plugins/PCG/PCG.uplugin" 35
"../../../Engine/Plugins/Compositing/LensDistortion/LensDistortion.uplugin" 36
"../../../Engine/Plugins/Compositing/CompositeCore/CompositeCore.uplugin" 37
"../../../Engine/Plugins/Compositing/OpenColorIO/OpenColorIO.uplugin" 38
"../../../Engine/Plugins/Compositing/OpenCVLensDistortion/OpenCVLensDistortion.uplugin" 39
"../../../Engine/Plugins/Developer/BlankPlugin/BlankPlugin.uplugin" 40
"../../../Engine/Plugins/Developer/CodeLiteSourceCodeAccess/CodeLiteSourceCodeAccess.uplugin" 41
"../../../Engine/Plugins/Developer/CLionSourceCodeAccess/CLionSourceCodeAccess.uplugin" 42
"../../../Engine/Plugins/Developer/DirectoryPlaceholder/DirectoryPlaceholder.uplugin" 43
"../../../Engine/Plugins/Developer/GitSourceControl/GitSourceControl.uplugin" 44
"../../../Engine/Plugins/Developer/DumpGPUServices/DumpGPUServices.uplugin" 45
"../../../Engine/Plugins/Developer/FieldNotificationTrace/FieldNotificationTrace.uplugin" 46
"../../../Engine/Plugins/Developer/GPUReshape/GPUReshape.uplugin" 47
"../../../Engine/Plugins/Developer/NamingTokens/NamingTokens.uplugin" 48
"../../../Engine/Plugins/TraceUtilities/TraceUtilities.uplugin" 49
"../../../Engine/Plugins/Developer/KDevelopSourceCodeAccess/KDevelopSourceCodeAccess.uplugin" 50
"../../../Engine/Plugins/Developer/AnimationSharing/AnimationSharing.uplugin" 51
"../../../Engine/Plugins/Developer/OneSkyLocalizationService/OneSkyLocalizationService.uplugin" 52
"../../../Engine/Plugins/Developer/PixWinPlugin/PixWinPlugin.uplugin" 53
"../../../Engine/Plugins/Developer/PlasticSourceControl/PlasticSourceControl.uplugin" 54
"../../../Engine/Plugins/Developer/PluginUtils/PluginUtils.uplugin" 55
"../../../Engine/Plugins/Developer/ProjectLauncher/ProjectLauncher.uplugin" 56
"../../../Engine/Plugins/Developer/PropertyAccessNode/PropertyAccessNode.uplugin" 57
"../../../Engine/Plugins/Developer/UObjectPlugin/UObjectPlugin.uplugin" 58
"../../../Engine/Plugins/Developer/NullSourceCodeAccess/NullSourceCodeAccess.uplugin" 59
"../../../Engine/Plugins/Developer/VisualStudioCodeSourceCodeAccess/VisualStudioCodeSourceCodeAccess.uplugin" 60
"../../../Engine/Plugins/Developer/XcodeGPUDebuggerPlugin/XcodeGPUDebuggerPlugin.uplugin" 61
"../../../Engine/Plugins/Developer/VisualStudioSourceCodeAccess/VisualStudioSourceCodeAccess.uplugin" 62
"../../../Engine/Plugins/Developer/TextureFormatOodle/TextureFormatOodle.uplugin" 63
"../../../Engine/Plugins/Developer/XCodeSourceCodeAccess/XCodeSourceCodeAccess.uplugin" 64
"../../../Engine/Plugins/Experimental/AbilitySystemGameFeatureActions/AbilitySystemGameFeatureActions.uplugin" 65
"../../../Engine/Plugins/Developer/PerforceSourceControl/PerforceSourceControl.uplugin" 66
"../../../Engine/Plugins/Experimental/ActorPalette/ActorPalette.uplugin" 67
"../../../Engine/Plugins/Developer/RenderDocPlugin/RenderDocPlugin.uplugin" 68
"../../../Engine/Plugins/Experimental/AdvancedRenamer/AdvancedRenamer.uplugin" 69
"../../../Engine/Plugins/Experimental/AnimToTexture/AnimToTexture.uplugin" 70
"../../../Engine/Plugins/Experimental/AsyncMessageSystem/AsyncMessageSystem.uplugin" 71
"../../../Engine/Plugins/Developer/SubversionSourceControl/SubversionSourceControl.uplugin" 72
"../../../Engine/Plugins/Experimental/AIAssistant/AIAssistant.uplugin" 73
"../../../Engine/Plugins/Developer/N10XSourceCodeAccess/N10XSourceCodeAccess.uplugin" 74
"../../../Engine/Plugins/Experimental/AvalancheDisplayCluster/AvalancheDisplayCluster.uplugin" 75
"../../../Engine/Plugins/Developer/RiderSourceCodeAccess/RiderSourceCodeAccess.uplugin" 76
"../../../Engine/Plugins/Experimental/BackChannel/BackChannel.uplugin" 77
"../../../Engine/Plugins/Experimental/Buoyancy/Buoyancy.uplugin" 78
"../../../Engine/Plugins/Experimental/BlueprintSnapNodes/BlueprintSnapNodes.uplugin" 79
"../../../Engine/Plugins/Experimental/BlueprintStats/BlueprintStats.uplugin" 80
"../../../Engine/Plugins/Experimental/ChaosCaching/ChaosCaching.uplugin" 81
"../../../Engine/Plugins/Experimental/AutomationUtils/AutomationUtils.uplugin" 82
"../../../Engine/Plugins/Experimental/ChaosModularVehicle/ChaosModularVehicle.uplugin" 83
"../../../Engine/Plugins/Experimental/ChaosClothEditor/ChaosClothEditor.uplugin" 84
"../../../Engine/Plugins/Experimental/ChaosCachingUSD/ChaosCachingUSD.uplugin" 85
"../../../Engine/Plugins/Experimental/ChaosFlesh/ChaosFlesh.uplugin" 86
"../../../Engine/Plugins/Experimental/ChaosMover/ChaosMover.uplugin" 87
"../../../Engine/Plugins/Experimental/ChaosNiagara/ChaosNiagara.uplugin" 88
"../../../Engine/Plugins/Experimental/CelestialVault/CelestialVault.uplugin" 89
"../../../Engine/Plugins/Experimental/ChaosModularVehicleExamples/ChaosModularVehicleExamples.uplugin" 90
"../../../Engine/Plugins/Experimental/AvalancheSequenceNavigator/AvalancheSequenceNavigator.uplugin" 91
"../../../Engine/Plugins/Experimental/ChaosOutfitAsset/ChaosOutfitAsset.uplugin" 92
"../../../Engine/Plugins/Experimental/ChaosSolverPlugin/ChaosSolverPlugin.uplugin" 93
"../../../Engine/Plugins/Experimental/AsyncMessageSystemTests/AsyncMessageSystemTests.uplugin" 94
"../../../Engine/Plugins/Experimental/ChaosEditor/ChaosEditor.uplugin" 95
"../../../Engine/Plugins/Experimental/ChaosVehiclesPlugin/ChaosVehiclesPlugin.uplugin" 96
"../../../Engine/Plugins/Experimental/ChaosRigidAsset/ChaosRigidAsset.uplugin" 97
"../../../Engine/Plugins/Experimental/CharacterAI/CharacterAI.uplugin" 98
"../../../Engine/Plugins/Experimental/CineCameraSceneCapture/CineCameraSceneCapture.uplugin" 99
"../../../Engine/Plugins/Experimental/CineCameraRigs/CineCameraRigs.uplugin" 100
"../../../Engine/Plugins/Developer/TraceSourceFiltering/TraceSourceFilters.uplugin" 101
"../../../Engine/Plugins/Experimental/CinematicPrestreaming/CinematicPrestreaming.uplugin" 102
"../../../Engine/Plugins/Experimental/ChaosUserDataPT/ChaosUserDataPT.uplugin" 103
"../../../Engine/Plugins/Experimental/CodeView/CodeView.uplugin" 104
"../../../Engine/Plugins/Experimental/ColorCorrectRegions/ColorCorrectRegions.uplugin" 105
"../../../Engine/Plugins/Experimental/CodeEditor/CodeEditor.uplugin" 106
"../../../Engine/Plugins/Experimental/CinematicSequenceNavigator/CinematicSequenceNavigator.uplugin" 107
"../../../Engine/Plugins/Experimental/DrawDebugLibrary/DrawDebugLibrary.uplugin" 108
"../../../Engine/Plugins/Experimental/DaySequence/DaySequence.uplugin" 109
"../../../Engine/Plugins/Experimental/ControlFlows/ControlFlows.uplugin" 110
"../../../Engine/Plugins/Experimental/DynamicMaterialMediaStreamBridge/DynamicMaterialMediaStreamBridge.uplugin" 111
"../../../Engine/Plugins/Experimental/Dataflow/Dataflow.uplugin" 112
"../../../Engine/Plugins/Experimental/EditorPerformance/EditorPerformance.uplugin" 113
"../../../Engine/Plugins/Experimental/ControlRigPhysics/ControlRigPhysics.uplugin" 114
"../../../Engine/Plugins/Experimental/EditorDataStorage/EditorDataStorage.uplugin" 115
"../../../Engine/Plugins/Experimental/DefaultInstallBundleManager/DefaultInstallBundleManager.uplugin" 116
"../../../Engine/Plugins/Experimental/DynamicWind/DynamicWind.uplugin" 117
"../../../Engine/Plugins/Experimental/EvaluationNotifies/EvaluationNotifies.uplugin" 118
"../../../Engine/Plugins/Experimental/FastGeoStreaming/FastGeoStreaming.uplugin" 119
"../../../Engine/Plugins/Experimental/CommonConversation/CommonConversation.uplugin" 120
"../../../Engine/Plugins/Experimental/FieldSystemPlugin/FieldSystemPlugin.uplugin" 121
"../../../Engine/Plugins/Experimental/EditorTelemetry/EditorTelemetry.uplugin" 122
"../../../Engine/Plugins/Experimental/EditorDataStorageFeatures/EditorDataStorageFeatures.uplugin" 123
"../../../Engine/Plugins/Experimental/GameplayBehaviors/GameplayBehaviors.uplugin" 124
"../../../Engine/Plugins/Experimental/Fracture/Fracture.uplugin" 125
"../../../Engine/Plugins/Experimental/GameplayGraph/GameplayGraph.uplugin" 126
"../../../Engine/Plugins/Experimental/Gauntlet/Gauntlet.uplugin" 127
"../../../Engine/Plugins/Experimental/GeometryCacheAbcFile/GeometryCacheAbcFile.uplugin" 128
"../../../Engine/Plugins/Experimental/GeometryCacheLevelSequenceBaker/GeometryCacheLevelSequenceBaker.uplugin" 129
"../../../Engine/Plugins/Experimental/GeometryCollectionPlugin/GeometryCollectionPlugin.uplugin" 130
"../../../Engine/Plugins/Experimental/GeometryDataflow/GeometryDataflow.uplugin" 131
"../../../Engine/Plugins/Experimental/GeometryFlow/GeometryFlow.uplugin" 132
"../../../Engine/Plugins/Experimental/GizmoEdMode/GizmoEdMode.uplugin" 133
"../../../Engine/Plugins/Experimental/FullBodyIK/FullBodyIK.uplugin" 134
"../../../Engine/Plugins/Experimental/GizmoFramework/GizmoFramework.uplugin" 135
"../../../Engine/Plugins/Experimental/GlobalConfigurationData/GlobalConfigurationData.uplugin" 136
"../../../Engine/Plugins/Experimental/GameInputWindows/GameInputWindows.uplugin" 137
"../../../Engine/Plugins/Experimental/HairModelingToolset/HairModelingToolset.uplugin" 138
"../../../Engine/Plugins/Experimental/HairStrandsMutable/HairStrandsMutable.uplugin" 139
"../../../Engine/Plugins/Experimental/GPULightmass/GPULightmass.uplugin" 140
"../../../Engine/Plugins/Experimental/ImagePlate/ImagePlate.uplugin" 141
"../../../Engine/Plugins/Experimental/GameplayTargetingSystem/TargetingSystem.uplugin" 142
"../../../Engine/Plugins/Experimental/ImageWidgets/ImageWidgets.uplugin" 143
"../../../Engine/Plugins/Experimental/HairCardGenerator/HairCardGenerator.uplugin" 144
"../../../Engine/Plugins/Experimental/InlineMaterialInstance/InlineMaterialInstance.uplugin" 145
"../../../Engine/Plugins/Experimental/Iris/Iris.uplugin" 146
"../../../Engine/Plugins/Experimental/InEditorDocumentation/InEditorDocumentation.uplugin" 147
"../../../Engine/Plugins/Experimental/FloatingProperties/FloatingProperties.uplugin" 148
"../../../Engine/Plugins/Experimental/InteractionInterface/InteractionInterface.uplugin" 149
"../../../Engine/Plugins/Experimental/Landmass/Landmass.uplugin" 150
"../../../Engine/Plugins/Experimental/JWT/JWT.uplugin" 151
"../../../Engine/Plugins/Experimental/LiveLinkControlRig/LiveLinkControlRig.uplugin" 152
"../../../Engine/Plugins/Experimental/ImpostorBaker/ImpostorBaker.uplugin" 153
"../../../Engine/Plugins/Experimental/LowLevelNetTrace/LowLevelNetTrace.uplugin" 154
"../../../Engine/Plugins/Experimental/LiveLinkOpenVR/LiveLinkOpenVR.uplugin" 155
"../../../Engine/Plugins/Experimental/MLflow/MLflow.uplugin" 156
"../../../Engine/Plugins/Experimental/MediaStream/MediaStream.uplugin" 157
"../../../Engine/Plugins/Experimental/MetasoundExperimental/MetasoundExperimental.uplugin" 158
"../../../Engine/Plugins/Experimental/LiveLinkFaceImporter/LiveLinkFaceImporter.uplugin" 159
"../../../Engine/Plugins/Experimental/MotorSimOutputMotoSynth/MotorSimOutputMotoSynth.uplugin" 160
"../../../Engine/Plugins/Experimental/MotoSynth/MotoSynth.uplugin" 161
"../../../Engine/Plugins/Experimental/LearningAgents/LearningAgents.uplugin" 162
"../../../Engine/Plugins/Experimental/MoverAnimNext/MoverAnimNext.uplugin" 163
"../../../Engine/Plugins/Experimental/Mover/Mover.uplugin" 164
"../../../Engine/Plugins/Experimental/MeshResizing/MeshResizing.uplugin" 165
"../../../Engine/Plugins/Experimental/MoverExamples/MoverExamples.uplugin" 166
"../../../Engine/Plugins/Experimental/MoverIntegrations/MoverIntegrations.uplugin" 167
"../../../Engine/Plugins/Experimental/MovieSceneAnimMixer/MovieSceneAnimMixer.uplugin" 168
"../../../Engine/Plugins/Experimental/MutableClothing/MutableClothing.uplugin" 169
"../../../Engine/Plugins/Experimental/InstanceDataObjectFixupTool/InstanceDataObjectFixupTool.uplugin" 170
"../../../Engine/Plugins/Experimental/MovieScenePoseSearchTracks/MovieScenePoseSearchTracks.uplugin" 171
"../../../Engine/Plugins/Experimental/LevelSequenceNavigatorBridge/LevelSequenceNavigatorBridge.uplugin" 172
"../../../Engine/Plugins/Experimental/MutablePopulation/MutablePopulation.uplugin" 173
"../../../Engine/Plugins/Experimental/LocalizableMessage/LocalizableMessage.uplugin" 174
"../../../Engine/Plugins/Experimental/NaniteDisplacedMesh/NaniteDisplacedMesh.uplugin" 175
"../../../Engine/Plugins/Experimental/NaniteAssemblyEditorUtils/NaniteAssemblyEditorUtils.uplugin" 176
"../../../Engine/Plugins/Experimental/NeuralRendering/NeuralRendering.uplugin" 177
"../../../Engine/Plugins/Experimental/NFORDenoise/NFORDenoise.uplugin" 178
"../../../Engine/Plugins/Experimental/NNERuntimeIREE/NNERuntimeIREE.uplugin" 179
"../../../Engine/Plugins/Experimental/NNERuntimeBasicCpu/NNERuntimeBasicCpu.uplugin" 180
"../../../Engine/Plugins/Experimental/NNERuntimeRDG/NNERuntimeRDG.uplugin" 181
"../../../Engine/Plugins/Experimental/MoverTests/MoverTests.uplugin" 182
"../../../Engine/Plugins/Experimental/OptiXDenoise/OptiXDenoise.uplugin" 183
"../../../Engine/Plugins/Experimental/PanoramicCapture/PanoramicCapture.uplugin" 184
"../../../Engine/Plugins/Experimental/OpenImageDenoise/OpenImageDenoise.uplugin" 185
"../../../Engine/Plugins/Experimental/PCGBiomeSample/PCGBiomeSample.uplugin" 186
"../../../Engine/Plugins/Experimental/PhysicsControl/PhysicsControl.uplugin" 187
"../../../Engine/Plugins/Experimental/PCGBiomeCore/PCGBiomeCore.uplugin" 188
"../../../Engine/Plugins/Experimental/PixelStreamingPlayer/PixelStreamingPlayer.uplugin" 189
"../../../Engine/Plugins/Experimental/PlainProps/PlainProps.uplugin" 190
"../../../Engine/Plugins/Experimental/MutableDataflow/MutableDataflow.uplugin" 191
"../../../Engine/Plugins/Experimental/PlainPropsEngine/PlainPropsEngine.uplugin" 192
"../../../Engine/Plugins/Experimental/MeshModelingToolsetExp/MeshModelingToolsetExp.uplugin" 193
"../../../Engine/Plugins/Experimental/NNERuntimeCoreML/NNERuntimeCoreML.uplugin" 194
"../../../Engine/Plugins/Experimental/PlainPropsUObject/PlainPropsUObject.uplugin" 195
"../../../Engine/Plugins/Experimental/PluginAudit/PluginAudit.uplugin" 196
"../../../Engine/Plugins/Experimental/PlatformCrypto/PlatformCrypto.uplugin" 197
"../../../Engine/Plugins/Experimental/PostProcessMaterialChainGraph/PostProcessMaterialChainGraph.uplugin" 198
"../../../Engine/Plugins/Experimental/PluginReferenceViewer/PluginReferenceViewer.uplugin" 199
"../../../Engine/Plugins/Experimental/PluginTemplateTool/PluginTemplateTool.uplugin" 200
"../../../Engine/Plugins/Experimental/PSDImporter/PSDImporter.uplugin" 201
"../../../Engine/Plugins/Experimental/RawInput/RawInput.uplugin" 202
"../../../Engine/Plugins/Experimental/PythonMLPackages/PythonMLPackages.uplugin" 203
"../../../Engine/Plugins/Experimental/RazerChromaDevices/RazerChromaDevices.uplugin" 204
"../../../Engine/Plugins/Experimental/RemoteControlActorModifierBridge/RemoteControlActorModifierBridge.uplugin" 205
"../../../Engine/Plugins/Experimental/PlanarCutPlugin/PlanarCut.uplugin" 206
"../../../Engine/Plugins/Experimental/QuicMessaging/QuicMessaging.uplugin" 207
"../../../Engine/Plugins/Experimental/RuntimeTelemetry/RuntimeTelemetry.uplugin" 208
"../../../Engine/Plugins/Experimental/PythonFoundationPackages/PythonFoundationPackages.uplugin" 209
"../../../Engine/Plugins/Experimental/RigLogicMutable/RigLogicMutable.uplugin" 210
"../../../Engine/Plugins/Experimental/RemoteControlComponents/RemoteControlComponents.uplugin" 211
"../../../Engine/Plugins/Experimental/ScreenReader/ScreenReader.uplugin" 212
"../../../Engine/Plugins/Experimental/ProceduralVegetationEditor/ProceduralVegetationEditor.uplugin" 213
"../../../Engine/Plugins/Experimental/RenderGrid/RenderGrid.uplugin" 214
"../../../Engine/Plugins/Experimental/RemoteSession/RemoteSession.uplugin" 215
"../../../Engine/Plugins/Experimental/RigLogicUAF/RigLogicUAF.uplugin" 216
"../../../Engine/Plugins/Experimental/SimpleHMD/SimpleHMD.uplugin" 217
"../../../Engine/Plugins/Experimental/SequenceNavigator/SequenceNavigator.uplugin" 218
"../../../Engine/Plugins/Experimental/Shotgrid/Shotgrid.uplugin" 219
"../../../Engine/Plugins/Experimental/SlateIM/SlateIM.uplugin" 220
"../../../Engine/Plugins/Experimental/SkeletalReduction/SkeletalReduction.uplugin" 221
"../../../Engine/Plugins/Experimental/PythonScriptPlugin/PythonScriptPlugin.uplugin" 222
"../../../Engine/Plugins/Experimental/SlateScreenReader/SlateScreenReader.uplugin" 223
"../../../Engine/Plugins/Experimental/SlateModelViewViewModel/SlateModelViewViewModel.uplugin" 224
"../../../Engine/Plugins/Experimental/SecuritySandbox/SecuritySandbox.uplugin" 225
"../../../Engine/Plugins/Experimental/PSDImporterMaterialDesignerBridge/PSDImporterMaterialDesignerBridge.uplugin" 226
"../../../Engine/Plugins/Experimental/StructUtils/StructUtils.uplugin" 227
"../../../Engine/Plugins/Experimental/StateGraph/StateGraph.uplugin" 228
"../../../Engine/Plugins/Experimental/TextToSpeech/TextToSpeech.uplugin" 229
"../../../Engine/Plugins/Experimental/SubtitlesAndClosedCaptions/SubtitlesAndClosedCaptions.uplugin" 230
"../../../Engine/Plugins/Experimental/SubmitToolEditor/SubmitToolEditor.uplugin" 231
"../../../Engine/Plugins/Experimental/SurfaceEffects/SurfaceEffects.uplugin" 232
"../../../Engine/Plugins/Experimental/TargetDeviceServicesScripting/TargetDeviceServicesScripting.uplugin" 233
"../../../Engine/Plugins/Experimental/ToolPresets/ToolPresets.uplugin" 234
"../../../Engine/Plugins/Experimental/UIFramework/UIFramework.uplugin" 235
"../../../Engine/Plugins/Experimental/UserToolBoxBasicCommand/UserToolBoxBasicCommand.uplugin" 236
"../../../Engine/Plugins/Experimental/UserToolBoxCore/UserToolBoxCore.uplugin" 237
"../../../Engine/Plugins/Experimental/VirtualHeightfieldMesh/VirtualHeightfieldMesh.uplugin" 238
"../../../Engine/Plugins/Experimental/VirtualProductionUtilities/VirtualProductionUtilities.uplugin" 239
"../../../Engine/Plugins/Experimental/Water/Water.uplugin" 240
"../../../Engine/Plugins/Experimental/Tensorboard/Tensorboard.uplugin" 241
"../../../Engine/Plugins/Experimental/SpatialReadiness/SpatialReadiness.uplugin" 242
"../../../Engine/Plugins/Experimental/WidgetEditorToolPalette/WidgetEditorToolPalette.uplugin" 243
"../../../Engine/Plugins/Experimental/Workspace/Workspace.uplugin" 244
"../../../Engine/Plugins/Experimental/SerializationUtils/SerializationUtils.uplugin" 245
"../../../Engine/Plugins/Experimental/Volumetrics/Volumetrics.uplugin" 246
"../../../Engine/Plugins/Experimental/TechAudioTools/TechAudioTools.uplugin" 247
"../../../Engine/Plugins/Experimental/WaterAdvanced/WaterAdvanced.uplugin" 248
"../../../Engine/Plugins/MovieScene/CustomizableSequencerTracks/CustomizableSequencerTracks.uplugin" 249
"../../../Engine/Plugins/Experimental/WaterExtras/WaterExtras.uplugin" 250
"../../../Engine/Plugins/MovieScene/LevelSequenceEditor/LevelSequenceEditor.uplugin" 251
"../../../Engine/Plugins/MovieScene/MoviePipelineMaskRenderPass/MoviePipelineMaskRenderPass.uplugin" 252
"../../../Engine/Plugins/Experimental/WebSocketNetworking/WebSocketNetworking.uplugin" 253
"../../../Engine/Plugins/MovieScene/ReplayTracks/ReplayTracks.uplugin" 254
"../../../Engine/Plugins/MovieScene/SequencerScripting/SequencerScripting.uplugin" 255
"../../../Engine/Plugins/Experimental/WebSocketMessaging/WebSocketMessaging.uplugin" 256
"../../../Engine/Plugins/MovieScene/SequenceValidator/SequenceValidator.uplugin" 257
"../../../Engine/Plugins/PCGInterops/PCGExternalDataInterop/PCGExternalDataInterop.uplugin" 258
"../../../Engine/Plugins/Runtime/ADM/ADM.uplugin" 259
"../../../Engine/Plugins/PCGInterops/PCGPythonInterop/PCGPythonInterop.uplugin" 260
"../../../Engine/Plugins/Experimental/WaveFunctionCollapse/WaveFunctionCollapse.uplugin" 261
"../../../Engine/Plugins/Experimental/TetMeshing/TetMeshing.uplugin" 262
"../../../Engine/Plugins/MovieScene/ActorSequence/ActorSequence.uplugin" 263
"../../../Engine/Plugins/Runtime/AndroidFileServer/AndroidFileServer.uplugin" 264
"../../../Engine/Plugins/Runtime/AnimationBudgetAllocator/AnimationBudgetAllocator.uplugin" 265
"../../../Engine/Plugins/MovieScene/MovieRenderPipeline/MovieRenderPipeline.uplugin" 266
"../../../Engine/Plugins/Runtime/AndroidBackgroundService/AndroidBackgroundService.uplugin" 267
"../../../Engine/Plugins/Experimental/XRCreativeFramework/XRCreativeFramework.uplugin" 268
"../../../Engine/Plugins/MovieScene/MovieSceneTextTrack/MovieSceneTextTrack.uplugin" 269
"../../../Engine/Plugins/Runtime/ApexDestruction/ApexDestruction.uplugin" 270
"../../../Engine/Plugins/Runtime/AndroidDeviceProfileSelector/AndroidDeviceProfileSelector.uplugin" 271
"../../../Engine/Plugins/Runtime/AppleMoviePlayer/AppleMoviePlayer.uplugin" 272
"../../../Engine/Plugins/MovieScene/TemplateSequence/TemplateSequence.uplugin" 273
"../../../Engine/Plugins/Runtime/AppleImageUtils/AppleImageUtils.uplugin" 274
"../../../Engine/Plugins/Runtime/ArchVisCharacter/ArchVisCharacter.uplugin" 275
"../../../Engine/Plugins/Runtime/ActorLayerUtilities/ActorLayerUtilities.uplugin" 276
"../../../Engine/Plugins/PCGInterops/PCGGeometryScriptInterop/PCGGeometryScriptInterop.uplugin" 277
"../../../Engine/Plugins/Runtime/AudioWidgets/AudioWidgets.uplugin" 278
"../../../Engine/Plugins/Runtime/AudioSynesthesia/AudioSynesthesia.uplugin" 279
"../../../Engine/Plugins/Runtime/AudioCapture/AudioCapture.uplugin" 280
"../../../Engine/Plugins/Runtime/AndroidMoviePlayer/AndroidMoviePlayer.uplugin" 281
"../../../Engine/Plugins/Runtime/AudioModulation/AudioModulation.uplugin" 282
"../../../Engine/Plugins/Runtime/AssetTags/AssetTags.uplugin" 283
"../../../Engine/Plugins/Runtime/AudioMotorSim/AudioMotorSim.uplugin" 284
"../../../Engine/Plugins/Runtime/AndroidPermission/AndroidPermission.uplugin" 285
"../../../Engine/Plugins/Runtime/ChunkDownloader/ChunkDownloader.uplugin" 286
"../../../Engine/Plugins/Runtime/CommonUI/CommonUI.uplugin" 287
"../../../Engine/Plugins/Runtime/CableComponent/CableComponent.uplugin" 288
"../../../Engine/Plugins/Runtime/DataRegistry/DataRegistry.uplugin" 289
"../../../Engine/Plugins/Runtime/ExampleDeviceProfileSelector/ExampleDeviceProfileSelector.uplugin" 290
"../../../Engine/Plugins/Runtime/ComputeFramework/ComputeFramework.uplugin" 291
"../../../Engine/Plugins/Runtime/GameFeatures/GameFeatures.uplugin" 292
"../../../Engine/Plugins/Runtime/CustomMeshComponent/CustomMeshComponent.uplugin" 293
"../../../Engine/Plugins/Runtime/GameInput/GameInput.uplugin" 294
"../../../Engine/Plugins/Runtime/Firebase/Firebase.uplugin" 295
"../../../Engine/Plugins/Runtime/GameplayBehaviorSmartObjects/GameplayBehaviorSmartObjects.uplugin" 296
"../../../Engine/Plugins/Runtime/GameplayInteractions/GameplayInteractions.uplugin" 297
"../../../Engine/Plugins/Runtime/GeometryCache/GeometryCache.uplugin" 298
"../../../Engine/Plugins/Runtime/GeoReferencing/GeoReferencing.uplugin" 299
"../../../Engine/Plugins/Runtime/GeometryProcessing/GeometryProcessing.uplugin" 300
"../../../Engine/Plugins/Runtime/GooglePAD/GooglePAD.uplugin" 301
"../../../Engine/Plugins/Runtime/GameplayStateTree/GameplayStateTree.uplugin" 302
"../../../Engine/Plugins/Runtime/GameplayAbilities/GameplayAbilities.uplugin" 303
"../../../Engine/Plugins/Runtime/GeometryScripting/GeometryScripting.uplugin" 304
"../../../Engine/Plugins/Runtime/InputDebugging/InputDebugging.uplugin" 305
"../../../Engine/Plugins/Runtime/HPMotionController/HPMotionController.uplugin" 306
"../../../Engine/Plugins/Runtime/HDRIBackdrop/HDRIBackdrop.uplugin" 307
"../../../Engine/Plugins/Runtime/InstancedActors/InstancedActors.uplugin" 308
"../../../Engine/Plugins/Runtime/GoogleCloudMessaging/GoogleCloudMessaging.uplugin" 309
"../../../Engine/Plugins/Runtime/HTTPChunkInstaller/HTTPChunkInstaller.uplugin" 310
"../../../Engine/Plugins/Runtime/LevelStreamingPersistence/LevelStreamingPersistence.uplugin" 311
"../../../Engine/Plugins/Runtime/IOSDeviceProfileSelector/IOSDeviceProfileSelector.uplugin" 312
"../../../Engine/Plugins/Runtime/LiveLinkOvernDisplay/LiveLinkOverNDisplay.uplugin" 313
"../../../Engine/Plugins/Runtime/LocationServicesAndroidImpl/LocationServicesAndroidImpl.uplugin" 314
"../../../Engine/Plugins/Runtime/HairStrands/HairStrands.uplugin" 315
"../../../Engine/Plugins/Runtime/Harmonix/Harmonix.uplugin" 316
"../../../Engine/Plugins/Runtime/LocationServicesBPLibrary/LocationServicesBPLibrary.uplugin" 317
"../../../Engine/Plugins/Runtime/LocationServicesIOSImpl/LocationServicesIOSImpl.uplugin" 318
"../../../Engine/Plugins/Runtime/MassEntity/MassEntity.uplugin" 319
"../../../Engine/Plugins/Runtime/IOSReplayKit/IOSReplayKit.uplugin" 320
"../../../Engine/Plugins/Runtime/MeshModelingToolset/MeshModelingToolset.uplugin" 321
"../../../Engine/Plugins/Runtime/MassGameplay/MassGameplay.uplugin" 322
"../../../Engine/Plugins/Runtime/Metasound/Metasound.uplugin" 323
"../../../Engine/Plugins/Runtime/MixedRealityCaptureFramework/MixedRealityCaptureFramework.uplugin" 324
"../../../Engine/Plugins/Runtime/ModelViewViewModel/ModelViewViewModel.uplugin" 325
"../../../Engine/Plugins/Runtime/MIDIDevice/MIDIDevice.uplugin" 326
"../../../Engine/Plugins/Runtime/MsQuic/MsQuic.uplugin" 327
"../../../Engine/Plugins/Runtime/MicrosoftSpatialAudio/MicroSoftSpatialSound.uplugin" 328
"../../../Engine/Plugins/Runtime/MusicEnvironment/MusicEnvironment.uplugin" 329
"../../../Engine/Plugins/Runtime/nDisplay/nDisplay.uplugin" 330
"../../../Engine/Plugins/Runtime/nDisplayModularFeatures/nDisplayModularFeatures.uplugin" 331
"../../../Engine/Plugins/Runtime/NetworkPrediction/NetworkPrediction.uplugin" 332
"../../../Engine/Plugins/Runtime/LinuxDeviceProfileSelector/LinuxDeviceProfileSelector.uplugin" 333
"../../../Engine/Plugins/Runtime/OpenCV/OpenCV.uplugin" 334
"../../../Engine/Plugins/Runtime/OpenXR/OpenXR.uplugin" 335
"../../../Engine/Plugins/Runtime/OpenXREyeTracker/OpenXREyeTracker.uplugin" 336
"../../../Engine/Plugins/Runtime/NetworkPredictionExtras/NetworkPredictionExtras.uplugin" 337
"../../../Engine/Plugins/Runtime/OpenXRViveTracker/OpenXRViveTracker.uplugin" 338
"../../../Engine/Plugins/Runtime/OpenXRHandTracking/OpenXRHandTracking.uplugin" 339
"../../../Engine/Plugins/Runtime/NavCorridor/NavCorridor.uplugin" 340
"../../../Engine/Plugins/Runtime/OpenXRMsftHandInteraction/OpenXRMsftHandInteraction.uplugin" 341
"../../../Engine/Plugins/Runtime/MultiServerReplication/MultiServerReplication.uplugin" 342
"../../../Engine/Plugins/Runtime/OptionalMobileFeaturesBPLibrary/OptionalMobileFeaturesBPLibrary.uplugin" 343
"../../../Engine/Plugins/Runtime/OSC/OSC.uplugin" 344
"../../../Engine/Plugins/Runtime/MobilePatchingUtils/MobilePatchingUtils.uplugin" 345
"../../../Engine/Plugins/Runtime/ProceduralMeshComponent/ProceduralMeshComponent.uplugin" 346
"../../../Engine/Plugins/Runtime/PropertyAccess/PropertyAccessEditor.uplugin" 347
"../../../Engine/Plugins/Runtime/PreLoadScreenMoviePlayer/PreLoadScreenMoviePlayer.uplugin" 348
"../../../Engine/Plugins/Runtime/RenderTrace/RenderTrace.uplugin" 349
"../../../Engine/Plugins/Runtime/SmartObjects/SmartObjects.uplugin" 350
"../../../Engine/Plugins/Runtime/ReplicationSystemTestPlugin/ReplicationSystemTestPlugin.uplugin" 351
"../../../Engine/Plugins/Runtime/ModularGameplay/ModularGameplay.uplugin" 352
"../../../Engine/Plugins/Runtime/ResonanceAudio/ResonanceAudio.uplugin" 353
"../../../Engine/Plugins/Runtime/SignificanceManager/SignificanceManager.uplugin" 354
"../../../Engine/Plugins/Runtime/ScriptableToolsFramework/ScriptableToolsFramework.uplugin" 355
"../../../Engine/Plugins/Runtime/SkeletalMerging/SkeletalMerging.uplugin" 356
"../../../Engine/Plugins/Runtime/SoundFields/SoundFields.uplugin" 357
"../../../Engine/Plugins/Runtime/SoundCueTemplates/SoundCueTemplates.uplugin" 358
"../../../Engine/Plugins/Runtime/SoundMod/SoundMod.uplugin" 359
"../../../Engine/Plugins/Runtime/NetworkPredictionInsights/NetworkPredictionInsights.uplugin" 360
"../../../Engine/Plugins/Runtime/Soundscape/Soundscape.uplugin" 361
"../../../Engine/Plugins/Runtime/SoundUtilities/SoundUtilities.uplugin" 362
"../../../Engine/Plugins/Runtime/ReplicationGraph/ReplicationGraph.uplugin" 363
"../../../Engine/Plugins/Runtime/StateTree/StateTree.uplugin" 364
"../../../Engine/Plugins/Runtime/Spatialization/Spatialization.uplugin" 365
"../../../Engine/Plugins/Runtime/SunPosition/SunPosition.uplugin" 366
"../../../Engine/Plugins/Runtime/USDCore/USDCore.uplugin" 367
"../../../Engine/Plugins/Runtime/WarpUtils/WarpUtils.uplugin" 368
"../../../Engine/Plugins/Runtime/WebBrowserWidget/WebBrowserWidget.uplugin" 369
"../../../Engine/Plugins/Runtime/WaveTable/WaveTable.uplugin" 370
"../../../Engine/Plugins/Runtime/WebBrowserNativeProxy/WebBrowserNativeProxy.uplugin" 371
"../../../Engine/Plugins/Runtime/WindowsDeviceProfileSelector/WindowsDeviceProfileSelector.uplugin" 372
"../../../Engine/Plugins/Runtime/WorldConditions/WorldConditions.uplugin" 373
"../../../Engine/Plugins/Runtime/WindowsMoviePlayer/WindowsMoviePlayer.uplugin" 374
"../../../Engine/Plugins/Runtime/XRBase/XRBase.uplugin" 375
"../../../Engine/Plugins/Editor/AssetManagerEditor/AssetManagerEditor.uplugin" 376
"../../../Engine/Plugins/Runtime/ZoneGraphAnnotations/ZoneGraphAnnotations.uplugin" 377
"../../../Engine/Plugins/Editor/AssetRegistryExport/AssetRegistryExport.uplugin" 378
"../../../Engine/Plugins/Runtime/Synthesis/Synthesis.uplugin" 379
"../../../Engine/Plugins/Editor/BlueprintHeaderView/BlueprintHeaderView.uplugin" 380
"../../../Engine/Plugins/Editor/AssetReferenceRestrictions/AssetReferenceRestrictions.uplugin" 381
"../../../Engine/Plugins/Runtime/ExternalGPUStatistics/ExternalGPUStatistics.uplugin" 382
"../../../Engine/Plugins/Editor/ChangelistReview/ChangelistReview.uplugin" 383
"../../../Engine/Plugins/Editor/BlueprintMaterialTextureNodes/BlueprintMaterialTextureNodes.uplugin" 384
"../../../Engine/Plugins/Runtime/ZoneGraph/ZoneGraph.uplugin" 385
"../../../Engine/Plugins/Editor/CurveEditorTools/CurveEditorTools.uplugin" 386
"../../../Engine/Plugins/Editor/DataValidation/DataValidation.uplugin" 387
"../../../Engine/Plugins/Editor/EditorDebugTools/EditorDebugTools.uplugin" 388
"../../../Engine/Plugins/Editor/EditorScriptingUtilities/EditorScriptingUtilities.uplugin" 389
"../../../Engine/Plugins/Editor/ConsoleVariablesEditor/ConsoleVariables.uplugin" 390
"../../../Engine/Plugins/Editor/GuidedTutorials/GuidedTutorials.uplugin" 391
"../../../Engine/Plugins/Editor/AssetSearch/AssetSearch.uplugin" 392
"../../../Engine/Plugins/Editor/EditorSysConfigAssistant/EditorSysConfigAssistant.uplugin" 393
"../../../Engine/Plugins/Editor/CryptoKeys/CryptoKeys.uplugin" 394
"../../../Engine/Plugins/Editor/ColorGrading/ColorGrading.uplugin" 395
"../../../Engine/Plugins/Editor/GeometryMode/GeometryMode.uplugin" 396
"../../../Engine/Plugins/Editor/GameplayTagsEditor/GameplayTagsEditor.uplugin" 397
"../../../Engine/Plugins/Editor/LiveUpdateForSlate/LiveUpdateForSlate.uplugin" 398
"../../../Engine/Plugins/Editor/LandscapePatch/LandscapePatch.uplugin" 399
"../../../Engine/Plugins/Runtime/RigVM/RigVM.uplugin" 400
"../../../Engine/Plugins/Runtime/WebMMoviePlayer/WebMMoviePlayer.uplugin" 401
"../../../Engine/Plugins/Editor/MaterialAnalyzer/MaterialAnalyzer.uplugin" 402
"../../../Engine/Plugins/Editor/MobileLauncherProfileWizard/MobileLauncherProfileWizard.uplugin" 403
"../../../Engine/Plugins/Editor/MakeCookedEditorAsDLC/MakeCookedEditorAsDLC.uplugin" 404
"../../../Engine/Plugins/Editor/ModelingToolsEditorMode/ModelingToolsEditorMode.uplugin" 405
"../../../Engine/Plugins/Editor/MeshLODToolset/MeshLODToolset.uplugin" 406
"../../../Engine/Plugins/Editor/PluginBrowser/PluginBrowser.uplugin" 407
"../../../Engine/Plugins/Editor/SampleToolsEditorMode/SampleToolsEditorMode.uplugin" 408
"../../../Engine/Plugins/Editor/SpeedTreeImporter/SpeedTreeImporter.uplugin" 409
"../../../Engine/Plugins/Editor/DisplayClusterLaunch/DisplayClusterLaunch.uplugin" 410
"../../../Engine/Plugins/Editor/StaticMeshEditorModeling/StaticMeshEditorModeling.uplugin" 411
"../../../Engine/Plugins/Editor/UMGWidgetPreview/UMGWidgetPreview.uplugin" 412
"../../../Engine/Plugins/Editor/FacialAnimation/FacialAnimation.uplugin" 413
"../../../Engine/Plugins/Editor/ScriptableToolsEditorMode/ScriptableToolsEditorMode.uplugin" 414
"../../../Engine/Plugins/Editor/WaveformEditor/WaveformEditor.uplugin" 415
"../../../Engine/Plugins/Editor/SequencerAnimTools/SequencerAnimTools.uplugin" 416
"../../../Engine/Plugins/FX/Cascade/Cascade.uplugin" 417
"../../../Engine/Plugins/FX/CascadeToNiagaraConverter/CascadeToNiagaraConverter.uplugin" 418
"../../../Engine/Plugins/Editor/MacGraphicsSwitching/MacGraphicsSwitching.uplugin" 419
"../../../Engine/Plugins/Editor/StylusInput/StylusInput.uplugin" 420
"../../../Engine/Plugins/Runtime/PropertyBindingUtils/PropertyBindingUtils.uplugin" 421
"../../../Engine/Plugins/Marketplace/FabLauncher/FabLauncher.uplugin" 422
"../../../Engine/Plugins/FX/NiagaraNanite/NiagaraNanite.uplugin" 423
"../../../Engine/Plugins/MetaHuman/MetaHumanAnimator/MetaHuman.uplugin" 424
"../../../Engine/Plugins/Editor/ProxyLODPlugin/ProxyLODPlugin.uplugin" 425
"../../../Engine/Plugins/FX/NiagaraPreviewContent/NiagaraPreviewContent.uplugin" 426
"../../../Engine/Plugins/FX/NiagaraFluids/NiagaraFluids.uplugin" 427
"../../../Engine/Plugins/MetaHuman/MetaHumanCalibrationProcessing/MetaHumanCalibrationProcessing.uplugin" 428
"../../../Engine/Plugins/Editor/ModelViewViewModelPreview/ModelViewViewModelPreview.uplugin" 429
"../../../Engine/Plugins/FX/ExampleCustomDataInterface/ExampleCustomDataInterface.uplugin" 430
"../../../Engine/Plugins/FX/NiagaraMRQ/NiagaraMRQ.uplugin" 431
"../../../Engine/Plugins/MetaHuman/MetaHumanLiveLink/MetaHumanLiveLink.uplugin" 432
"../../../Engine/Plugins/MetaHuman/MetaHumanSDK/MetaHumanSDK.uplugin" 433
"../../../Engine/Plugins/MetaHuman/MetaHumanCharacter/MetaHumanCharacter.uplugin" 434
"../../../Engine/Plugins/Online/EOSOverlayInputProvider/EOSOverlayInputProvider.uplugin" 435
"../../../Engine/Plugins/FX/Niagara/Niagara.uplugin" 436
"../../../Engine/Plugins/Editor/UVEditor/UVEditor.uplugin" 437
"../../../Engine/Plugins/MetaHuman/MetaHumanCoreTechLib/MetaHumanCoreTech.uplugin" 438
"../../../Engine/Plugins/Online/EOSShared/EOSShared.uplugin" 439
"../../../Engine/Plugins/Online/OnlineFramework/OnlineFramework.uplugin" 440
"../../../Engine/Plugins/Online/OnlineFrameworkCommon/OnlineFrameworkCommon.uplugin" 441
"../../../Engine/Plugins/Online/OnlineServicesEOSGS/OnlineServicesEOSGS.uplugin" 442
"../../../Engine/Plugins/FX/NiagaraSimCaching/NiagaraSimCaching.uplugin" 443
"../../../Engine/Plugins/Online/OnlineServices/OnlineServices.uplugin" 444
"../../../Engine/Plugins/Online/OnlineBase/OnlineBase.uplugin" 445
"../../../Engine/Plugins/Online/OnlineServicesNull/OnlineServicesNull.uplugin" 446
"../../../Engine/Plugins/Editor/EngineAssetDefinitions/EngineAssetDefinitions.uplugin" 447
"../../../Engine/Plugins/Online/OnlineSubsystemGoogle/OnlineSubsystemGoogle.uplugin" 448
"../../../Engine/Plugins/Online/OnlineSubsystemAmazon/OnlineSubsystemAmazon.uplugin" 449
"../../../Engine/Plugins/Online/OnlineSubsystemEOS/OnlineSubsystemEOS.uplugin" 450
"../../../Engine/Plugins/Online/OnlineSubsystemApple/OnlineSubsystemApple.uplugin" 451
"../../../Engine/Plugins/Online/OnlineSubsystemSteam/OnlineSubsystemSteam.uplugin" 452
"../../../Engine/Plugins/Online/SocketSubsystemEOS/SocketSubsystemEOS.uplugin" 453
"../../../Engine/Plugins/Editor/WorldPartitionHLODUtilities/WorldPartitionHLODUtilities.uplugin" 454
"../../../Engine/Plugins/Online/SocketSubsystemSteamIP/SocketSubsystemSteamIP.uplugin" 455
"../../../Engine/Plugins/Online/OnlineSubsystemNull/OnlineSubsystemNull.uplugin" 456
"../../../Engine/Plugins/Online/OnlineSubsystemUtils/OnlineSubsystemUtils.uplugin" 457
"../../../Engine/Plugins/Online/WebAuth/WebAuth.uplugin" 458
"../../../Engine/Plugins/NetcodeUnitTest/NetcodeUnitTest/NetcodeUnitTest.uplugin" 459
"../../../Engine/Plugins/Online/OnlineSubsystemTencent/OnlineSubsystemTencent.uplugin" 460
"../../../Engine/Plugins/NetcodeUnitTest/NUTUnrealEngine/NUTUnrealEngine.uplugin" 461
"../../../Engine/Plugins/Protocols/MQTT/MQTT.uplugin" 462
"../../../Engine/Plugins/Tests/CQTest/CQTest.uplugin" 463
"../../../Engine/Plugins/Performance/PerformanceMonitor/PerformanceMonitor.uplugin" 464
"../../../Engine/Plugins/Tests/AudioCQTests/AudioCQTests.uplugin" 465
"../../../Engine/Plugins/Tests/AutomationDriverTests/AutomationDriverTests.uplugin" 466
"../../../Engine/Plugins/Web/HttpBlueprint/HttpBlueprint.uplugin" 467
"../../../Engine/Plugins/Tests/CQTestEnhancedInput/CQTestEnhancedInput.uplugin" 468
"../../../Engine/Plugins/Performance/AutomatedPerfTesting/AutomatedPerfTesting.uplugin" 469
"../../../Engine/Plugins/Tests/CQTestExperimental/CQTestExperimental.uplugin" 470
"../../../Engine/Plugins/Tests/FbxAutomationTestBuilder/FbxAutomationTestBuilder.uplugin" 471
"../../../Engine/Plugins/Slate/SlateScripting/SlateScripting.uplugin" 472
"../../../Engine/Plugins/Tests/PythonAutomationTest/PythonAutomationTest.uplugin" 473
"../../../Engine/Plugins/Tests/InterchangeTests/InterchangeTests.uplugin" 474
"../../../Engine/Plugins/Tests/RHITests/RHITests.uplugin" 475
"../../../Engine/Plugins/Tests/RuntimeTests/RuntimeTests.uplugin" 476
"../../../Engine/Plugins/Tests/TestSamples/TestSamples.uplugin" 477
"../../../Engine/Plugins/Tests/EditorTests/EditorTests.uplugin" 478
"../../../Engine/Plugins/VirtualProduction/AvalancheSceneState/AvalancheSceneState.uplugin" 479
"../../../Engine/Plugins/Tests/FunctionalTestingEditor/FunctionalTestingEditor.uplugin" 480
"../../../Engine/Plugins/VirtualProduction/ActorModifierCore/ActorModifierCore.uplugin" 481
"../../../Engine/Plugins/VirtualProduction/ActorModifier/ActorModifier.uplugin" 482
"../../../Engine/Plugins/Online/OnlineSubsystem/OnlineSubsystem.uplugin" 483
"../../../Engine/Plugins/Tests/WidgetAutomationTests/WidgetAutomationTests.uplugin" 484
"../../../Engine/Plugins/Slate/SlateInsights/SlateInsights.uplugin" 485
"../../../Engine/Plugins/VirtualProduction/CaptureData/CaptureData.uplugin" 486
"../../../Engine/Plugins/VirtualProduction/CameraCalibrationML/CameraCalibrationML.uplugin" 487
"../../../Engine/Plugins/Tests/TestFramework/TestFramework.uplugin" 488
"../../../Engine/Plugins/VirtualProduction/ClonerEffector/ClonerEffector.uplugin" 489
"../../../Engine/Plugins/VirtualProduction/CustomDetailsView/CustomDetailsView.uplugin" 490
"../../../Engine/Plugins/VirtualProduction/AvalancheDataLink/AvalancheDataLink.uplugin" 491
"../../../Engine/Plugins/VirtualProduction/CinematicAssemblyTools/CinematicAssemblyTools.uplugin" 492
"../../../Engine/Plugins/VirtualProduction/Avalanche/Avalanche.uplugin" 493
"../../../Engine/Plugins/VirtualProduction/DataLink/DataLink.uplugin" 494
"../../../Engine/Plugins/VirtualProduction/DataLinkOAuth/DataLinkOAuth.uplugin" 495
"../../../Engine/Plugins/VirtualProduction/DataCharts/DataCharts.uplugin" 496
"../../../Engine/Plugins/VirtualProduction/GeometryMask/GeometryMask.uplugin" 497
"../../../Engine/Plugins/VirtualProduction/CompositePlane/CompositePlane.uplugin" 498
"../../../Engine/Plugins/VirtualProduction/LiveLinkCamera/LiveLinkCamera.uplugin" 499
"../../../Engine/Plugins/VirtualProduction/LiveLinkFreeD/LiveLinkFreeD.uplugin" 500
"../../../Engine/Plugins/Online/OnlineServicesEpicCommon/OnlineServicesEpicCommon.uplugin" 501
"../../../Engine/Plugins/VirtualProduction/LevelSnapshots/LevelSnapshots.uplugin" 502
"../../../Engine/Plugins/VirtualProduction/DynamicMaterial/DynamicMaterial.uplugin" 503
"../../../Engine/Plugins/VirtualProduction/CameraCalibrationCore/CameraCalibrationCore.uplugin" 504
"../../../Engine/Plugins/VirtualProduction/LensComponent/LensComponent.uplugin" 505
"../../../Engine/Plugins/VirtualProduction/ICVFXTesting/ICVFXTesting.uplugin" 506
"../../../Engine/Plugins/VirtualProduction/LiveLinkMasterLockit/LiveLinkMasterLockit.uplugin" 507
"../../../Engine/Plugins/VirtualProduction/CameraCalibration/CameraCalibration.uplugin" 508
"../../../Engine/Plugins/VirtualProduction/LiveLinkXR/LiveLinkXR.uplugin" 509
"../../../Engine/Plugins/VirtualProduction/LiveLinkLens/LiveLinkLens.uplugin" 510
"../../../Engine/Plugins/VirtualProduction/LiveLinkPrestonMDR/LiveLinkPrestonMDR.uplugin" 511
"../../../Engine/Plugins/VirtualProduction/EpicStageApp/EpicStageApp.uplugin" 512
"../../../Engine/Plugins/VirtualProduction/MultiUserTakes/MultiUserTakes.uplugin" 513
"../../../Engine/Plugins/VirtualProduction/PropertyAnimator/PropertyAnimator.uplugin" 514
"../../../Engine/Plugins/VirtualProduction/LiveLinkVRPN/LiveLinkVRPN.uplugin" 515
"../../../Engine/Plugins/Online/OnlineServicesEOS/OnlineServicesEOS.uplugin" 516
"../../../Engine/Plugins/VirtualProduction/RemoteControl/RemoteControl.uplugin" 517
"../../../Engine/Plugins/VirtualProduction/OperatorStack/OperatorStack.uplugin" 518
"../../../Engine/Plugins/Online/OnlineSubsystemFacebook/OnlineSubsystemFacebook.uplugin" 519
"../../../Engine/Plugins/VirtualProduction/LiveLinkInputDevice/LiveLinkInputDevice.uplugin" 520
"../../../Engine/Plugins/VirtualProduction/PerformanceCaptureWorkflow/PerformanceCaptureWorkflow.uplugin" 521
"../../../Engine/Plugins/VirtualProduction/RemoteControlProtocolDMX/RemoteControlProtocolDMX.uplugin" 522
"../../../Engine/Plugins/VirtualProduction/RemoteControlInterception/RemoteControlInterception.uplugin" 523
"../../../Engine/Plugins/VirtualProduction/SequencerPlaylists/SequencerPlaylists.uplugin" 524
"../../../Engine/Plugins/VirtualProduction/StageMonitoring/StageMonitoring.uplugin" 525
"../../../Engine/Plugins/VirtualProduction/RemoteControlProtocolMIDI/RemoteControlProtocolMIDI.uplugin" 526
"../../../Engine/Plugins/VirtualProduction/ICVFX/ICVFX.uplugin" 527
"../../../Engine/Plugins/VirtualProduction/RemoteControlWebInterface/RemoteControlWebInterface.uplugin" 528
"../../../Engine/Plugins/Online/OnlineServicesOSSAdapter/OnlineServicesOSSAdapter.uplugin" 529
"../../../Engine/Plugins/VirtualProduction/StormSync/StormSync.uplugin" 530
"../../../Engine/Plugins/VirtualProduction/StormSyncAvalancheBridge/StormSyncAvalancheBridge.uplugin" 531
"../../../Engine/Plugins/VirtualProduction/SceneStateDataLink/SceneStateDataLink.uplugin" 532
"../../../Engine/Plugins/VirtualProduction/SceneState/SceneState.uplugin" 533
"../../../Engine/Plugins/VirtualProduction/SVGImporter/SVGImporter.uplugin" 534
"../../../Engine/Plugins/VirtualProduction/Switchboard/Switchboard.uplugin" 535
"../../../Engine/Plugins/VirtualProduction/Text3D/Text3D.uplugin" 536
"../../../Engine/Plugins/VirtualProduction/VirtualCameraCore/VirtualCameraCore.uplugin" 537
"../../../Engine/Plugins/VirtualProduction/PropertyAnimatorCore/PropertyAnimatorCore.uplugin" 538
"../../../Engine/Plugins/VirtualProduction/RemoteControlProtocolOSC/RemoteControlProtocolOSC.uplugin" 539
"../../../Engine/Plugins/VirtualProduction/Takes/Takes.uplugin" 540
"../../../Engine/Plugins/AI/AISupport/AISupport.uplugin" 541
"../../../Engine/Plugins/AI/MassCrowd/MassCrowd.uplugin" 542
"../../../Engine/Plugins/AI/EnvironmentQueryEditor/EnvironmentQueryEditor.uplugin" 543
"../../../Engine/Plugins/VirtualProduction/TextureShare/TextureShare.uplugin" 544
"../../../Engine/Plugins/VirtualProduction/VirtualScouting/VirtualScouting.uplugin" 545
"../../../Engine/Plugins/AI/MassAI/MassAI.uplugin" 546
"../../../Engine/Plugins/AI/MLAdapter/MLAdapter.uplugin" 547
"../../../Engine/Plugins/2D/Paper2D/Paper2D.uplugin" 548
"../../../Engine/Plugins/VirtualProduction/LiveLinkOpenTrackIO/LiveLinkOpenTrackIO.uplugin" 549
"../../../Engine/Plugins/Animation/AnimationData/AnimationData.uplugin" 550
"../../../Engine/Plugins/Animation/AnimationLocomotionLibrary/AnimationLocomotionLibrary.uplugin" 551
"../../../Engine/Plugins/Animation/ACLPlugin/ACLPlugin.uplugin" 552
"../../../Engine/Plugins/AI/HTNPlanner/HTNPlanner.uplugin" 553
"../../../Engine/Plugins/Animation/AnimationWarping/AnimationWarping.uplugin" 554
"../../../Engine/Plugins/Animation/AnimatorKit/AnimatorKit.uplugin" 555
"../../../Engine/Plugins/Animation/BlendSpaceMotionAnalysis/BlendSpaceMotionAnalysis.uplugin" 556
"../../../Engine/Plugins/Animation/BlendStack/BlendStack.uplugin" 557
"../../../Engine/Plugins/Animation/ControlRigModules/ControlRigModules.uplugin" 558
"../../../Engine/Plugins/Animation/ControlRigSpline/ControlRigSpline.uplugin" 559
"../../../Engine/Plugins/Animation/GeneSplicer/GeneSplicer.uplugin" 560
"../../../Engine/Plugins/Animation/EaseCurveTool/EaseCurveTool.uplugin" 561
"../../../Engine/Plugins/Animation/DeformerGraph/DeformerGraph.uplugin" 562
"../../../Engine/Plugins/Animation/DNACalib/DNACalib.uplugin" 563
"../../../Engine/Plugins/Animation/IKRig/IKRig.uplugin" 564
"../../../Engine/Plugins/Animation/LiveLinkCurveDebugUI/LiveLinkCurveDebugUI.uplugin" 565
"../../../Engine/Plugins/Animation/LiveLinkExampleDevice/LiveLinkExampleDevice.uplugin" 566
"../../../Engine/Plugins/Animation/LiveLinkHub/LiveLinkHub.uplugin" 567
"../../../Engine/Plugins/Animation/GameplayInsights/GameplayInsights.uplugin" 568
"../../../Engine/Plugins/Animation/LiveLinkDevice/LiveLinkDevice.uplugin" 569
"../../../Engine/Plugins/VirtualProduction/VirtualCamera/VirtualCamera.uplugin" 570
"../../../Engine/Plugins/Animation/LiveLinkUnrealDevice/LiveLinkUnrealDevice.uplugin" 571
"../../../Engine/Plugins/Animation/PoseSearch/PoseSearch.uplugin" 572
"../../../Engine/Plugins/Animation/PerformanceCaptureCore/PerformanceCaptureCore.uplugin" 573
"../../../Engine/Plugins/Animation/MotionWarping/MotionWarping.uplugin" 574
"../../../Engine/Plugins/Animation/TweeningUtils/TweeningUtils.uplugin" 575
"../../../Engine/Plugins/Cameras/CameraShakePreviewer/CameraShakePreviewer.uplugin" 576
"../../../Engine/Plugins/Animation/RigLogic/RigLogic.uplugin" 577
"../../../Engine/Plugins/Animation/SkeletalMeshModelingTools/SkeletalMeshModelingTools.uplugin" 578
"../../../Engine/Plugins/Cameras/GameplayCameras/GameplayCameras.uplugin" 579
"../../../Engine/Plugins/Enterprise/AxFImporter/AxFImporter.uplugin" 580
"../../../Engine/Plugins/Enterprise/DataprepEditor/DataprepEditor.uplugin" 581
"../../../Engine/Plugins/Enterprise/DatasmithC4DImporter/DatasmithC4DImporter.uplugin" 582
"../../../Engine/Plugins/Enterprise/DatasmithCADImporter/DatasmithCADImporter.uplugin" 583
"../../../Engine/Plugins/Enterprise/DatasmithImporter/DatasmithImporter.uplugin" 584
"../../../Engine/Plugins/Enterprise/DatasmithFBXImporter/DatasmithFBXImporter.uplugin" 585
"../../../Engine/Plugins/Enterprise/LidarPointCloud/LidarPointCloud.uplugin" 586
"../../../Engine/Plugins/Enterprise/GLTFExporter/GLTFExporter.uplugin" 587
"../../../Engine/Plugins/Enterprise/MDLImporter/MDLImporter.uplugin" 588
"../../../Engine/Plugins/Compression/OodleNetwork/OodleNetwork.uplugin" 589
"../../../Engine/Plugins/Enterprise/VariantManagerContent/VariantManagerContent.uplugin" 590
"../../../Engine/Plugins/Animation/ControlRig/ControlRig.uplugin" 591
"../../../Engine/Plugins/Importers/AlembicHairImporter/AlembicHairImporter.uplugin" 592
"../../../Engine/Plugins/Importers/USDImporterMDL/USDImporterMDL.uplugin" 593
"../../../Engine/Plugins/Importers/USDImporter/USDImporter.uplugin" 594
"../../../Engine/Plugins/Importers/AlembicImporter/AlembicImporter.uplugin" 595
"../../../Engine/Plugins/Importers/USDMultiUser/USDMultiUser.uplugin" 596
"../../../Engine/Plugins/Animation/AnimationModifierLibrary/AnimationModifierLibrary.uplugin" 597
"../../../Engine/Plugins/Interchange/Assets/InterchangeAssets.uplugin" 598
"../../../Engine/Plugins/Interchange/Editor/InterchangeEditor.uplugin" 599
"../../../Engine/Plugins/Enterprise/VariantManager/VariantManager.uplugin" 600
"../../../Engine/Plugins/Interchange/Runtime/Interchange.uplugin" 601
"../../../Engine/Plugins/Media/AjaMedia/AjaMedia.uplugin" 602
"../../../Engine/Plugins/Media/AndroidCamera/AndroidCamera.uplugin" 603
"../../../Engine/Plugins/Media/BlackmagicMedia/BlackmagicMedia.uplugin" 604
"../../../Engine/Plugins/Media/AndroidMedia/AndroidMedia.uplugin" 605
"../../../Engine/Plugins/Animation/LiveLink/LiveLink.uplugin" 606
"../../../Engine/Plugins/Cameras/EngineCameras/EngineCameras.uplugin" 607
"../../../Engine/Plugins/Media/AvfMedia/AvfMedia.uplugin" 608
"../../../Engine/Plugins/Media/AvidDNxHDDecoderElectra/AvidDNxHDDecoderElectra.uplugin" 609
"../../../Engine/Plugins/Media/AppleProResMedia/AppleProResMedia.uplugin" 610
"../../../Engine/Plugins/Media/AvidDNxMedia/AvidDNxMedia.uplugin" 611
"../../../Engine/Plugins/Media/ElectraCDM/ElectraCDM.uplugin" 612
"../../../Engine/Plugins/Media/AudioCaptureTimecodeProvider/AudioCaptureTimecodeProvider.uplugin" 613
"../../../Engine/Plugins/Media/ElectraPlayer/ElectraPlayer.uplugin" 614
"../../../Engine/Plugins/Media/ElectraSubtitles/ElectraSubtitles.uplugin" 615
"../../../Engine/Plugins/Media/ElectraUtil/ElectraUtil.uplugin" 616
"../../../Engine/Plugins/Media/AppleProResDecoderElectra/AppleProResDecoderElectra.uplugin" 617
"../../../Engine/Plugins/Media/ImgMedia/ImgMedia.uplugin" 618
"../../../Engine/Plugins/Media/HAPMedia/HAPMedia.uplugin" 619
"../../../Engine/Plugins/Media/ElectraCodecs/ElectraCodecs.uplugin" 620
"../../../Engine/Plugins/Media/MediaCompositing/MediaCompositing.uplugin" 621
"../../../Engine/Plugins/Media/HAPDecoderElectra/HAPDecoderElectra.uplugin" 622
"../../../Engine/Plugins/Media/LinearTimecode/LinearTimecode.uplugin" 623
"../../../Engine/Plugins/Media/MediaMovieStreamer/MediaMovieStreamer.uplugin" 624
"../../../Engine/Plugins/Media/HardwareEncoders/HardwareEncoders.uplugin" 625
"../../../Engine/Plugins/Media/MediaPlate/MediaPlate.uplugin" 626
"../../../Engine/Plugins/Media/MediaViewer/MediaViewer.uplugin" 627
"../../../Engine/Plugins/Media/MediaPlayerEditor/MediaPlayerEditor.uplugin" 628
"../../../Engine/Plugins/Media/MfMedia/MfMedia.uplugin" 629
"../../../Engine/Plugins/Media/MediaIOFramework/MediaIOFramework.uplugin" 630
"../../../Engine/Plugins/Media/FlacDecoderElectra/FlacDecoderElectra.uplugin" 631
"../../../Engine/Plugins/Media/PixelStreaming2/PixelStreaming2.uplugin" 632
"../../../Engine/Plugins/Media/MJPEGDecoderElectra/MJPEGDecoderElectra.uplugin" 633
"../../../Engine/Plugins/Media/TimecodeSynchronizer/TimecodeSynchronizer.uplugin" 634
"../../../Engine/Plugins/Media/VPxDecoderElectra/VPxDecoderElectra.uplugin" 635
"../../../Engine/Plugins/Media/WebMMedia/WebMMedia.uplugin" 636
"../../../Engine/Plugins/Media/PixelCapture/PixelCapture.uplugin" 637
"../../../Engine/Plugins/Media/D3D12VideoDecodersElectra/D3D12VideoDecodersElectra.uplugin" 638
"../../../Engine/Plugins/Messaging/UdpMessaging/UdpMessaging.uplugin" 639
"../../../Engine/Plugins/Media/PixelStreaming/PixelStreaming.uplugin" 640
"../../../Engine/Plugins/Media/MediaFrameworkUtilities/MediaFrameworkUtilities.uplugin" 641
"../../../Engine/Plugins/Media/WmfMedia/WmfMedia.uplugin" 642
"../../../Engine/Plugins/Media/NDIMedia/NDIMedia.uplugin" 643
"../../../Engine/Plugins/Enterprise/DatasmithContent/DatasmithContent.uplugin" 644
"../../../Engine/Plugins/Messaging/TcpMessaging/TcpMessaging.uplugin" 645
"../../../Engine/Plugins/Messaging/MessagingDebugger/MessagingDebugger.uplugin" 646
"../../../Engine/Plugins/NNE/NNERuntimeORT/NNERuntimeORT.uplugin" 647
"../../../Engine/Plugins/Portal/LauncherChunkInstaller/LauncherChunkInstaller.uplugin" 648
"../../../Engine/Plugins/Media/OpusDecoderElectra/OpusDecoderElectra.uplugin" 649
"../../../Engine/Plugins/VirtualProduction/TimedDataMonitor/TimedDataMonitor.uplugin" 650
"../../../Engine/Plugins/NNE/NNEDenoiser/NNEDenoiser.uplugin" 651
"../../../Engine/Plugins/Media/BinkMedia/BinkMedia.uplugin" 652
"../../../Engine/Plugins/Experimental/Animation/ContextualAnimation/ContextualAnimation.uplugin" 653
"../../../Engine/Plugins/Experimental/Animation/Locomotor/Locomotor.uplugin" 654
"../../../Engine/Plugins/Experimental/Animation/HierarchyTableAnimation/HierarchyTableAnimation.uplugin" 655
"../../../Engine/Plugins/Experimental/Animation/MotionTrajectory/MotionTrajectory.uplugin" 656
"../../../Engine/Plugins/Experimental/Animation/RigMapperOp/RigMapperOp.uplugin" 657
"../../../Engine/Plugins/Experimental/Animation/Optimus/Optimus.uplugin" 658
"../../../Engine/Plugins/Experimental/Animation/RelativeIKOp/RelativeIKOp.uplugin" 659
"../../../Engine/Plugins/Experimental/Animation/PackedAttributes/PackedAttributes.uplugin" 660
"../../../Engine/Plugins/Experimental/CharacterFXEditor/BaseCharacterFXEditor/BaseCharacterFXEditor.uplugin" 661
"../../../Engine/Plugins/Experimental/Animation/HierarchyTable/HierarchyTable.uplugin" 662
"../../../Engine/Plugins/Experimental/Enterprise/DataprepGeometryOperations/DataprepGeometryOperations.uplugin" 663
"../../../Engine/Plugins/Experimental/Animation/CurveExpression/CurveExpression.uplugin" 664
"../../../Engine/Plugins/Experimental/UAF/UAF/UAF.uplugin" 665
"../../../Engine/Plugins/Experimental/Enterprise/DatasmithInterchange/DatasmithInterchange.uplugin" 666
"../../../Engine/Plugins/Experimental/UAF/UAFAnimGraph/UAFAnimGraph.uplugin" 667
"../../../Engine/Plugins/Experimental/UAF/UAFChooser/UAFChooser.uplugin" 668
"../../../Engine/Plugins/Experimental/UAF/UAFMirroring/UAFMirroring.uplugin" 669
"../../../Engine/Plugins/Experimental/UAF/UAFControlRig/UAFControlRig.uplugin" 670
"../../../Engine/Plugins/Experimental/Animation/TrajectoryTools/TrajectoryTools.uplugin" 671
"../../../Engine/Plugins/Experimental/UAF/UAFStateTree/UAFStateTree.uplugin" 672
"../../../Engine/Plugins/Experimental/Animation/SkeletalMeshMorphTargetEditingTools/SkeletalMeshMorphTargetEditingTools.uplugin" 673
"../../../Engine/Plugins/Experimental/Enterprise/DatasmithRuntime/DatasmithRuntime.uplugin" 674
"../../../Engine/Plugins/Runtime/Advertising/IOSTapJoy/IOSTapJoy.uplugin" 675
"../../../Engine/Plugins/Runtime/Database/ADOSupport/ADOSupport.uplugin" 676
"../../../Engine/Plugins/Runtime/Database/SQLiteCore/SQLiteCore.uplugin" 677
"../../../Engine/Plugins/Experimental/VirtualProduction/VPRoles/VPRoles.uplugin" 678
"../../../Engine/Plugins/Experimental/VirtualProduction/VPSettings/VPSettings.uplugin" 679
"../../../Engine/Plugins/Runtime/Database/SQLiteSupport/SQLiteSupport.uplugin" 680
"../../../Engine/Plugins/Experimental/UAF/UAFWarping/UAFWarping.uplugin" 681
"../../../Engine/Plugins/Runtime/Database/DatabaseSupport/DatabaseSupport.uplugin" 682
"../../../Engine/Plugins/Experimental/UAF/UAFTests/UAFTests.uplugin" 683
"../../../Engine/Plugins/Experimental/AVCodecs/VTCodecs/VTCodecs.uplugin" 684
"../../../Engine/Plugins/Runtime/Database/RemoteDatabaseSupport/RemoteDatabaseSupport.uplugin" 685
"../../../Engine/Plugins/Experimental/CharacterFXEditor/ExampleCharacterFXEditor/ExampleCharacterFXEditor.uplugin" 686
"../../../Engine/Plugins/Editor/ObjectMixer/LightMixer/LightMixer.uplugin" 687
"../../../Engine/Plugins/Editor/ObjectMixer/ObjectMixer/ObjectMixer.uplugin" 688
"../../../Engine/Plugins/Editor/Localization/PortableObjectFileDataSource/PortableObjectFileDataSource.uplugin" 689
"../../../Engine/Plugins/Experimental/AVCodecs/AVCodecsCore/AVCodecsCore.uplugin" 690
"../../../Engine/Plugins/Experimental/AVCodecs/NVCodecs/NVCodecs.uplugin" 691
"../../../Engine/Plugins/Experimental/VirtualProduction/LedWallCalibration/LedWallCalibration.uplugin" 692
"../../../Engine/Plugins/Experimental/UAF/UAFPoseSearch/UAFPoseSearch.uplugin" 693
"../../../Engine/Plugins/Runtime/AR/ARUtilities/ARUtilities.uplugin" 694
"../../../Engine/Plugins/Developer/Concert/ConcertMain/ConcertMain.uplugin" 695
"../../../Engine/Plugins/Online/VoiceChat/EOSVoiceChat/EOSVoiceChat.uplugin" 696
"../../../Engine/Plugins/Experimental/MetaHuman/MetaHumanCharacterUAF/MetaHumanCharacterUAF.uplugin" 697
"../../../Engine/Plugins/Experimental/AVCodecs/LibVpxCodecs/LibVpxCodecs.uplugin" 698
"../../../Engine/Plugins/Experimental/MetaHuman/MetaHumanRuntime/MetaHumanRuntime.uplugin" 699
"../../../Engine/Plugins/Runtime/Analytics/Adjust/Adjust.uplugin" 700
"../../../Engine/Plugins/Experimental/MetaHuman/MetaHumanCalibrationDiagnostics/MetaHumanCalibrationDiagnostics.uplugin" 701
"../../../Engine/Plugins/Runtime/Steam/SteamSockets/SteamSockets.uplugin" 702
"../../../Engine/Plugins/Online/Android/OnlineSubsystemGooglePlay/OnlineSubsystemGooglePlay.uplugin" 703
"../../../Engine/Plugins/Online/VoiceChat/VoiceChat/VoiceChat.uplugin" 704
"../../../Engine/Plugins/Experimental/AVCodecs/WMFCodecs/WMFCodecs.uplugin" 705
"../../../Engine/Plugins/Experimental/AVCodecs/AMFCodecs/AMFCodecs.uplugin" 706
"../../../Engine/Plugins/Runtime/Analytics/FileLogging/FileLogging.uplugin" 707
"../../../Engine/Plugins/Runtime/Analytics/AnalyticsMulticast/AnalyticsMulticast.uplugin" 708
"../../../Engine/Plugins/Runtime/Nvidia/GeForceNOWWrapper/GeForceNOWWrapper.uplugin" 709
"../../../Engine/Plugins/Experimental/Web/WebAPI/WebAPI.uplugin" 710
"../../../Engine/Plugins/Runtime/Steam/SteamController/SteamController.uplugin" 711
"../../../Engine/Plugins/Runtime/Steam/SteamAudio/SteamAudio.uplugin" 712
"../../../Engine/Plugins/Editor/ContentBrowser/ContentBrowserAliasDataSource/ContentBrowserAliasDataSource.uplugin" 713
"../../../Engine/Plugins/Editor/ContentBrowser/ContentBrowserFileDataSource/ContentBrowserFileDataSource.uplugin" 714
"../../../Engine/Plugins/Runtime/Nvidia/Reflex/Reflex.uplugin" 715
"../../../Engine/Plugins/VirtualProduction/CaptureManager/CaptureManagerDevices/CaptureManagerDevices.uplugin" 716
"../../../Engine/Plugins/Runtime/Steam/SteamShared/SteamShared.uplugin" 717
"../../../Engine/Plugins/VirtualProduction/CaptureManager/CaptureManagerEditor/CaptureManagerEditor.uplugin" 718
"../../../Engine/Plugins/Runtime/PacketHandlers/DTLSHandlerComponent/DTLSHandlerComponent.uplugin" 719
"../../../Engine/Plugins/Runtime/PacketHandlers/AESHandlerComponent/AESHandlerComponent.uplugin" 720
"../../../Engine/Plugins/Editor/ContentBrowser/ContentBrowserClassDataSource/ContentBrowserClassDataSource.uplugin" 721
"../../../Engine/Plugins/Animation/MLDeformer/MLDeformerFramework/MLDeformerFramework.uplugin" 722
"../../../Engine/Plugins/Animation/MLDeformer/NearestNeighborModel/NearestNeighborModel.uplugin" 723
"../../../Engine/Plugins/VirtualProduction/CaptureManager/CaptureManagerApp/CaptureManagerApp.uplugin" 724
"../../../Engine/Plugins/Interchange/Extensions/OpenVDB/InterchangeOpenVDB.uplugin" 725
"../../../Engine/Plugins/VirtualProduction/CaptureManager/CaptureManagerCore/CaptureManagerCore.uplugin" 726
"../../../Engine/Plugins/Runtime/Analytics/AnalyticsBlueprintLibrary/AnalyticsBlueprintLibrary.uplugin" 727
"../../../Engine/Plugins/Animation/MLDeformer/VertexDeltaModel/VertexDeltaModel.uplugin" 728
"../../../Engine/Plugins/Animation/MLDeformer/NeuralMorphModel/NeuralMorphModel.uplugin" 729
"../../../Engine/Plugins/Editor/ContentBrowser/ContentBrowserAssetDataSource/ContentBrowserAssetDataSource.uplugin" 730
"../../../Engine/Plugins/Experimental/PCGInterops/PCGNiagaraInterop/PCGNiagaraInterop.uplugin" 731
"../../../Engine/Plugins/Online/Android/AndroidFetchBackgroundDownload/AndroidFetchBackgroundDownload.uplugin" 732
"../../../Engine/Plugins/Runtime/Windows/WinVirtualKeyboard/WinVirtualKeyboard.uplugin" 733
"../../../Engine/Plugins/Runtime/Windows/XInputDevice/XInputDevice.uplugin" 734
"../../../Engine/Plugins/Online/IOS/OnlineSubsystemIOS/OnlineSubsystemIOS.uplugin" 735
"../../../Engine/Plugins/Runtime/Windows/WinDualShock/WinDualShock.uplugin" 736
"../../../Engine/Plugins/Runtime/XR/XRVisualization/XRVisualization.uplugin" 737
"../../../Engine/Plugins/Interchange/Extensions/OpenUSD/InterchangeOpenUSD.uplugin" 738
"../../../Engine/Plugins/Animation/MLDeformer/ChaosFleshGenerator/ChaosFleshGenerator.uplugin" 739
"../../../Engine/Plugins/Runtime/MeshReconstruction/DummyMeshReconstructor/DummyMeshReconstructor.uplugin" 740
"../../../Engine/Plugins/VirtualProduction/DMX/DatasmithMVR/DatasmithMVR.uplugin" 741
"../../../Engine/Plugins/VirtualProduction/DMX/DMXControlConsole/DMXControlConsole.uplugin" 742
"../../../Engine/Plugins/VirtualProduction/DMX/DMXFixtures/DMXFixtures.uplugin" 743
"../../../Engine/Plugins/Runtime/XR/XRScribe/XRScribe.uplugin" 744
"../../../Engine/Plugins/VirtualProduction/DMX/DMXEngine/DMXEngine.uplugin" 745
"../../../Engine/Plugins/VirtualProduction/DMX/DMXProtocol/DMXProtocol.uplugin" 746
"../../../Engine/Plugins/Experimental/Animation/RigMapper/RigMapper.uplugin" 747
"../../../Engine/Plugins/VirtualProduction/DMX/DMXPixelMapping/DMXPixelMapping.uplugin" 748
"../../../Engine/Plugins/VirtualProduction/DMX/DMXModularFeatures/DMXModularFeatures.uplugin" 749
"../../../Engine/Plugins/VirtualProduction/Rivermax/RivermaxMedia/RivermaxMedia.uplugin" 750
"../../../Engine/Plugins/Experimental/PCGInterops/PCGNaniteAssembliesInterop/PCGNaniteAssembliesInterop.uplugin" 751
"../../../Engine/Plugins/VirtualProduction/DMX/DMXDisplayCluster/DMXDisplayCluster.uplugin" 752
"../../../Engine/Plugins/VirtualProduction/Rivermax/RivermaxSync/RivermaxSync.uplugin" 753
"../../../Engine/Plugins/VirtualProduction/DMX/DMXGDTF/DMXGDTF.uplugin" 754
"../../../Engine/Plugins/Experimental/PCGInterops/PCGFastGeoInterop/PCGFastGeoInterop.uplugin" 755
"../../../Engine/Plugins/Experimental/PCGInterops/PCGWaterInterop/PCGWaterInterop.uplugin" 756
"../../../Engine/Plugins/Developer/Concert/ConcertSync/ConcertSyncClient/ConcertSyncClient.uplugin" 757
"../../../Engine/Plugins/Developer/Concert/ConcertScripting/ConcertReplicationScripting/ConcertReplicationScripting.uplugin" 758
"../../../Engine/Plugins/Animation/MLDeformer/ChaosClothGenerator/ChaosClothGenerator.uplugin" 759
"../../../Engine/Plugins/Developer/Concert/ConcertSync/ConcertSyncServer/ConcertSyncServer.uplugin" 760
"../../../Engine/Plugins/Developer/Concert/ConcertSync/ConcertSyncTest/ConcertSyncTest.uplugin" 761
"../../../Engine/Plugins/Developer/Concert/ConcertInsights/ConcertInsightsServer/ConcertInsightsServer.uplugin" 762
"../../../Engine/Plugins/Developer/Concert/ConcertUI/ConcertSharedSlate/ConcertSharedSlate.uplugin" 763
"../../../Engine/Plugins/Developer/Concert/ConcertInsights/ConcertInsightsVisualizer/ConcertInsightsVisualizer.uplugin" 764
"../../../Engine/Plugins/Developer/Concert/ConcertSync/ConcertSyncCore/ConcertSyncCore.uplugin" 765
"../../../Engine/Plugins/Developer/Concert/ConcertInsights/ConcertInsightsClient/ConcertInsightsClient.uplugin" 766
"../../../Engine/Plugins/VirtualProduction/Rivermax/RivermaxCore/RivermaxCore.uplugin" 767
"../../../Engine/Plugins/Runtime/AR/Google/GoogleARCore/GoogleARCore.uplugin" 768
"../../../Engine/Plugins/Runtime/AR/AppleAR/AppleARKitFaceSupport/AppleARKitFaceSupport.uplugin" 769
"../../../Engine/Plugins/Runtime/AR/Google/GoogleARCoreServices/GoogleARCoreServices.uplugin" 770
"../../../Engine/Plugins/Developer/Concert/ConcertInsights/ConcertInsightsCore/ConcertInsightsCore.uplugin" 771
"../../../Engine/Plugins/Runtime/AR/AppleAR/AppleARKit/AppleARKit.uplugin" 772
"../../../Engine/Plugins/Developer/Concert/ConcertApp/DisasterRecoveryClient/DisasterRecoveryClient.uplugin" 773
"../../../Engine/Plugins/Developer/Concert/ConcertApp/MultiUserServer/MultiUserServer.uplugin" 774
"../../../Engine/Plugins/Experimental/Animation/MLDeformer/DetailPoseModel/DetailPoseModel.uplugin" 775
"../../../Engine/Plugins/Runtime/PacketHandlers/AESGCMHandlerComponent/AESGCMHandlerComponent.uplugin" 776
"../../../Engine/Plugins/Developer/Concert/ConcertApp/MultiUserClient/MultiUserClient.uplugin" 777
"../../../Engine/Plugins/Experimental/PCGInterops/PCGInstancedActorsInterop/PCGInstancedActorsInterop.uplugin" 778
"../../../Engine/Plugins/Developer/Concert/ConcertUI/ConcertClientSharedSlate/ConcertClientSharedSlate.uplugin" 779
"../../../Engine/Platforms/Android/Plugins/Animation/ACLPlugin/ACLPlugin_Android.uplugin" 780
"../../../Engine/Platforms/Android/Plugins/Animation/RigLogic/RigLogic_Android.uplugin" 781
"../../../Engine/Platforms/IOS/Plugins/Animation/RigLogic/RigLogic_IOS.uplugin" 782
"../../../Engine/Content/Internationalization/icudt64l/cnvalias.icu" 783
"../../../Engine/Content/Internationalization/icudt64l/res_index.res" 784
"../../../Engine/Content/Internationalization/icudt64l/plurals.res" 785
"../../../Engine/Content/Internationalization/icudt64l/lang/pt.res" 786
"../../../Engine/Content/Internationalization/icudt64l/lang/pool.res" 787
"../../../Engine/Content/Internationalization/icudt64l/lang/root.res" 788
"../../../Engine/Content/Internationalization/icudt64l/region/pt.res" 789
"../../../Engine/Content/Internationalization/icudt64l/region/pool.res" 790
"../../../Engine/Content/Internationalization/icudt64l/region/root.res" 791
"../../../Engine/Content/Internationalization/icudt64l/lang/en.res" 792
"../../../Engine/Content/Internationalization/icudt64l/region/en.res" 793
"../../../Engine/Content/Internationalization/icudt64l/windowsZones.res" 794
"../../../Engine/Content/Internationalization/icudt64l/zoneinfo64.res" 795
"../../../Engine/Content/Internationalization/icudt64l/keyTypeData.res" 796
"../../../Engine/Content/Internationalization/icudt64l/timezoneTypes.res" 797
"../../../Engine/Content/Internationalization/icudt64l/likelySubtags.res" 798
"../../../Engine/Content/Internationalization/icudt64l/pt_BR.res" 799
"../../../Engine/Content/Internationalization/icudt64l/pool.res" 800
"../../../Engine/Content/Internationalization/icudt64l/pt.res" 801
"../../../Engine/Content/Internationalization/icudt64l/root.res" 802
"../../../Engine/Content/Internationalization/icudt64l/supplementalData.res" 803
"../../../Engine/Config/ConfigRedirects.ini" 804
"C:/Users/meliss/AppData/Local/UnrealEngine/5.7/Saved/Config/WindowsEditor/Manifest.ini" 805
"../../../Engine/Config/BaseEngine.ini" 806
"../../../Engine/Config/Windows/BaseWindowsEngine.ini" 807
"../../../../../../MeuProjeto1/Config/DefaultEngine.ini" 808
"../../../Engine/Config/BaseGame.ini" 809
"../../../../../../MeuProjeto1/Config/DefaultGame.ini" 810
"../../../Engine/Config/Windows/WindowsGame.ini" 811
"../../../Engine/Config/BaseInput.ini" 812
"../../../Engine/Config/Windows/BaseWindowsInput.ini" 813
"../../../../../../MeuProjeto1/Config/DefaultInput.ini" 814
"../../../Engine/Config/Windows/WindowsInput.ini" 815
"../../../Engine/Config/BaseDeviceProfiles.ini" 816
"../../../Engine/Config/BaseGameUserSettings.ini" 817
"../../../Engine/Config/BaseScalability.ini" 818
"../../../Engine/Config/BaseRuntimeOptions.ini" 819
"../../../Engine/Config/BaseInstallBundle.ini" 820
"../../../Engine/Config/BaseHardware.ini" 821
"../../../Engine/Config/BaseCompat.ini" 822
"../../../Engine/Config/BaseLightmass.ini" 823
"../../../Engine/Config/BaseEditor.ini" 824
"../../../../../../MeuProjeto1/Config/DefaultEditor.ini" 825
"C:/MeuProjeto1/Saved/Config/WindowsEditor/Editor.ini" 826
"../../../Engine/Config/BaseMaterialExpressions.ini" 827
"../../../Engine/Config/BaseEditorPerProjectUserSettings.ini" 828
"../../../../../../MeuProjeto1/Config/DefaultEditorPerProjectUserSettings.ini" 829
"../../../Engine/Config/Windows/WindowsEditorPerProjectUserSettings.ini" 830
"C:/MeuProjeto1/Saved/Config/WindowsEditor/EditorPerProjectUserSettings.ini" 831
"../../../Engine/Config/BaseEditorSettings.ini" 832
"../../../Engine/Config/Windows/WindowsEditorSettings.ini" 833
"C:/Users/meliss/AppData/Local/UnrealEngine/5.7/Saved/Config/WindowsEditor/EditorSettings.ini" 834
"../../../Engine/Config/BaseEditorKeyBindings.ini" 835
"C:/Users/meliss/AppData/Local/UnrealEngine/5.7/Saved/Config/WindowsEditor/EditorKeyBindings.ini" 836
"C:/Users/meliss/AppData/Local/UnrealEngine/5.7/Saved/Config/WindowsEditor/EditorLayout.ini" 837
"../../../../../../MeuProjeto1/Intermediate/CachedAssetRegistryDiscovery.bin" 838
"../../../Engine/Config/Linux/BaseLinuxEngine.ini" 839
"../../../Engine/Config/IOS/BaseIOSEngine.ini" 840
"../../../Engine/Config/Android/BaseAndroidEngine.ini" 841
"../../../Engine/Config/Mac/BaseMacEngine.ini" 842
"../../../Engine/Config/Android/AndroidEngine.ini" 843
"../../../Engine/Platforms/VisionOS/Config/BaseVisionOSEngine.ini" 844
"../../../Engine/Config/Unix/UnixEngine.ini" 845
"../../../Engine/Config/Linux/LinuxEngine.ini" 846
"../../../Engine/Config/TVOS/TVOSEngine.ini" 847
"../../../Engine/Platforms/VisionOS/Config/VisionOSEngine.ini" 848
"../../../../../../MeuProjeto1/Binaries/Win64/MeuProjeto2.target" 849
"../../../Engine/Config/IOS/BaseIOSGame.ini" 850
"../../../Engine/Config/Android/BaseAndroidGame.ini" 851
"../../../Engine/Config/IOS/IOSGame.ini" 852
"../../../Engine/Config/Mac/MacGame.ini" 853
"../../../Engine/Config/Linux/LinuxGame.ini" 854
"../../../Engine/Binaries/Win64/BootstrapPackagedGame-Win64-Shipping.target" 855
"../../../Engine/Binaries/Win64/BuildPatchTool-Win64-Shipping.target" 856
"../../../Engine/Binaries/Win64/CrashReportClient-Win64-Shipping.target" 857
"../../../Engine/Config/IOS/BaseIOSInput.ini" 858
"../../../Engine/Config/Mac/BaseMacInput.ini" 859
"../../../Engine/Config/Android/BaseAndroidInput.ini" 860
"../../../Engine/Binaries/Win64/CrashReportClientEditor-Win64-Shipping.target" 861
"../../../Engine/Binaries/Win64/DatasmithCADWorker.target" 862
"../../../Engine/Binaries/Win64/EpicWebHelper-Win64-Shipping.target" 863
"../../../Engine/Binaries/Win64/InterchangeWorker.target" 864
"../../../Engine/Binaries/Win64/LiveCodingConsole.target" 865
"../../../Engine/Binaries/Win64/LiveLinkHub.target" 866
"../../../Engine/Config/IOS/IOSScalability.ini" 867
"../../../Engine/Config/Android/AndroidScalability.ini" 868
"../../../Engine/Config/IOS/BaseIOSInstallBundle.ini" 869
"../../../Engine/Config/Android/BaseAndroidInstallBundle.ini" 870
"../../../Engine/Binaries/Win64/ShaderCompileWorker.target" 871
"../../../Engine/Binaries/Win64/SwitchboardListener.target" 872
"../../../Engine/Binaries/Win64/SwitchboardListenerHelper.target" 873
"../../../Engine/Binaries/Win64/UnrealEditor-Win64-DebugGame.target" 874
"../../../Engine/Binaries/Win64/UnrealEditor.target" 875
"../../../Engine/Config/PluginBase.ini" 876
"../../../Engine/Plugins/ChaosVD/Config/DefaultChaosVD.ini" 877
"../../../Engine/Plugins/EnhancedInput/Config/BaseEnhancedInput.ini" 878
"../../../Engine/Plugins/Fab/Config/BaseFab.ini" 879
"../../../Engine/Plugins/TraceUtilities/Config/BaseTraceUtilities.ini" 880
"../../../Engine/Plugins/Compositing/CompositeCore/Config/BaseCompositeCore.ini" 881
"../../../Engine/Plugins/Experimental/FullBodyIK/Config/BaseFullBodyIK.ini" 882
"../../../Engine/Plugins/Experimental/ToolPresets/Config/BaseToolPresets.ini" 883
"../../../Engine/Plugins/Runtime/HairStrands/Config/BaseHairStrands.ini" 884
"../../../Engine/Plugins/Runtime/Metasound/Config/BaseMetasound.ini" 885
"../../../Engine/Plugins/Runtime/Metasound/Config/DefaultMetasound.ini" 886
"../../../Engine/Plugins/Runtime/PropertyBindingUtils/Config/BasePropertyBindingUtils.ini" 887
"../../../Engine/Plugins/Runtime/StateTree/Config/BaseStateTree.ini" 888
"../../../Engine/Plugins/Runtime/USDCore/Config/BaseUSDCore.ini" 889
"../../../Engine/Plugins/Runtime/Synthesis/Config/BaseSynthesis.ini" 890
"../../../Engine/Plugins/Editor/EditorScriptingUtilities/Config/BaseEditorScriptingUtilities.ini" 891
"../../../Engine/Plugins/Runtime/RigVM/Config/BaseRigVM.ini" 892
"../../../Engine/Plugins/FX/Niagara/Config/BaseNiagara.ini" 893
"../../../Engine/Plugins/MetaHuman/MetaHumanSDK/Config/BaseMetaHumanSDK.ini" 894
"../../../Engine/Plugins/VirtualProduction/Takes/Config/BaseTakes.ini" 895
"../../../Engine/Plugins/2D/Paper2D/Config/BasePaper2D.ini" 896
"../../../Engine/Plugins/Animation/IKRig/Config/BaseIKRig.ini" 897
"../../../Engine/Plugins/Animation/DeformerGraph/Config/BaseDeformerGraph.ini" 898
"../../../Engine/Plugins/Cameras/GameplayCameras/Config/BaseGameplayCameras.ini" 899
"../../../Engine/Plugins/Enterprise/GLTFExporter/Config/BaseGLTFExporter.ini" 900
"../../../Engine/Plugins/Enterprise/GLTFExporter/Config/DefaultGLTFExporter.ini" 901
"../../../Engine/Plugins/Enterprise/VariantManagerContent/Config/BaseVariantManagerContent.ini" 902
"../../../Engine/Plugins/Animation/ControlRig/Config/BaseControlRig.ini" 903
"../../../Engine/Plugins/Interchange/Assets/Config/BaseInterchangeAssets.ini" 904
"../../../Engine/Plugins/Interchange/Runtime/Config/BaseInterchange.ini" 905
"../../../Engine/Plugins/Animation/LiveLink/Config/BaseLiveLink.ini" 906
"../../../Engine/Plugins/Enterprise/DatasmithContent/Config/BaseDatasmithContent.ini" 907
"../../../Engine/Plugins/ChaosVD/Config/Engine.ini" 908
"../../../Engine/Plugins/EnhancedInput/Config/Input.ini" 909
"../../../Engine/Plugins/Runtime/InputDebugging/Config/Input.ini" 910
"../../../Engine/Plugins/Runtime/Windows/XInputDevice/Config/Input.ini" 911
"../../../Engine/Plugins/Runtime/RigVM/Config/Editor.ini" 912
"../../../Engine/Plugins/Online/OnlineSubsystemUtils/Config/Editor.ini" 913
"../../../Engine/Plugins/NNE/NNEDenoiser/Config/Game.ini" 914
"../../../Engine/Plugins/Editor/ModelingToolsEditorMode/Binaries/Win64/UnrealEditor.modules" 915
"../../../Engine/Plugins/Runtime/MeshModelingToolset/Binaries/Win64/UnrealEditor.modules" 916
"../../../Engine/Plugins/Experimental/MeshModelingToolsetExp/Binaries/Win64/UnrealEditor.modules" 917
"../../../Engine/Plugins/Editor/MeshLODToolset/Binaries/Win64/UnrealEditor.modules" 918
"../../../Engine/Plugins/Experimental/ToolPresets/Binaries/Win64/UnrealEditor.modules" 919
"../../../Engine/Plugins/Editor/StylusInput/Binaries/Win64/UnrealEditor.modules" 920
"../../../Engine/Plugins/Runtime/GeometryProcessing/Binaries/Win64/UnrealEditor.modules" 921
"../../../Engine/Plugins/Editor/ProxyLODPlugin/Binaries/Win64/UnrealEditor.modules" 922
"../../../Engine/Plugins/Experimental/PlanarCutPlugin/Binaries/Win64/UnrealEditor.modules" 923
"../../../Engine/Plugins/Runtime/GeometryCache/Binaries/Win64/UnrealEditor.modules" 924
"../../../Engine/Plugins/Experimental/GeometryFlow/Binaries/Win64/UnrealEditor.modules" 925
"../../../Engine/Plugins/Editor/EditorScriptingUtilities/Binaries/Win64/UnrealEditor.modules" 926
"../../../Engine/Plugins/FX/Niagara/Binaries/Win64/UnrealEditor.modules" 927
"../../../Engine/Plugins/Experimental/PythonScriptPlugin/Binaries/Win64/UnrealEditor.modules" 928
"../../../Engine/Plugins/Editor/ContentBrowser/ContentBrowserFileDataSource/Binaries/Win64/UnrealEditor.modules" 929
"../../../Engine/Plugins/Experimental/Landmass/Binaries/Win64/UnrealEditor.modules" 930
"../../../Engine/Plugins/AudioInsights/Binaries/Win64/UnrealEditor.modules" 931
"../../../Engine/Plugins/Runtime/AudioWidgets/Binaries/Win64/UnrealEditor.modules" 932
"../../../Engine/Plugins/Runtime/AudioSynesthesia/Binaries/Win64/UnrealEditor.modules" 933
"../../../Engine/Plugins/Bridge/Binaries/Win64/UnrealEditor.modules" 934
"../../../Engine/Plugins/MetaHuman/MetaHumanSDK/Binaries/Win64/UnrealEditor.modules" 935
"../../../Engine/Plugins/Animation/ControlRig/Binaries/Win64/UnrealEditor.modules" 936
"../../../Engine/Plugins/Runtime/HairStrands/Binaries/Win64/UnrealEditor.modules" 937
"../../../Engine/Plugins/Animation/RigLogic/Binaries/Win64/UnrealEditor.modules" 938
"../../../Engine/Plugins/Interchange/Runtime/Binaries/Win64/UnrealEditor.modules" 939
"../../../Engine/Plugins/Online/EOSShared/Binaries/Win64/UnrealEditor.modules" 940
"../../../Engine/Plugins/Runtime/RigVM/Binaries/Win64/UnrealEditor.modules" 941
"../../../Engine/Plugins/MovieScene/LevelSequenceEditor/Binaries/Win64/UnrealEditor.modules" 942
"../../../Engine/Plugins/Runtime/PropertyAccess/Binaries/Win64/UnrealEditor.modules" 943
"../../../Engine/Plugins/MovieScene/SequencerScripting/Binaries/Win64/UnrealEditor.modules" 944
"../../../Engine/Plugins/Animation/TweeningUtils/Binaries/Win64/UnrealEditor.modules" 945
"../../../Engine/Plugins/Animation/DeformerGraph/Binaries/Win64/UnrealEditor.modules" 946
"../../../Engine/Plugins/Experimental/Dataflow/Binaries/Win64/UnrealEditor.modules" 947
"../../../Engine/Plugins/Runtime/ComputeFramework/Binaries/Win64/UnrealEditor.modules" 948
"../../../Engine/Plugins/Enterprise/VariantManagerContent/Binaries/Win64/UnrealEditor.modules" 949
"../../../Engine/Plugins/Enterprise/VariantManager/Binaries/Win64/UnrealEditor.modules" 950
"../../../Engine/Plugins/Interchange/Assets/Binaries/Win64/UnrealEditor.modules" 951
"../../../Engine/Plugins/Experimental/CharacterFXEditor/BaseCharacterFXEditor/Binaries/Win64/UnrealEditor.modules" 952
"../../../Engine/Plugins/Runtime/ProceduralMeshComponent/Binaries/Win64/UnrealEditor.modules" 953
"../../../Engine/Plugins/Experimental/ChaosCaching/Binaries/Win64/UnrealEditor.modules" 954
"../../../Engine/Plugins/Experimental/EditorDataStorage/Binaries/Win64/UnrealEditor.modules" 955
"../../../Engine/Plugins/Experimental/EditorDataStorageFeatures/Binaries/Win64/UnrealEditor.modules" 956
"../../../Engine/Plugins/Animation/SkeletalMeshModelingTools/Binaries/Win64/UnrealEditor.modules" 957
"../../../Engine/Plugins/VirtualProduction/Takes/Binaries/Win64/UnrealEditor.modules" 958
"../../../Engine/Plugins/Runtime/AudioCapture/Binaries/Win64/UnrealEditor.modules" 959
"../../../Engine/Plugins/Developer/NamingTokens/Binaries/Win64/UnrealEditor.modules" 960
"../../../Engine/Plugins/Editor/EngineAssetDefinitions/Binaries/Win64/UnrealEditor.modules" 961
"../../../Engine/Plugins/ChaosCloth/Binaries/Win64/UnrealEditor.modules" 962
"../../../Engine/Plugins/ChaosInsights/Binaries/Win64/UnrealEditor.modules" 963
"../../../Engine/Plugins/ChaosVD/Binaries/Win64/UnrealEditor.modules" 964
"../../../Engine/Plugins/CmdLinkServer/Binaries/Win64/UnrealEditor.modules" 965
"../../../Engine/Plugins/EnhancedInput/Binaries/Win64/UnrealEditor.modules" 966
"../../../Engine/Plugins/Editor/DataValidation/Binaries/Win64/UnrealEditor.modules" 967
"../../../Engine/Plugins/Fab/Binaries/Win64/UnrealEditor.modules" 968
"../../../Engine/Plugins/IoStoreInsights/Binaries/Win64/UnrealEditor.modules" 969
"../../../Engine/Plugins/MassInsights/Binaries/Win64/UnrealEditor.modules" 970
"../../../Engine/Plugins/MeshPainting/Binaries/Win64/UnrealEditor.modules" 971
"../../../Engine/Plugins/Interchange/Editor/Binaries/Win64/UnrealEditor.modules" 972
"../../../Engine/Plugins/RenderGraphInsights/Binaries/Win64/UnrealEditor.modules" 973
"../../../Engine/Plugins/TraceUtilities/Binaries/Win64/UnrealEditor.modules" 974
"../../../Engine/Plugins/WorldMetrics/Binaries/Win64/UnrealEditor.modules" 975
"../../../Engine/Plugins/UbaController/Binaries/Win64/UnrealEditor.modules" 976
"../../../Engine/Plugins/XGEController/Binaries/Win64/UnrealEditor.modules" 977
"../../../Engine/Plugins/Developer/AnimationSharing/Binaries/Win64/UnrealEditor.modules" 978
"../../../Engine/Plugins/Runtime/SignificanceManager/Binaries/Win64/UnrealEditor.modules" 979
"../../../Engine/Plugins/Developer/CLionSourceCodeAccess/Binaries/Win64/UnrealEditor.modules" 980
"../../../Engine/Plugins/Developer/GitSourceControl/Binaries/Win64/UnrealEditor.modules" 981
"../../../Engine/Plugins/Developer/DumpGPUServices/Binaries/Win64/UnrealEditor.modules" 982
"../../../Engine/Plugins/Developer/GPUReshape/Binaries/Win64/UnrealEditor.modules" 983
"../../../Engine/Plugins/Developer/N10XSourceCodeAccess/Binaries/Win64/UnrealEditor.modules" 984
"../../../Engine/Plugins/Developer/PerforceSourceControl/Binaries/Win64/UnrealEditor.modules" 985
"../../../Engine/Plugins/Developer/PixWinPlugin/Binaries/Win64/UnrealEditor.modules" 986
"../../../Engine/Plugins/Developer/PluginUtils/Binaries/Win64/UnrealEditor.modules" 987
"../../../Engine/Plugins/Developer/PlasticSourceControl/Binaries/Win64/UnrealEditor.modules" 988
"../../../Engine/Plugins/Developer/PropertyAccessNode/Binaries/Win64/UnrealEditor.modules" 989
"../../../Engine/Plugins/Developer/RenderDocPlugin/Binaries/Win64/UnrealEditor.modules" 990
"../../../Engine/Plugins/Developer/ProjectLauncher/Binaries/Win64/UnrealEditor.modules" 991
"../../../Engine/Plugins/Developer/RiderSourceCodeAccess/Binaries/Win64/UnrealEditor.modules" 992
"../../../Engine/Plugins/Developer/SubversionSourceControl/Binaries/Win64/UnrealEditor.modules" 993
"../../../Engine/Plugins/Developer/TextureFormatOodle/Binaries/Win64/UnrealEditor.modules" 994
"../../../Engine/Plugins/Developer/UObjectPlugin/Binaries/Win64/UnrealEditor.modules" 995
"../../../Engine/Plugins/Developer/VisualStudioCodeSourceCodeAccess/Binaries/Win64/UnrealEditor.modules" 996
"../../../Engine/Plugins/Developer/VisualStudioSourceCodeAccess/Binaries/Win64/UnrealEditor.modules" 997
"../../../Engine/Plugins/Experimental/AdvancedRenamer/Binaries/Win64/UnrealEditor.modules" 998
"../../../Engine/Plugins/Experimental/AutomationUtils/Binaries/Win64/UnrealEditor.modules" 999
"../../../Engine/Plugins/Experimental/BackChannel/Binaries/Win64/UnrealEditor.modules" 1000
"../../../Engine/Plugins/Experimental/ChaosEditor/Binaries/Win64/UnrealEditor.modules" 1001
"../../../Engine/Plugins/Experimental/GeometryCollectionPlugin/Binaries/Win64/UnrealEditor.modules" 1002
"../../../Engine/Plugins/Experimental/Fracture/Binaries/Win64/UnrealEditor.modules" 1003
"../../../Engine/Plugins/Experimental/ChaosSolverPlugin/Binaries/Win64/UnrealEditor.modules" 1004
"../../../Engine/Plugins/Experimental/GeometryDataflow/Binaries/Win64/UnrealEditor.modules" 1005
"../../../Engine/Plugins/Experimental/ChaosNiagara/Binaries/Win64/UnrealEditor.modules" 1006
"../../../Engine/Plugins/Experimental/ChaosUserDataPT/Binaries/Win64/UnrealEditor.modules" 1007
"../../../Engine/Plugins/Experimental/CharacterAI/Binaries/Win64/UnrealEditor.modules" 1008
"../../../Engine/Plugins/Experimental/EditorPerformance/Binaries/Win64/UnrealEditor.modules" 1009
"../../../Engine/Plugins/Experimental/EditorTelemetry/Binaries/Win64/UnrealEditor.modules" 1010
"../../../Engine/Plugins/Experimental/GlobalConfigurationData/Binaries/Win64/UnrealEditor.modules" 1011
"../../../Engine/Plugins/Experimental/LocalizableMessage/Binaries/Win64/UnrealEditor.modules" 1012
"../../../Engine/Plugins/Experimental/LevelSequenceNavigatorBridge/Binaries/Win64/UnrealEditor.modules" 1013
"../../../Engine/Plugins/Experimental/SequenceNavigator/Binaries/Win64/UnrealEditor.modules" 1014
"../../../Engine/Plugins/Experimental/NFORDenoise/Binaries/Win64/UnrealEditor.modules" 1015
"../../../Engine/Plugins/Experimental/PlatformCrypto/Binaries/Win64/UnrealEditor.modules" 1016
"../../../Engine/Plugins/Experimental/RuntimeTelemetry/Binaries/Win64/UnrealEditor.modules" 1017
"../../../Engine/Plugins/Experimental/SkeletalReduction/Binaries/Win64/UnrealEditor.modules" 1018
"../../../Engine/Plugins/MovieScene/ActorSequence/Binaries/Win64/UnrealEditor.modules" 1019
"../../../Engine/Plugins/MovieScene/SequenceValidator/Binaries/Win64/UnrealEditor.modules" 1020
"../../../Engine/Plugins/Runtime/AndroidFileServer/Binaries/Win64/UnrealEditor.modules" 1021
"../../../Engine/Plugins/Runtime/ActorLayerUtilities/Binaries/Win64/UnrealEditor.modules" 1022
"../../../Engine/Plugins/Runtime/AndroidDeviceProfileSelector/Binaries/Win64/UnrealEditor.modules" 1023
"../../../Engine/Plugins/Runtime/AppleImageUtils/Binaries/Win64/UnrealEditor.modules" 1024
"../../../Engine/Plugins/Runtime/ArchVisCharacter/Binaries/Win64/UnrealEditor.modules" 1025
"../../../Engine/Plugins/Runtime/AssetTags/Binaries/Win64/UnrealEditor.modules" 1026
"../../../Engine/Plugins/Runtime/ChunkDownloader/Binaries/Win64/UnrealEditor.modules" 1027
"../../../Engine/Plugins/Runtime/AndroidPermission/Binaries/Win64/UnrealEditor.modules" 1028
"../../../Engine/Plugins/Runtime/CableComponent/Binaries/Win64/UnrealEditor.modules" 1029
"../../../Engine/Plugins/Runtime/CustomMeshComponent/Binaries/Win64/UnrealEditor.modules" 1030
"../../../Engine/Plugins/Runtime/ExampleDeviceProfileSelector/Binaries/Win64/UnrealEditor.modules" 1031
"../../../Engine/Plugins/Runtime/GooglePAD/Binaries/Win64/UnrealEditor.modules" 1032
"../../../Engine/Plugins/Runtime/InputDebugging/Binaries/Win64/UnrealEditor.modules" 1033
"../../../Engine/Plugins/Runtime/LocationServicesBPLibrary/Binaries/Win64/UnrealEditor.modules" 1034
"../../../Engine/Plugins/Runtime/Metasound/Binaries/Win64/UnrealEditor.modules" 1035
"../../../Engine/Plugins/Editor/ContentBrowser/ContentBrowserAssetDataSource/Binaries/Win64/UnrealEditor.modules" 1036
"../../../Engine/Plugins/Runtime/WaveTable/Binaries/Win64/UnrealEditor.modules" 1037
"../../../Engine/Plugins/Runtime/MobilePatchingUtils/Binaries/Win64/UnrealEditor.modules" 1038
"../../../Engine/Plugins/Runtime/MsQuic/Binaries/Win64/UnrealEditor.modules" 1039
"../../../Engine/Plugins/Runtime/ResonanceAudio/Binaries/Win64/UnrealEditor.modules" 1040
"../../../Engine/Plugins/Runtime/SoundFields/Binaries/Win64/UnrealEditor.modules" 1041
"../../../Engine/Plugins/Runtime/WindowsDeviceProfileSelector/Binaries/Win64/UnrealEditor.modules" 1042
"../../../Engine/Plugins/Runtime/WindowsMoviePlayer/Binaries/Win64/UnrealEditor.modules" 1043
"../../../Engine/Plugins/Editor/AssetManagerEditor/Binaries/Win64/UnrealEditor.modules" 1044
"../../../Engine/Plugins/Runtime/Synthesis/Binaries/Win64/UnrealEditor.modules" 1045
"../../../Engine/Plugins/Editor/BlueprintHeaderView/Binaries/Win64/UnrealEditor.modules" 1046
"../../../Engine/Plugins/Editor/ChangelistReview/Binaries/Win64/UnrealEditor.modules" 1047
"../../../Engine/Plugins/Editor/CryptoKeys/Binaries/Win64/UnrealEditor.modules" 1048
"../../../Engine/Plugins/Editor/CurveEditorTools/Binaries/Win64/UnrealEditor.modules" 1049
"../../../Engine/Plugins/Editor/EditorDebugTools/Binaries/Win64/UnrealEditor.modules" 1050
"../../../Engine/Plugins/Runtime/WebMMoviePlayer/Binaries/Win64/UnrealEditor.modules" 1051
"../../../Engine/Plugins/Media/WebMMedia/Binaries/Win64/UnrealEditor.modules" 1052
"../../../Engine/Plugins/Editor/FacialAnimation/Binaries/Win64/UnrealEditor.modules" 1053
"../../../Engine/Plugins/Editor/GameplayTagsEditor/Binaries/Win64/UnrealEditor.modules" 1054
"../../../Engine/Plugins/Editor/ColorGrading/Binaries/Win64/UnrealEditor.modules" 1055
"../../../Engine/Plugins/Editor/ObjectMixer/ObjectMixer/Binaries/Win64/UnrealEditor.modules" 1056
"../../../Engine/Plugins/Editor/GeometryMode/Binaries/Win64/UnrealEditor.modules" 1057
"../../../Engine/Plugins/Editor/MaterialAnalyzer/Binaries/Win64/UnrealEditor.modules" 1058
"../../../Engine/Plugins/Editor/MobileLauncherProfileWizard/Binaries/Win64/UnrealEditor.modules" 1059
"../../../Engine/Plugins/Editor/PluginBrowser/Binaries/Win64/UnrealEditor.modules" 1060
"../../../Engine/Plugins/Editor/SpeedTreeImporter/Binaries/Win64/UnrealEditor.modules" 1061
"../../../Engine/Plugins/Editor/UMGWidgetPreview/Binaries/Win64/UnrealEditor.modules" 1062
"../../../Engine/Plugins/Editor/SequencerAnimTools/Binaries/Win64/UnrealEditor.modules" 1063
"../../../Engine/Plugins/FX/Cascade/Binaries/Win64/UnrealEditor.modules" 1064
"../../../Engine/Plugins/FX/NiagaraPreviewContent/Binaries/Win64/UnrealEditor.modules" 1065
"../../../Engine/Plugins/Marketplace/FabLauncher/Binaries/Win64/UnrealEditor.modules" 1066
"../../../Engine/Plugins/Importers/USDImporter/Binaries/Win64/UnrealEditor.modules" 1067
"../../../Engine/Plugins/Importers/AlembicImporter/Binaries/Win64/UnrealEditor.modules" 1068
"../../../Engine/Plugins/Runtime/USDCore/Binaries/Win64/UnrealEditor.modules" 1069
"../../../Engine/Plugins/Runtime/Analytics/AnalyticsBlueprintLibrary/Binaries/Win64/UnrealEditor.modules" 1070
"../../../Engine/Plugins/Animation/LiveLink/Binaries/Win64/UnrealEditor.modules" 1071
"../../../Engine/Plugins/Editor/WorldPartitionHLODUtilities/Binaries/Win64/UnrealEditor.modules" 1072
"../../../Engine/Plugins/Editor/UVEditor/Binaries/Win64/UnrealEditor.modules" 1073
"../../../Engine/Plugins/FX/NiagaraSimCaching/Binaries/Win64/UnrealEditor.modules" 1074
"../../../Engine/Plugins/Online/OnlineBase/Binaries/Win64/UnrealEditor.modules" 1075
"../../../Engine/Plugins/Online/OnlineSubsystemNull/Binaries/Win64/UnrealEditor.modules" 1076
"../../../Engine/Plugins/Online/OnlineSubsystem/Binaries/Win64/UnrealEditor.modules" 1077
"../../../Engine/Plugins/Online/OnlineSubsystemUtils/Binaries/Win64/UnrealEditor.modules" 1078
"../../../Engine/Plugins/Online/OnlineServices/Binaries/Win64/UnrealEditor.modules" 1079
"../../../Engine/Plugins/Tests/InterchangeTests/Binaries/Win64/UnrealEditor.modules" 1080
"../../../Engine/Plugins/AI/AISupport/Binaries/Win64/UnrealEditor.modules" 1081
"../../../Engine/Plugins/AI/EnvironmentQueryEditor/Binaries/Win64/UnrealEditor.modules" 1082
"../../../Engine/Plugins/2D/Paper2D/Binaries/Win64/UnrealEditor.modules" 1083
"../../../Engine/Plugins/Animation/ACLPlugin/Binaries/Win64/UnrealEditor.modules" 1084
"../../../Engine/Plugins/Animation/AnimationData/Binaries/Win64/UnrealEditor.modules" 1085
"../../../Engine/Plugins/Animation/BlendSpaceMotionAnalysis/Binaries/Win64/UnrealEditor.modules" 1086
"../../../Engine/Plugins/Animation/ControlRigSpline/Binaries/Win64/UnrealEditor.modules" 1087
"../../../Engine/Plugins/Animation/EaseCurveTool/Binaries/Win64/UnrealEditor.modules" 1088
"../../../Engine/Plugins/Animation/IKRig/Binaries/Win64/UnrealEditor.modules" 1089
"../../../Engine/Plugins/Experimental/FullBodyIK/Binaries/Win64/UnrealEditor.modules" 1090
"../../../Engine/Plugins/Cameras/CameraShakePreviewer/Binaries/Win64/UnrealEditor.modules" 1091
"../../../Engine/Plugins/Cameras/GameplayCameras/Binaries/Win64/UnrealEditor.modules" 1092
"../../../Engine/Plugins/Runtime/StateTree/Binaries/Win64/UnrealEditor.modules" 1093
"../../../Engine/Plugins/MovieScene/TemplateSequence/Binaries/Win64/UnrealEditor.modules" 1094
"../../../Engine/Plugins/Animation/GameplayInsights/Binaries/Win64/UnrealEditor.modules" 1095
"../../../Engine/Plugins/Runtime/PropertyBindingUtils/Binaries/Win64/UnrealEditor.modules" 1096
"../../../Engine/Plugins/Enterprise/GLTFExporter/Binaries/Win64/UnrealEditor.modules" 1097
"../../../Engine/Plugins/Compression/OodleNetwork/Binaries/Win64/UnrealEditor.modules" 1098
"../../../Engine/Plugins/Animation/AnimationModifierLibrary/Binaries/Win64/UnrealEditor.modules" 1099
"../../../Engine/Plugins/Media/AndroidMedia/Binaries/Win64/UnrealEditor.modules" 1100
"../../../Engine/Plugins/Cameras/EngineCameras/Binaries/Win64/UnrealEditor.modules" 1101
"../../../Engine/Plugins/Media/AvfMedia/Binaries/Win64/UnrealEditor.modules" 1102
"../../../Engine/Plugins/Media/ImgMedia/Binaries/Win64/UnrealEditor.modules" 1103
"../../../Engine/Plugins/Media/MediaPlayerEditor/Binaries/Win64/UnrealEditor.modules" 1104
"../../../Engine/Plugins/Media/MediaCompositing/Binaries/Win64/UnrealEditor.modules" 1105
"../../../Engine/Plugins/Media/MediaPlate/Binaries/Win64/UnrealEditor.modules" 1106
"../../../Engine/Plugins/Compositing/CompositeCore/Binaries/Win64/UnrealEditor.modules" 1107
"../../../Engine/Plugins/Enterprise/DatasmithContent/Binaries/Win64/UnrealEditor.modules" 1108
"../../../Engine/Plugins/Messaging/UdpMessaging/Binaries/Win64/UnrealEditor.modules" 1109
"../../../Engine/Plugins/Media/WmfMedia/Binaries/Win64/UnrealEditor.modules" 1110
"../../../Engine/Plugins/Messaging/TcpMessaging/Binaries/Win64/UnrealEditor.modules" 1111
"../../../Engine/Plugins/Portal/LauncherChunkInstaller/Binaries/Win64/UnrealEditor.modules" 1112
"../../../Engine/Plugins/NNE/NNEDenoiser/Binaries/Win64/UnrealEditor.modules" 1113
"../../../Engine/Plugins/NNE/NNERuntimeORT/Binaries/Win64/UnrealEditor.modules" 1114
"../../../Engine/Plugins/Editor/Localization/PortableObjectFileDataSource/Binaries/Win64/UnrealEditor.modules" 1115
"../../../Engine/Plugins/Editor/ObjectMixer/LightMixer/Binaries/Win64/UnrealEditor.modules" 1116
"../../../Engine/Plugins/Editor/ContentBrowser/ContentBrowserClassDataSource/Binaries/Win64/UnrealEditor.modules" 1117
"../../../Engine/Plugins/Runtime/Windows/XInputDevice/Binaries/Win64/UnrealEditor.modules" 1118
"../../../Engine/Config/BaseSourceControlSettings.ini" 1119
"C:/Users/meliss/AppData/Local/UnrealEngine/5.7/Saved/Config/WindowsEditor/SourceControlSettings.ini" 1120
"../../../Engine/Content/Internationalization/icudt64l/coll/ucadata.icu" 1121
"../../../Engine/Content/Internationalization/icudt64l/coll/pt.res" 1122
"../../../Engine/Content/Internationalization/icudt64l/coll/root.res" 1123
"../../../Engine/Content/Certificates/ThirdParty/cacert.pem" 1124
"../../../Engine/Config/ConsoleVariables.ini" 1125
"../../../Engine/Binaries/Win64/Android/UnrealEditor.modules" 1126
"../../../Engine/Binaries/Win64/IOS/UnrealEditor.modules" 1127
"../../../Engine/Binaries/Win64/Linux/UnrealEditor.modules" 1128
"../../../Engine/Content/Localization/Editor/en/Editor.locres" 1129
"../../../Engine/Content/Localization/Keywords/en/Keywords.locres" 1130
"../../../Engine/Content/Localization/Category/en/Category.locres" 1131
"../../../Engine/Content/Localization/ToolTips/en/ToolTips.locres" 1132
"../../../Engine/Content/Localization/PropertyNames/en/PropertyNames.locres" 1133
"../../../Engine/Content/Localization/Engine/en/Engine.locres" 1134
"../../../Engine/Plugins/MetaHuman/MetaHumanSDK/Content/Localization/MetaHumanSDK/en/MetaHumanSDK.locres" 1135
"../../../Engine/Plugins/MetaHuman/MetaHumanSDK/Content/Localization/MetaHumanSDK_Properties/en/MetaHumanSDK_Properties.locres" 1136
"../../../Engine/Plugins/MetaHuman/MetaHumanSDK/Content/Localization/MetaHumanSDK_Tooltips/en/MetaHumanSDK_Tooltips.locres" 1137
"../../../Engine/Plugins/Online/OnlineSubsystemUtils/Content/Localization/OnlineSubsystemUtils/en/OnlineSubsystemUtils.locres" 1138
"../../../Engine/Plugins/Online/OnlineSubsystem/Content/Localization/OnlineSubsystem/en/OnlineSubsystem.locres" 1139
"../../../Engine/Plugins/Online/Android/OnlineSubsystemGooglePlay/Content/Localization/OnlineSubsystemGooglePlay/en/OnlineSubsystemGooglePlay.locres" 1140
"../../../Engine/Plugins/Online/IOS/OnlineSubsystemIOS/Content/Localization/OnlineSubsystemIOS/en/OnlineSubsystemIOS.locres" 1141
"../../../Engine/Content/Internationalization/icudt64l/numberingSystems.res" 1142
"../../../Engine/Content/Internationalization/icudt64l/curr/supplementalData.res" 1143
"../../../Engine/Content/Internationalization/icudt64l/curr/pt.res" 1144
"../../../Engine/Content/Internationalization/icudt64l/curr/pool.res" 1145
"../../../Engine/Content/Internationalization/icudt64l/curr/root.res" 1146
"../../../Engine/Content/Internationalization/icudt64l/lang/af.res" 1147
"../../../Engine/Content/Internationalization/icudt64l/region/af.res" 1148
"../../../Engine/Content/Internationalization/icudt64l/lang/agq.res" 1149
"../../../Engine/Content/Internationalization/icudt64l/region/agq.res" 1150
"../../../Engine/Content/Internationalization/icudt64l/lang/ak.res" 1151
"../../../Engine/Content/Internationalization/icudt64l/region/ak.res" 1152
"../../../Engine/Content/Internationalization/icudt64l/lang/am.res" 1153
"../../../Engine/Content/Internationalization/icudt64l/region/am.res" 1154
"../../../Engine/Content/Internationalization/icudt64l/lang/ar.res" 1155
"../../../Engine/Content/Internationalization/icudt64l/region/ar.res" 1156
"../../../Engine/Content/Internationalization/icudt64l/region/ar_AE.res" 1157
"../../../Engine/Content/Internationalization/icudt64l/lang/ar_EG.res" 1158
"../../../Engine/Content/Internationalization/icudt64l/lang/ar_LY.res" 1159
"../../../Engine/Content/Internationalization/icudt64l/region/ar_LY.res" 1160
"../../../Engine/Content/Internationalization/icudt64l/lang/ar_SA.res" 1161
"../../../Engine/Content/Internationalization/icudt64l/region/ar_SA.res" 1162
"../../../Engine/Content/Internationalization/icudt64l/lang/as.res" 1163
"../../../Engine/Content/Internationalization/icudt64l/region/as.res" 1164
"../../../Engine/Content/Internationalization/icudt64l/lang/asa.res" 1165
"../../../Engine/Content/Internationalization/icudt64l/region/asa.res" 1166
"../../../Engine/Content/Internationalization/icudt64l/lang/ast.res" 1167
"../../../Engine/Content/Internationalization/icudt64l/region/ast.res" 1168
"../../../Engine/Content/Internationalization/icudt64l/lang/az.res" 1169
"../../../Engine/Content/Internationalization/icudt64l/lang/az_Cyrl.res" 1170
"../../../Engine/Content/Internationalization/icudt64l/lang/az_AZ.res" 1171
"../../../Engine/Content/Internationalization/icudt64l/lang/az_Latn_AZ.res" 1172
"../../../Engine/Content/Internationalization/icudt64l/lang/az_Latn.res" 1173
"../../../Engine/Content/Internationalization/icudt64l/region/az_AZ.res" 1174
"../../../Engine/Content/Internationalization/icudt64l/region/az_Latn_AZ.res" 1175
"../../../Engine/Content/Internationalization/icudt64l/region/az_Latn.res" 1176
"../../../Engine/Content/Internationalization/icudt64l/region/az.res" 1177
"../../../Engine/Content/Internationalization/icudt64l/region/az_Cyrl.res" 1178
"../../../Engine/Content/Internationalization/icudt64l/lang/bas.res" 1179
"../../../Engine/Content/Internationalization/icudt64l/region/bas.res" 1180
"../../../Engine/Content/Internationalization/icudt64l/lang/be.res" 1181
"../../../Engine/Content/Internationalization/icudt64l/region/be.res" 1182
"../../../Engine/Content/Internationalization/icudt64l/lang/bem.res" 1183
"../../../Engine/Content/Internationalization/icudt64l/region/bem.res" 1184
"../../../Engine/Content/Internationalization/icudt64l/lang/bez.res" 1185
"../../../Engine/Content/Internationalization/icudt64l/region/bez.res" 1186
"../../../Engine/Content/Internationalization/icudt64l/lang/bg.res" 1187
"../../../Engine/Content/Internationalization/icudt64l/region/bg.res" 1188
"../../../Engine/Content/Internationalization/icudt64l/lang/bm.res" 1189
"../../../Engine/Content/Internationalization/icudt64l/region/bm.res" 1190
"../../../Engine/Content/Internationalization/icudt64l/lang/bn.res" 1191
"../../../Engine/Content/Internationalization/icudt64l/region/bn.res" 1192
"../../../Engine/Content/Internationalization/icudt64l/lang/bn_IN.res" 1193
"../../../Engine/Content/Internationalization/icudt64l/region/bn_IN.res" 1194
"../../../Engine/Content/Internationalization/icudt64l/lang/bo.res" 1195
"../../../Engine/Content/Internationalization/icudt64l/region/bo.res" 1196
"../../../Engine/Content/Internationalization/icudt64l/region/bo_IN.res" 1197
"../../../Engine/Content/Internationalization/icudt64l/lang/br.res" 1198
"../../../Engine/Content/Internationalization/icudt64l/region/br.res" 1199
"../../../Engine/Content/Internationalization/icudt64l/lang/brx.res" 1200
"../../../Engine/Content/Internationalization/icudt64l/region/brx.res" 1201
"../../../Engine/Content/Internationalization/icudt64l/lang/bs.res" 1202
"../../../Engine/Content/Internationalization/icudt64l/lang/bs_Cyrl.res" 1203
"../../../Engine/Content/Internationalization/icudt64l/lang/bs_BA.res" 1204
"../../../Engine/Content/Internationalization/icudt64l/lang/bs_Latn_BA.res" 1205
"../../../Engine/Content/Internationalization/icudt64l/lang/bs_Latn.res" 1206
"../../../Engine/Content/Internationalization/icudt64l/region/bs_BA.res" 1207
"../../../Engine/Content/Internationalization/icudt64l/region/bs_Latn_BA.res" 1208
"../../../Engine/Content/Internationalization/icudt64l/region/bs_Latn.res" 1209
"../../../Engine/Content/Internationalization/icudt64l/region/bs.res" 1210
"../../../Engine/Content/Internationalization/icudt64l/region/bs_Cyrl.res" 1211
"../../../Engine/Content/Internationalization/icudt64l/lang/ca.res" 1212
"../../../Engine/Content/Internationalization/icudt64l/region/ca.res" 1213
"../../../Engine/Content/Internationalization/icudt64l/lang/ccp.res" 1214
"../../../Engine/Content/Internationalization/icudt64l/region/ccp.res" 1215
"../../../Engine/Content/Internationalization/icudt64l/lang/ce.res" 1216
"../../../Engine/Content/Internationalization/icudt64l/region/ce.res" 1217
"../../../Engine/Content/Internationalization/icudt64l/lang/ceb.res" 1218
"../../../Engine/Content/Internationalization/icudt64l/region/ceb.res" 1219
"../../../Engine/Content/Internationalization/icudt64l/lang/cgg.res" 1220
"../../../Engine/Content/Internationalization/icudt64l/region/cgg.res" 1221
"../../../Engine/Content/Internationalization/icudt64l/lang/chr.res" 1222
"../../../Engine/Content/Internationalization/icudt64l/region/chr.res" 1223
"../../../Engine/Content/Internationalization/icudt64l/lang/ckb.res" 1224
"../../../Engine/Content/Internationalization/icudt64l/region/ckb.res" 1225
"../../../Engine/Content/Internationalization/icudt64l/lang/cs.res" 1226
"../../../Engine/Content/Internationalization/icudt64l/region/cs.res" 1227
"../../../Engine/Content/Internationalization/icudt64l/lang/cy.res" 1228
"../../../Engine/Content/Internationalization/icudt64l/region/cy.res" 1229
"../../../Engine/Content/Internationalization/icudt64l/lang/da.res" 1230
"../../../Engine/Content/Internationalization/icudt64l/region/da.res" 1231
"../../../Engine/Content/Internationalization/icudt64l/lang/dav.res" 1232
"../../../Engine/Content/Internationalization/icudt64l/region/dav.res" 1233
"../../../Engine/Content/Internationalization/icudt64l/lang/de.res" 1234
"../../../Engine/Content/Internationalization/icudt64l/lang/de_AT.res" 1235
"../../../Engine/Content/Internationalization/icudt64l/region/de_AT.res" 1236
"../../../Engine/Content/Internationalization/icudt64l/region/de.res" 1237
"../../../Engine/Content/Internationalization/icudt64l/lang/de_CH.res" 1238
"../../../Engine/Content/Internationalization/icudt64l/region/de_CH.res" 1239
"../../../Engine/Content/Internationalization/icudt64l/lang/de_LU.res" 1240
"../../../Engine/Content/Internationalization/icudt64l/lang/dje.res" 1241
"../../../Engine/Content/Internationalization/icudt64l/region/dje.res" 1242
"../../../Engine/Content/Internationalization/icudt64l/lang/dsb.res" 1243
"../../../Engine/Content/Internationalization/icudt64l/region/dsb.res" 1244
"../../../Engine/Content/Internationalization/icudt64l/lang/dua.res" 1245
"../../../Engine/Content/Internationalization/icudt64l/region/dua.res" 1246
"../../../Engine/Content/Internationalization/icudt64l/lang/dyo.res" 1247
"../../../Engine/Content/Internationalization/icudt64l/region/dyo.res" 1248
"../../../Engine/Content/Internationalization/icudt64l/lang/dz.res" 1249
"../../../Engine/Content/Internationalization/icudt64l/region/dz.res" 1250
"../../../Engine/Content/Internationalization/icudt64l/lang/ebu.res" 1251
"../../../Engine/Content/Internationalization/icudt64l/region/ebu.res" 1252
"../../../Engine/Content/Internationalization/icudt64l/lang/ee.res" 1253
"../../../Engine/Content/Internationalization/icudt64l/region/ee.res" 1254
"../../../Engine/Content/Internationalization/icudt64l/lang/el.res" 1255
"../../../Engine/Content/Internationalization/icudt64l/region/el.res" 1256
"../../../Engine/Content/Internationalization/icudt64l/lang/en_001.res" 1257
"../../../Engine/Content/Internationalization/icudt64l/lang/en_150.res" 1258
"../../../Engine/Content/Internationalization/icudt64l/region/en_150.res" 1259
"../../../Engine/Content/Internationalization/icudt64l/lang/en_AG.res" 1260
"../../../Engine/Content/Internationalization/icudt64l/region/en_AG.res" 1261
"../../../Engine/Content/Internationalization/icudt64l/lang/en_AI.res" 1262
"../../../Engine/Content/Internationalization/icudt64l/region/en_AI.res" 1263
"../../../Engine/Content/Internationalization/icudt64l/lang/en_AT.res" 1264
"../../../Engine/Content/Internationalization/icudt64l/region/en_AT.res" 1265
"../../../Engine/Content/Internationalization/icudt64l/lang/en_AU.res" 1266
"../../../Engine/Content/Internationalization/icudt64l/region/en_AU.res" 1267
"../../../Engine/Content/Internationalization/icudt64l/lang/en_BB.res" 1268
"../../../Engine/Content/Internationalization/icudt64l/region/en_BB.res" 1269
"../../../Engine/Content/Internationalization/icudt64l/lang/en_BE.res" 1270
"../../../Engine/Content/Internationalization/icudt64l/region/en_BE.res" 1271
"../../../Engine/Content/Internationalization/icudt64l/lang/en_BM.res" 1272
"../../../Engine/Content/Internationalization/icudt64l/region/en_BM.res" 1273
"../../../Engine/Content/Internationalization/icudt64l/lang/en_BS.res" 1274
"../../../Engine/Content/Internationalization/icudt64l/region/en_BS.res" 1275
"../../../Engine/Content/Internationalization/icudt64l/lang/en_BW.res" 1276
"../../../Engine/Content/Internationalization/icudt64l/region/en_BW.res" 1277
"../../../Engine/Content/Internationalization/icudt64l/lang/en_BZ.res" 1278
"../../../Engine/Content/Internationalization/icudt64l/region/en_BZ.res" 1279
"../../../Engine/Content/Internationalization/icudt64l/lang/en_CA.res" 1280
"../../../Engine/Content/Internationalization/icudt64l/region/en_CA.res" 1281
"../../../Engine/Content/Internationalization/icudt64l/lang/en_CC.res" 1282
"../../../Engine/Content/Internationalization/icudt64l/region/en_CC.res" 1283
"../../../Engine/Content/Internationalization/icudt64l/lang/en_CH.res" 1284
"../../../Engine/Content/Internationalization/icudt64l/region/en_CH.res" 1285
"../../../Engine/Content/Internationalization/icudt64l/lang/en_CK.res" 1286
"../../../Engine/Content/Internationalization/icudt64l/region/en_CK.res" 1287
"../../../Engine/Content/Internationalization/icudt64l/lang/en_CM.res" 1288
"../../../Engine/Content/Internationalization/icudt64l/region/en_CM.res" 1289
"../../../Engine/Content/Internationalization/icudt64l/lang/en_CX.res" 1290
"../../../Engine/Content/Internationalization/icudt64l/region/en_CX.res" 1291
"../../../Engine/Content/Internationalization/icudt64l/lang/en_CY.res" 1292
"../../../Engine/Content/Internationalization/icudt64l/region/en_CY.res" 1293
"../../../Engine/Content/Internationalization/icudt64l/lang/en_DE.res" 1294
"../../../Engine/Content/Internationalization/icudt64l/region/en_DE.res" 1295
"../../../Engine/Content/Internationalization/icudt64l/lang/en_DG.res" 1296
"../../../Engine/Content/Internationalization/icudt64l/region/en_DG.res" 1297
"../../../Engine/Content/Internationalization/icudt64l/lang/en_DK.res" 1298
"../../../Engine/Content/Internationalization/icudt64l/region/en_DK.res" 1299
"../../../Engine/Content/Internationalization/icudt64l/lang/en_DM.res" 1300
"../../../Engine/Content/Internationalization/icudt64l/region/en_DM.res" 1301
"../../../Engine/Content/Internationalization/icudt64l/lang/en_ER.res" 1302
"../../../Engine/Content/Internationalization/icudt64l/region/en_ER.res" 1303
"../../../Engine/Content/Internationalization/icudt64l/lang/en_FI.res" 1304
"../../../Engine/Content/Internationalization/icudt64l/region/en_FI.res" 1305
"../../../Engine/Content/Internationalization/icudt64l/lang/en_FJ.res" 1306
"../../../Engine/Content/Internationalization/icudt64l/region/en_FJ.res" 1307
"../../../Engine/Content/Internationalization/icudt64l/lang/en_FK.res" 1308
"../../../Engine/Content/Internationalization/icudt64l/region/en_FK.res" 1309
"../../../Engine/Content/Internationalization/icudt64l/lang/en_FM.res" 1310
"../../../Engine/Content/Internationalization/icudt64l/region/en_FM.res" 1311
"../../../Engine/Content/Internationalization/icudt64l/lang/en_GB.res" 1312
"../../../Engine/Content/Internationalization/icudt64l/region/en_GB.res" 1313
"../../../Engine/Content/Internationalization/icudt64l/lang/en_GD.res" 1314
"../../../Engine/Content/Internationalization/icudt64l/region/en_GD.res" 1315
"../../../Engine/Content/Internationalization/icudt64l/lang/en_GG.res" 1316
"../../../Engine/Content/Internationalization/icudt64l/region/en_GG.res" 1317
"../../../Engine/Content/Internationalization/icudt64l/lang/en_GH.res" 1318
"../../../Engine/Content/Internationalization/icudt64l/region/en_GH.res" 1319
"../../../Engine/Content/Internationalization/icudt64l/lang/en_GI.res" 1320
"../../../Engine/Content/Internationalization/icudt64l/region/en_GI.res" 1321
"../../../Engine/Content/Internationalization/icudt64l/lang/en_GM.res" 1322
"../../../Engine/Content/Internationalization/icudt64l/region/en_GM.res" 1323
"../../../Engine/Content/Internationalization/icudt64l/lang/en_GY.res" 1324
"../../../Engine/Content/Internationalization/icudt64l/region/en_GY.res" 1325
"../../../Engine/Content/Internationalization/icudt64l/lang/en_HK.res" 1326
"../../../Engine/Content/Internationalization/icudt64l/region/en_HK.res" 1327
"../../../Engine/Content/Internationalization/icudt64l/lang/en_IE.res" 1328
"../../../Engine/Content/Internationalization/icudt64l/region/en_IE.res" 1329
"../../../Engine/Content/Internationalization/icudt64l/lang/en_IL.res" 1330
"../../../Engine/Content/Internationalization/icudt64l/region/en_IL.res" 1331
"../../../Engine/Content/Internationalization/icudt64l/lang/en_IM.res" 1332
"../../../Engine/Content/Internationalization/icudt64l/region/en_IM.res" 1333
"../../../Engine/Content/Internationalization/icudt64l/lang/en_IN.res" 1334
"../../../Engine/Content/Internationalization/icudt64l/region/en_IN.res" 1335
"../../../Engine/Content/Internationalization/icudt64l/lang/en_IO.res" 1336
"../../../Engine/Content/Internationalization/icudt64l/region/en_IO.res" 1337
"../../../Engine/Content/Internationalization/icudt64l/lang/en_JE.res" 1338
"../../../Engine/Content/Internationalization/icudt64l/region/en_JE.res" 1339
"../../../Engine/Content/Internationalization/icudt64l/lang/en_JM.res" 1340
"../../../Engine/Content/Internationalization/icudt64l/region/en_JM.res" 1341
"../../../Engine/Content/Internationalization/icudt64l/lang/en_KE.res" 1342
"../../../Engine/Content/Internationalization/icudt64l/region/en_KE.res" 1343
"../../../Engine/Content/Internationalization/icudt64l/lang/en_KI.res" 1344
"../../../Engine/Content/Internationalization/icudt64l/region/en_KI.res" 1345
"../../../Engine/Content/Internationalization/icudt64l/lang/en_KN.res" 1346
"../../../Engine/Content/Internationalization/icudt64l/region/en_KN.res" 1347
"../../../Engine/Content/Internationalization/icudt64l/lang/en_KY.res" 1348
"../../../Engine/Content/Internationalization/icudt64l/region/en_KY.res" 1349
"../../../Engine/Content/Internationalization/icudt64l/lang/en_LC.res" 1350
"../../../Engine/Content/Internationalization/icudt64l/region/en_LC.res" 1351
"../../../Engine/Content/Internationalization/icudt64l/lang/en_LR.res" 1352
"../../../Engine/Content/Internationalization/icudt64l/region/en_LR.res" 1353
"../../../Engine/Content/Internationalization/icudt64l/lang/en_LS.res" 1354
"../../../Engine/Content/Internationalization/icudt64l/region/en_LS.res" 1355
"../../../Engine/Content/Internationalization/icudt64l/lang/en_MG.res" 1356
"../../../Engine/Content/Internationalization/icudt64l/region/en_MG.res" 1357
"../../../Engine/Content/Internationalization/icudt64l/lang/en_MO.res" 1358
"../../../Engine/Content/Internationalization/icudt64l/region/en_MO.res" 1359
"../../../Engine/Content/Internationalization/icudt64l/lang/en_MS.res" 1360
"../../../Engine/Content/Internationalization/icudt64l/region/en_MS.res" 1361
"../../../Engine/Content/Internationalization/icudt64l/lang/en_MT.res" 1362
"../../../Engine/Content/Internationalization/icudt64l/region/en_MT.res" 1363
"../../../Engine/Content/Internationalization/icudt64l/lang/en_MU.res" 1364
"../../../Engine/Content/Internationalization/icudt64l/region/en_MU.res" 1365
"../../../Engine/Content/Internationalization/icudt64l/lang/en_MW.res" 1366
"../../../Engine/Content/Internationalization/icudt64l/region/en_MW.res" 1367
"../../../Engine/Content/Internationalization/icudt64l/lang/en_MY.res" 1368
"../../../Engine/Content/Internationalization/icudt64l/region/en_MY.res" 1369
"../../../Engine/Content/Internationalization/icudt64l/lang/en_NA.res" 1370
"../../../Engine/Content/Internationalization/icudt64l/region/en_NA.res" 1371
"../../../Engine/Content/Internationalization/icudt64l/lang/en_NF.res" 1372
"../../../Engine/Content/Internationalization/icudt64l/region/en_NF.res" 1373
"../../../Engine/Content/Internationalization/icudt64l/lang/en_NG.res" 1374
"../../../Engine/Content/Internationalization/icudt64l/region/en_NG.res" 1375
"../../../Engine/Content/Internationalization/icudt64l/lang/en_NL.res" 1376
"../../../Engine/Content/Internationalization/icudt64l/region/en_NL.res" 1377
"../../../Engine/Content/Internationalization/icudt64l/lang/en_NR.res" 1378
"../../../Engine/Content/Internationalization/icudt64l/region/en_NR.res" 1379
"../../../Engine/Content/Internationalization/icudt64l/lang/en_NU.res" 1380
"../../../Engine/Content/Internationalization/icudt64l/region/en_NU.res" 1381
"../../../Engine/Content/Internationalization/icudt64l/lang/en_NZ.res" 1382
"../../../Engine/Content/Internationalization/icudt64l/region/en_NZ.res" 1383
"../../../Engine/Content/Internationalization/icudt64l/lang/en_PG.res" 1384
"../../../Engine/Content/Internationalization/icudt64l/region/en_PG.res" 1385
"../../../Engine/Content/Internationalization/icudt64l/lang/en_PH.res" 1386
"../../../Engine/Content/Internationalization/icudt64l/region/en_PH.res" 1387
"../../../Engine/Content/Internationalization/icudt64l/lang/en_PK.res" 1388
"../../../Engine/Content/Internationalization/icudt64l/region/en_PK.res" 1389
"../../../Engine/Content/Internationalization/icudt64l/lang/en_PN.res" 1390
"../../../Engine/Content/Internationalization/icudt64l/region/en_PN.res" 1391
"../../../Engine/Content/Internationalization/icudt64l/lang/en_PW.res" 1392
"../../../Engine/Content/Internationalization/icudt64l/region/en_PW.res" 1393
"../../../Engine/Content/Internationalization/icudt64l/lang/en_RW.res" 1394
"../../../Engine/Content/Internationalization/icudt64l/region/en_RW.res" 1395
"../../../Engine/Content/Internationalization/icudt64l/lang/en_SB.res" 1396
"../../../Engine/Content/Internationalization/icudt64l/region/en_SB.res" 1397
"../../../Engine/Content/Internationalization/icudt64l/lang/en_SC.res" 1398
"../../../Engine/Content/Internationalization/icudt64l/region/en_SC.res" 1399
"../../../Engine/Content/Internationalization/icudt64l/lang/en_SD.res" 1400
"../../../Engine/Content/Internationalization/icudt64l/region/en_SD.res" 1401
"../../../Engine/Content/Internationalization/icudt64l/lang/en_SE.res" 1402
"../../../Engine/Content/Internationalization/icudt64l/region/en_SE.res" 1403
"../../../Engine/Content/Internationalization/icudt64l/lang/en_SG.res" 1404
"../../../Engine/Content/Internationalization/icudt64l/region/en_SG.res" 1405
"../../../Engine/Content/Internationalization/icudt64l/lang/en_SH.res" 1406
"../../../Engine/Content/Internationalization/icudt64l/region/en_SH.res" 1407
"../../../Engine/Content/Internationalization/icudt64l/lang/en_SI.res" 1408
"../../../Engine/Content/Internationalization/icudt64l/region/en_SI.res" 1409
"../../../Engine/Content/Internationalization/icudt64l/lang/en_SL.res" 1410
"../../../Engine/Content/Internationalization/icudt64l/region/en_SL.res" 1411
"../../../Engine/Content/Internationalization/icudt64l/lang/en_SS.res" 1412
"../../../Engine/Content/Internationalization/icudt64l/region/en_SS.res" 1413
"../../../Engine/Content/Internationalization/icudt64l/lang/en_SX.res" 1414
"../../../Engine/Content/Internationalization/icudt64l/region/en_SX.res" 1415
"../../../Engine/Content/Internationalization/icudt64l/lang/en_SZ.res" 1416
"../../../Engine/Content/Internationalization/icudt64l/region/en_SZ.res" 1417
"../../../Engine/Content/Internationalization/icudt64l/lang/en_TC.res" 1418
"../../../Engine/Content/Internationalization/icudt64l/region/en_TC.res" 1419
"../../../Engine/Content/Internationalization/icudt64l/lang/en_TK.res" 1420
"../../../Engine/Content/Internationalization/icudt64l/region/en_TK.res" 1421
"../../../Engine/Content/Internationalization/icudt64l/lang/en_TO.res" 1422
"../../../Engine/Content/Internationalization/icudt64l/region/en_TO.res" 1423
"../../../Engine/Content/Internationalization/icudt64l/lang/en_TT.res" 1424
"../../../Engine/Content/Internationalization/icudt64l/region/en_TT.res" 1425
"../../../Engine/Content/Internationalization/icudt64l/lang/en_TV.res" 1426
"../../../Engine/Content/Internationalization/icudt64l/region/en_TV.res" 1427
"../../../Engine/Content/Internationalization/icudt64l/lang/en_TZ.res" 1428
"../../../Engine/Content/Internationalization/icudt64l/region/en_TZ.res" 1429
"../../../Engine/Content/Internationalization/icudt64l/lang/en_UG.res" 1430
"../../../Engine/Content/Internationalization/icudt64l/region/en_UG.res" 1431
"../../../Engine/Content/Internationalization/icudt64l/lang/en_VC.res" 1432
"../../../Engine/Content/Internationalization/icudt64l/region/en_VC.res" 1433
"../../../Engine/Content/Internationalization/icudt64l/lang/en_VG.res" 1434
"../../../Engine/Content/Internationalization/icudt64l/region/en_VG.res" 1435
"../../../Engine/Content/Internationalization/icudt64l/lang/en_VU.res" 1436
"../../../Engine/Content/Internationalization/icudt64l/region/en_VU.res" 1437
"../../../Engine/Content/Internationalization/icudt64l/lang/en_WS.res" 1438
"../../../Engine/Content/Internationalization/icudt64l/region/en_WS.res" 1439
"../../../Engine/Content/Internationalization/icudt64l/lang/en_ZA.res" 1440
"../../../Engine/Content/Internationalization/icudt64l/region/en_ZA.res" 1441
"../../../Engine/Content/Internationalization/icudt64l/lang/en_ZM.res" 1442
"../../../Engine/Content/Internationalization/icudt64l/region/en_ZM.res" 1443
"../../../Engine/Content/Internationalization/icudt64l/lang/en_ZW.res" 1444
"../../../Engine/Content/Internationalization/icudt64l/region/en_ZW.res" 1445
"../../../Engine/Content/Internationalization/icudt64l/lang/eo.res" 1446
"../../../Engine/Content/Internationalization/icudt64l/region/eo.res" 1447
"../../../Engine/Content/Internationalization/icudt64l/lang/es.res" 1448
"../../../Engine/Content/Internationalization/icudt64l/lang/es_419.res" 1449
"../../../Engine/Content/Internationalization/icudt64l/region/es_419.res" 1450
"../../../Engine/Content/Internationalization/icudt64l/region/es.res" 1451
"../../../Engine/Content/Internationalization/icudt64l/lang/es_AR.res" 1452
"../../../Engine/Content/Internationalization/icudt64l/region/es_AR.res" 1453
"../../../Engine/Content/Internationalization/icudt64l/lang/es_BO.res" 1454
"../../../Engine/Content/Internationalization/icudt64l/region/es_BO.res" 1455
"../../../Engine/Content/Internationalization/icudt64l/lang/es_BR.res" 1456
"../../../Engine/Content/Internationalization/icudt64l/region/es_BR.res" 1457
"../../../Engine/Content/Internationalization/icudt64l/lang/es_BZ.res" 1458
"../../../Engine/Content/Internationalization/icudt64l/region/es_BZ.res" 1459
"../../../Engine/Content/Internationalization/icudt64l/lang/es_CL.res" 1460
"../../../Engine/Content/Internationalization/icudt64l/region/es_CL.res" 1461
"../../../Engine/Content/Internationalization/icudt64l/lang/es_CO.res" 1462
"../../../Engine/Content/Internationalization/icudt64l/region/es_CO.res" 1463
"../../../Engine/Content/Internationalization/icudt64l/lang/es_CR.res" 1464
"../../../Engine/Content/Internationalization/icudt64l/region/es_CR.res" 1465
"../../../Engine/Content/Internationalization/icudt64l/lang/es_CU.res" 1466
"../../../Engine/Content/Internationalization/icudt64l/region/es_CU.res" 1467
"../../../Engine/Content/Internationalization/icudt64l/lang/es_DO.res" 1468
"../../../Engine/Content/Internationalization/icudt64l/region/es_DO.res" 1469
"../../../Engine/Content/Internationalization/icudt64l/lang/es_EC.res" 1470
"../../../Engine/Content/Internationalization/icudt64l/region/es_EC.res" 1471
"../../../Engine/Content/Internationalization/icudt64l/lang/es_GT.res" 1472
"../../../Engine/Content/Internationalization/icudt64l/region/es_GT.res" 1473
"../../../Engine/Content/Internationalization/icudt64l/lang/es_HN.res" 1474
"../../../Engine/Content/Internationalization/icudt64l/region/es_HN.res" 1475
"../../../Engine/Content/Internationalization/icudt64l/lang/es_MX.res" 1476
"../../../Engine/Content/Internationalization/icudt64l/region/es_MX.res" 1477
"../../../Engine/Content/Internationalization/icudt64l/lang/es_NI.res" 1478
"../../../Engine/Content/Internationalization/icudt64l/region/es_NI.res" 1479
"../../../Engine/Content/Internationalization/icudt64l/lang/es_PA.res" 1480
"../../../Engine/Content/Internationalization/icudt64l/region/es_PA.res" 1481
"../../../Engine/Content/Internationalization/icudt64l/lang/es_PE.res" 1482
"../../../Engine/Content/Internationalization/icudt64l/region/es_PE.res" 1483
"../../../Engine/Content/Internationalization/icudt64l/lang/es_PR.res" 1484
"../../../Engine/Content/Internationalization/icudt64l/region/es_PR.res" 1485
"../../../Engine/Content/Internationalization/icudt64l/lang/es_PY.res" 1486
"../../../Engine/Content/Internationalization/icudt64l/region/es_PY.res" 1487
"../../../Engine/Content/Internationalization/icudt64l/lang/es_SV.res" 1488
"../../../Engine/Content/Internationalization/icudt64l/region/es_SV.res" 1489
"../../../Engine/Content/Internationalization/icudt64l/lang/es_US.res" 1490
"../../../Engine/Content/Internationalization/icudt64l/region/es_US.res" 1491
"../../../Engine/Content/Internationalization/icudt64l/lang/es_UY.res" 1492
"../../../Engine/Content/Internationalization/icudt64l/region/es_UY.res" 1493
"../../../Engine/Content/Internationalization/icudt64l/lang/es_VE.res" 1494
"../../../Engine/Content/Internationalization/icudt64l/region/es_VE.res" 1495
"../../../Engine/Content/Internationalization/icudt64l/lang/et.res" 1496
"../../../Engine/Content/Internationalization/icudt64l/region/et.res" 1497
"../../../Engine/Content/Internationalization/icudt64l/lang/eu.res" 1498
"../../../Engine/Content/Internationalization/icudt64l/region/eu.res" 1499
"../../../Engine/Content/Internationalization/icudt64l/lang/ewo.res" 1500
"../../../Engine/Content/Internationalization/icudt64l/region/ewo.res" 1501
"../../../Engine/Content/Internationalization/icudt64l/lang/fa.res" 1502
"../../../Engine/Content/Internationalization/icudt64l/lang/fa_AF.res" 1503
"../../../Engine/Content/Internationalization/icudt64l/region/fa_AF.res" 1504
"../../../Engine/Content/Internationalization/icudt64l/region/fa.res" 1505
"../../../Engine/Content/Internationalization/icudt64l/lang/ff.res" 1506
"../../../Engine/Content/Internationalization/icudt64l/lang/ff_Latn.res" 1507
"../../../Engine/Content/Internationalization/icudt64l/region/ff.res" 1508
"../../../Engine/Content/Internationalization/icudt64l/region/ff_Latn.res" 1509
"../../../Engine/Content/Internationalization/icudt64l/lang/ff_CM.res" 1510
"../../../Engine/Content/Internationalization/icudt64l/lang/ff_Latn_CM.res" 1511
"../../../Engine/Content/Internationalization/icudt64l/region/ff_CM.res" 1512
"../../../Engine/Content/Internationalization/icudt64l/region/ff_Latn_CM.res" 1513
"../../../Engine/Content/Internationalization/icudt64l/lang/ff_GN.res" 1514
"../../../Engine/Content/Internationalization/icudt64l/lang/ff_Latn_GN.res" 1515
"../../../Engine/Content/Internationalization/icudt64l/region/ff_GN.res" 1516
"../../../Engine/Content/Internationalization/icudt64l/region/ff_Latn_GN.res" 1517
"../../../Engine/Content/Internationalization/icudt64l/lang/ff_MR.res" 1518
"../../../Engine/Content/Internationalization/icudt64l/lang/ff_Latn_MR.res" 1519
"../../../Engine/Content/Internationalization/icudt64l/region/ff_MR.res" 1520
"../../../Engine/Content/Internationalization/icudt64l/region/ff_Latn_MR.res" 1521
"../../../Engine/Content/Internationalization/icudt64l/lang/ff_SN.res" 1522
"../../../Engine/Content/Internationalization/icudt64l/lang/ff_Latn_SN.res" 1523
"../../../Engine/Content/Internationalization/icudt64l/region/ff_SN.res" 1524
"../../../Engine/Content/Internationalization/icudt64l/region/ff_Latn_SN.res" 1525
"../../../Engine/Content/Internationalization/icudt64l/lang/fi.res" 1526
"../../../Engine/Content/Internationalization/icudt64l/region/fi.res" 1527
"../../../Engine/Content/Internationalization/icudt64l/lang/fil.res" 1528
"../../../Engine/Content/Internationalization/icudt64l/lang/fil_PH.res" 1529
"../../../Engine/Content/Internationalization/icudt64l/region/fil_PH.res" 1530
"../../../Engine/Content/Internationalization/icudt64l/region/fil.res" 1531
"../../../Engine/Content/Internationalization/icudt64l/lang/fo.res" 1532
"../../../Engine/Content/Internationalization/icudt64l/region/fo.res" 1533
"../../../Engine/Content/Internationalization/icudt64l/lang/fr.res" 1534
"../../../Engine/Content/Internationalization/icudt64l/lang/fr_BE.res" 1535
"../../../Engine/Content/Internationalization/icudt64l/region/fr_BE.res" 1536
"../../../Engine/Content/Internationalization/icudt64l/region/fr.res" 1537
"../../../Engine/Content/Internationalization/icudt64l/lang/fr_CA.res" 1538
"../../../Engine/Content/Internationalization/icudt64l/region/fr_CA.res" 1539
"../../../Engine/Content/Internationalization/icudt64l/lang/fr_CH.res" 1540
"../../../Engine/Content/Internationalization/icudt64l/lang/fur.res" 1541
"../../../Engine/Content/Internationalization/icudt64l/region/fur.res" 1542
"../../../Engine/Content/Internationalization/icudt64l/lang/fy.res" 1543
"../../../Engine/Content/Internationalization/icudt64l/region/fy.res" 1544
"../../../Engine/Content/Internationalization/icudt64l/lang/ga.res" 1545
"../../../Engine/Content/Internationalization/icudt64l/region/ga.res" 1546
"../../../Engine/Content/Internationalization/icudt64l/lang/gd.res" 1547
"../../../Engine/Content/Internationalization/icudt64l/region/gd.res" 1548
"../../../Engine/Content/Internationalization/icudt64l/lang/gl.res" 1549
"../../../Engine/Content/Internationalization/icudt64l/region/gl.res" 1550
"../../../Engine/Content/Internationalization/icudt64l/lang/gsw.res" 1551
"../../../Engine/Content/Internationalization/icudt64l/region/gsw.res" 1552
"../../../Engine/Content/Internationalization/icudt64l/lang/gu.res" 1553
"../../../Engine/Content/Internationalization/icudt64l/region/gu.res" 1554
"../../../Engine/Content/Internationalization/icudt64l/lang/guz.res" 1555
"../../../Engine/Content/Internationalization/icudt64l/region/guz.res" 1556
"../../../Engine/Content/Internationalization/icudt64l/lang/gv.res" 1557
"../../../Engine/Content/Internationalization/icudt64l/region/gv.res" 1558
"../../../Engine/Content/Internationalization/icudt64l/lang/ha.res" 1559
"../../../Engine/Content/Internationalization/icudt64l/region/ha.res" 1560
"../../../Engine/Content/Internationalization/icudt64l/lang/ha_NE.res" 1561
"../../../Engine/Content/Internationalization/icudt64l/region/ha_NE.res" 1562
"../../../Engine/Content/Internationalization/icudt64l/lang/haw.res" 1563
"../../../Engine/Content/Internationalization/icudt64l/region/haw.res" 1564
"../../../Engine/Content/Internationalization/icudt64l/lang/he.res" 1565
"../../../Engine/Content/Internationalization/icudt64l/lang/he_IL.res" 1566
"../../../Engine/Content/Internationalization/icudt64l/region/he_IL.res" 1567
"../../../Engine/Content/Internationalization/icudt64l/region/he.res" 1568
"../../../Engine/Content/Internationalization/icudt64l/lang/hi.res" 1569
"../../../Engine/Content/Internationalization/icudt64l/region/hi.res" 1570
"../../../Engine/Content/Internationalization/icudt64l/lang/hr.res" 1571
"../../../Engine/Content/Internationalization/icudt64l/region/hr.res" 1572
"../../../Engine/Content/Internationalization/icudt64l/lang/hsb.res" 1573
"../../../Engine/Content/Internationalization/icudt64l/region/hsb.res" 1574
"../../../Engine/Content/Internationalization/icudt64l/lang/hu.res" 1575
"../../../Engine/Content/Internationalization/icudt64l/region/hu.res" 1576
"../../../Engine/Content/Internationalization/icudt64l/lang/hy.res" 1577
"../../../Engine/Content/Internationalization/icudt64l/region/hy.res" 1578
"../../../Engine/Content/Internationalization/icudt64l/lang/ia.res" 1579
"../../../Engine/Content/Internationalization/icudt64l/region/ia.res" 1580
"../../../Engine/Content/Internationalization/icudt64l/lang/id.res" 1581
"../../../Engine/Content/Internationalization/icudt64l/lang/id_ID.res" 1582
"../../../Engine/Content/Internationalization/icudt64l/region/id_ID.res" 1583
"../../../Engine/Content/Internationalization/icudt64l/region/id.res" 1584
"../../../Engine/Content/Internationalization/icudt64l/lang/ig.res" 1585
"../../../Engine/Content/Internationalization/icudt64l/region/ig.res" 1586
"../../../Engine/Content/Internationalization/icudt64l/lang/ii.res" 1587
"../../../Engine/Content/Internationalization/icudt64l/region/ii.res" 1588
"../../../Engine/Content/Internationalization/icudt64l/lang/is.res" 1589
"../../../Engine/Content/Internationalization/icudt64l/region/is.res" 1590
"../../../Engine/Content/Internationalization/icudt64l/lang/it.res" 1591
"../../../Engine/Content/Internationalization/icudt64l/region/it.res" 1592
"../../../Engine/Content/Internationalization/icudt64l/lang/ja.res" 1593
"../../../Engine/Content/Internationalization/icudt64l/lang/ja_JP.res" 1594
"../../../Engine/Content/Internationalization/icudt64l/region/ja_JP.res" 1595
"../../../Engine/Content/Internationalization/icudt64l/region/ja.res" 1596
"../../../Engine/Content/Internationalization/icudt64l/lang/jgo.res" 1597
"../../../Engine/Content/Internationalization/icudt64l/region/jgo.res" 1598
"../../../Engine/Content/Internationalization/icudt64l/lang/jmc.res" 1599
"../../../Engine/Content/Internationalization/icudt64l/region/jmc.res" 1600
"../../../Engine/Content/Internationalization/icudt64l/lang/jv.res" 1601
"../../../Engine/Content/Internationalization/icudt64l/region/jv.res" 1602
"../../../Engine/Content/Internationalization/icudt64l/lang/ka.res" 1603
"../../../Engine/Content/Internationalization/icudt64l/region/ka.res" 1604
"../../../Engine/Content/Internationalization/icudt64l/lang/kab.res" 1605
"../../../Engine/Content/Internationalization/icudt64l/region/kab.res" 1606
"../../../Engine/Content/Internationalization/icudt64l/lang/kam.res" 1607
"../../../Engine/Content/Internationalization/icudt64l/region/kam.res" 1608
"../../../Engine/Content/Internationalization/icudt64l/lang/kde.res" 1609
"../../../Engine/Content/Internationalization/icudt64l/region/kde.res" 1610
"../../../Engine/Content/Internationalization/icudt64l/lang/kea.res" 1611
"../../../Engine/Content/Internationalization/icudt64l/region/kea.res" 1612
"../../../Engine/Content/Internationalization/icudt64l/lang/khq.res" 1613
"../../../Engine/Content/Internationalization/icudt64l/region/khq.res" 1614
"../../../Engine/Content/Internationalization/icudt64l/lang/ki.res" 1615
"../../../Engine/Content/Internationalization/icudt64l/region/ki.res" 1616
"../../../Engine/Content/Internationalization/icudt64l/lang/kk.res" 1617
"../../../Engine/Content/Internationalization/icudt64l/region/kk.res" 1618
"../../../Engine/Content/Internationalization/icudt64l/lang/kkj.res" 1619
"../../../Engine/Content/Internationalization/icudt64l/region/kkj.res" 1620
"../../../Engine/Content/Internationalization/icudt64l/lang/kl.res" 1621
"../../../Engine/Content/Internationalization/icudt64l/region/kl.res" 1622
"../../../Engine/Content/Internationalization/icudt64l/lang/kln.res" 1623
"../../../Engine/Content/Internationalization/icudt64l/region/kln.res" 1624
"../../../Engine/Content/Internationalization/icudt64l/lang/km.res" 1625
"../../../Engine/Content/Internationalization/icudt64l/region/km.res" 1626
"../../../Engine/Content/Internationalization/icudt64l/lang/kn.res" 1627
"../../../Engine/Content/Internationalization/icudt64l/region/kn.res" 1628
"../../../Engine/Content/Internationalization/icudt64l/lang/ko.res" 1629
"../../../Engine/Content/Internationalization/icudt64l/region/ko_KP.res" 1630
"../../../Engine/Content/Internationalization/icudt64l/region/ko.res" 1631
"../../../Engine/Content/Internationalization/icudt64l/lang/kok.res" 1632
"../../../Engine/Content/Internationalization/icudt64l/region/kok.res" 1633
"../../../Engine/Content/Internationalization/icudt64l/lang/ks.res" 1634
"../../../Engine/Content/Internationalization/icudt64l/region/ks.res" 1635
"../../../Engine/Content/Internationalization/icudt64l/lang/ksb.res" 1636
"../../../Engine/Content/Internationalization/icudt64l/region/ksb.res" 1637
"../../../Engine/Content/Internationalization/icudt64l/lang/ksf.res" 1638
"../../../Engine/Content/Internationalization/icudt64l/region/ksf.res" 1639
"../../../Engine/Content/Internationalization/icudt64l/lang/ksh.res" 1640
"../../../Engine/Content/Internationalization/icudt64l/region/ksh.res" 1641
"../../../Engine/Content/Internationalization/icudt64l/lang/ku.res" 1642
"../../../Engine/Content/Internationalization/icudt64l/region/ku.res" 1643
"../../../Engine/Content/Internationalization/icudt64l/lang/kw.res" 1644
"../../../Engine/Content/Internationalization/icudt64l/region/kw.res" 1645
"../../../Engine/Content/Internationalization/icudt64l/lang/ky.res" 1646
"../../../Engine/Content/Internationalization/icudt64l/region/ky.res" 1647
"../../../Engine/Content/Internationalization/icudt64l/lang/lag.res" 1648
"../../../Engine/Content/Internationalization/icudt64l/region/lag.res" 1649
"../../../Engine/Content/Internationalization/icudt64l/lang/lb.res" 1650
"../../../Engine/Content/Internationalization/icudt64l/region/lb.res" 1651
"../../../Engine/Content/Internationalization/icudt64l/lang/lg.res" 1652
"../../../Engine/Content/Internationalization/icudt64l/region/lg.res" 1653
"../../../Engine/Content/Internationalization/icudt64l/lang/lkt.res" 1654
"../../../Engine/Content/Internationalization/icudt64l/region/lkt.res" 1655
"../../../Engine/Content/Internationalization/icudt64l/lang/ln.res" 1656
"../../../Engine/Content/Internationalization/icudt64l/region/ln.res" 1657
"../../../Engine/Content/Internationalization/icudt64l/lang/lo.res" 1658
"../../../Engine/Content/Internationalization/icudt64l/region/lo.res" 1659
"../../../Engine/Content/Internationalization/icudt64l/lang/lrc.res" 1660
"../../../Engine/Content/Internationalization/icudt64l/region/lrc.res" 1661
"../../../Engine/Content/Internationalization/icudt64l/lang/lt.res" 1662
"../../../Engine/Content/Internationalization/icudt64l/region/lt.res" 1663
"../../../Engine/Content/Internationalization/icudt64l/lang/lu.res" 1664
"../../../Engine/Content/Internationalization/icudt64l/region/lu.res" 1665
"../../../Engine/Content/Internationalization/icudt64l/lang/luo.res" 1666
"../../../Engine/Content/Internationalization/icudt64l/region/luo.res" 1667
"../../../Engine/Content/Internationalization/icudt64l/lang/luy.res" 1668
"../../../Engine/Content/Internationalization/icudt64l/region/luy.res" 1669
"../../../Engine/Content/Internationalization/icudt64l/lang/lv.res" 1670
"../../../Engine/Content/Internationalization/icudt64l/region/lv.res" 1671
"../../../Engine/Content/Internationalization/icudt64l/lang/mas.res" 1672
"../../../Engine/Content/Internationalization/icudt64l/region/mas.res" 1673
"../../../Engine/Content/Internationalization/icudt64l/lang/mer.res" 1674
"../../../Engine/Content/Internationalization/icudt64l/region/mer.res" 1675
"../../../Engine/Content/Internationalization/icudt64l/lang/mfe.res" 1676
"../../../Engine/Content/Internationalization/icudt64l/region/mfe.res" 1677
"../../../Engine/Content/Internationalization/icudt64l/lang/mg.res" 1678
"../../../Engine/Content/Internationalization/icudt64l/region/mg.res" 1679
"../../../Engine/Content/Internationalization/icudt64l/lang/mgh.res" 1680
"../../../Engine/Content/Internationalization/icudt64l/region/mgh.res" 1681
"../../../Engine/Content/Internationalization/icudt64l/lang/mgo.res" 1682
"../../../Engine/Content/Internationalization/icudt64l/region/mgo.res" 1683
"../../../Engine/Content/Internationalization/icudt64l/lang/mi.res" 1684
"../../../Engine/Content/Internationalization/icudt64l/region/mi.res" 1685
"../../../Engine/Content/Internationalization/icudt64l/lang/mk.res" 1686
"../../../Engine/Content/Internationalization/icudt64l/region/mk.res" 1687
"../../../Engine/Content/Internationalization/icudt64l/lang/ml.res" 1688
"../../../Engine/Content/Internationalization/icudt64l/region/ml.res" 1689
"../../../Engine/Content/Internationalization/icudt64l/lang/mn.res" 1690
"../../../Engine/Content/Internationalization/icudt64l/region/mn.res" 1691
"../../../Engine/Content/Internationalization/icudt64l/lang/mr.res" 1692
"../../../Engine/Content/Internationalization/icudt64l/region/mr.res" 1693
"../../../Engine/Content/Internationalization/icudt64l/lang/ms.res" 1694
"../../../Engine/Content/Internationalization/icudt64l/region/ms.res" 1695
"../../../Engine/Content/Internationalization/icudt64l/lang/mt.res" 1696
"../../../Engine/Content/Internationalization/icudt64l/region/mt.res" 1697
"../../../Engine/Content/Internationalization/icudt64l/lang/mua.res" 1698
"../../../Engine/Content/Internationalization/icudt64l/region/mua.res" 1699
"../../../Engine/Content/Internationalization/icudt64l/lang/my.res" 1700
"../../../Engine/Content/Internationalization/icudt64l/region/my.res" 1701
"../../../Engine/Content/Internationalization/icudt64l/lang/mzn.res" 1702
"../../../Engine/Content/Internationalization/icudt64l/region/mzn.res" 1703
"../../../Engine/Content/Internationalization/icudt64l/lang/naq.res" 1704
"../../../Engine/Content/Internationalization/icudt64l/region/naq.res" 1705
"../../../Engine/Content/Internationalization/icudt64l/lang/nb.res" 1706
"../../../Engine/Content/Internationalization/icudt64l/lang/nb_NO.res" 1707
"../../../Engine/Content/Internationalization/icudt64l/region/nb_NO.res" 1708
"../../../Engine/Content/Internationalization/icudt64l/region/nb.res" 1709
"../../../Engine/Content/Internationalization/icudt64l/lang/nd.res" 1710
"../../../Engine/Content/Internationalization/icudt64l/region/nd.res" 1711
"../../../Engine/Content/Internationalization/icudt64l/lang/nds.res" 1712
"../../../Engine/Content/Internationalization/icudt64l/region/nds.res" 1713
"../../../Engine/Content/Internationalization/icudt64l/lang/ne.res" 1714
"../../../Engine/Content/Internationalization/icudt64l/region/ne.res" 1715
"../../../Engine/Content/Internationalization/icudt64l/lang/nl.res" 1716
"../../../Engine/Content/Internationalization/icudt64l/region/nl.res" 1717
"../../../Engine/Content/Internationalization/icudt64l/lang/nmg.res" 1718
"../../../Engine/Content/Internationalization/icudt64l/region/nmg.res" 1719
"../../../Engine/Content/Internationalization/icudt64l/lang/nn.res" 1720
"../../../Engine/Content/Internationalization/icudt64l/lang/nn_NO.res" 1721
"../../../Engine/Content/Internationalization/icudt64l/region/nn_NO.res" 1722
"../../../Engine/Content/Internationalization/icudt64l/region/nn.res" 1723
"../../../Engine/Content/Internationalization/icudt64l/lang/nnh.res" 1724
"../../../Engine/Content/Internationalization/icudt64l/region/nnh.res" 1725
"../../../Engine/Content/Internationalization/icudt64l/lang/nus.res" 1726
"../../../Engine/Content/Internationalization/icudt64l/region/nus.res" 1727
"../../../Engine/Content/Internationalization/icudt64l/lang/nyn.res" 1728
"../../../Engine/Content/Internationalization/icudt64l/region/nyn.res" 1729
"../../../Engine/Content/Internationalization/icudt64l/lang/om.res" 1730
"../../../Engine/Content/Internationalization/icudt64l/region/om.res" 1731
"../../../Engine/Content/Internationalization/icudt64l/lang/or.res" 1732
"../../../Engine/Content/Internationalization/icudt64l/region/or.res" 1733
"../../../Engine/Content/Internationalization/icudt64l/lang/os.res" 1734
"../../../Engine/Content/Internationalization/icudt64l/region/os.res" 1735
"../../../Engine/Content/Internationalization/icudt64l/lang/pa.res" 1736
"../../../Engine/Content/Internationalization/icudt64l/lang/pa_Arab.res" 1737
"../../../Engine/Content/Internationalization/icudt64l/lang/pa_PK.res" 1738
"../../../Engine/Content/Internationalization/icudt64l/lang/pa_Arab_PK.res" 1739
"../../../Engine/Content/Internationalization/icudt64l/region/pa_PK.res" 1740
"../../../Engine/Content/Internationalization/icudt64l/region/pa_Arab_PK.res" 1741
"../../../Engine/Content/Internationalization/icudt64l/region/pa_Arab.res" 1742
"../../../Engine/Content/Internationalization/icudt64l/lang/pa_Guru.res" 1743
"../../../Engine/Content/Internationalization/icudt64l/lang/pa_IN.res" 1744
"../../../Engine/Content/Internationalization/icudt64l/lang/pa_Guru_IN.res" 1745
"../../../Engine/Content/Internationalization/icudt64l/region/pa_IN.res" 1746
"../../../Engine/Content/Internationalization/icudt64l/region/pa_Guru_IN.res" 1747
"../../../Engine/Content/Internationalization/icudt64l/region/pa_Guru.res" 1748
"../../../Engine/Content/Internationalization/icudt64l/region/pa.res" 1749
"../../../Engine/Content/Internationalization/icudt64l/lang/pl.res" 1750
"../../../Engine/Content/Internationalization/icudt64l/region/pl.res" 1751
"../../../Engine/Content/Internationalization/icudt64l/lang/ps.res" 1752
"../../../Engine/Content/Internationalization/icudt64l/region/ps.res" 1753
"../../../Engine/Content/Internationalization/icudt64l/lang/ps_PK.res" 1754
"../../../Engine/Content/Internationalization/icudt64l/region/ps_PK.res" 1755
"../../../Engine/Content/Internationalization/icudt64l/lang/pt_AO.res" 1756
"../../../Engine/Content/Internationalization/icudt64l/lang/pt_PT.res" 1757
"../../../Engine/Content/Internationalization/icudt64l/region/pt_AO.res" 1758
"../../../Engine/Content/Internationalization/icudt64l/region/pt_PT.res" 1759
"../../../Engine/Content/Internationalization/icudt64l/lang/pt_CH.res" 1760
"../../../Engine/Content/Internationalization/icudt64l/region/pt_CH.res" 1761
"../../../Engine/Content/Internationalization/icudt64l/lang/pt_CV.res" 1762
"../../../Engine/Content/Internationalization/icudt64l/region/pt_CV.res" 1763
"../../../Engine/Content/Internationalization/icudt64l/lang/pt_GQ.res" 1764
"../../../Engine/Content/Internationalization/icudt64l/region/pt_GQ.res" 1765
"../../../Engine/Content/Internationalization/icudt64l/lang/pt_GW.res" 1766
"../../../Engine/Content/Internationalization/icudt64l/region/pt_GW.res" 1767
"../../../Engine/Content/Internationalization/icudt64l/lang/pt_LU.res" 1768
"../../../Engine/Content/Internationalization/icudt64l/region/pt_LU.res" 1769
"../../../Engine/Content/Internationalization/icudt64l/lang/pt_MO.res" 1770
"../../../Engine/Content/Internationalization/icudt64l/region/pt_MO.res" 1771
"../../../Engine/Content/Internationalization/icudt64l/lang/pt_MZ.res" 1772
"../../../Engine/Content/Internationalization/icudt64l/region/pt_MZ.res" 1773
"../../../Engine/Content/Internationalization/icudt64l/lang/pt_ST.res" 1774
"../../../Engine/Content/Internationalization/icudt64l/region/pt_ST.res" 1775
"../../../Engine/Content/Internationalization/icudt64l/lang/pt_TL.res" 1776
"../../../Engine/Content/Internationalization/icudt64l/region/pt_TL.res" 1777
"../../../Engine/Content/Internationalization/icudt64l/lang/qu.res" 1778
"../../../Engine/Content/Internationalization/icudt64l/region/qu.res" 1779
"../../../Engine/Content/Internationalization/icudt64l/lang/rm.res" 1780
"../../../Engine/Content/Internationalization/icudt64l/region/rm.res" 1781
"../../../Engine/Content/Internationalization/icudt64l/lang/rn.res" 1782
"../../../Engine/Content/Internationalization/icudt64l/region/rn.res" 1783
"../../../Engine/Content/Internationalization/icudt64l/lang/ro.res" 1784
"../../../Engine/Content/Internationalization/icudt64l/lang/ro_MD.res" 1785
"../../../Engine/Content/Internationalization/icudt64l/region/ro_MD.res" 1786
"../../../Engine/Content/Internationalization/icudt64l/region/ro.res" 1787
"../../../Engine/Content/Internationalization/icudt64l/lang/rof.res" 1788
"../../../Engine/Content/Internationalization/icudt64l/region/rof.res" 1789
"../../../Engine/Content/Internationalization/icudt64l/lang/ru.res" 1790
"../../../Engine/Content/Internationalization/icudt64l/region/ru.res" 1791
"../../../Engine/Content/Internationalization/icudt64l/region/ru_UA.res" 1792
"../../../Engine/Content/Internationalization/icudt64l/lang/rw.res" 1793
"../../../Engine/Content/Internationalization/icudt64l/region/rw.res" 1794
"../../../Engine/Content/Internationalization/icudt64l/lang/rwk.res" 1795
"../../../Engine/Content/Internationalization/icudt64l/region/rwk.res" 1796
"../../../Engine/Content/Internationalization/icudt64l/lang/sah.res" 1797
"../../../Engine/Content/Internationalization/icudt64l/region/sah.res" 1798
"../../../Engine/Content/Internationalization/icudt64l/lang/saq.res" 1799
"../../../Engine/Content/Internationalization/icudt64l/region/saq.res" 1800
"../../../Engine/Content/Internationalization/icudt64l/lang/sbp.res" 1801
"../../../Engine/Content/Internationalization/icudt64l/region/sbp.res" 1802
"../../../Engine/Content/Internationalization/icudt64l/lang/sd.res" 1803
"../../../Engine/Content/Internationalization/icudt64l/region/sd.res" 1804
"../../../Engine/Content/Internationalization/icudt64l/lang/se.res" 1805
"../../../Engine/Content/Internationalization/icudt64l/lang/se_FI.res" 1806
"../../../Engine/Content/Internationalization/icudt64l/region/se_FI.res" 1807
"../../../Engine/Content/Internationalization/icudt64l/region/se.res" 1808
"../../../Engine/Content/Internationalization/icudt64l/lang/seh.res" 1809
"../../../Engine/Content/Internationalization/icudt64l/region/seh.res" 1810
"../../../Engine/Content/Internationalization/icudt64l/lang/ses.res" 1811
"../../../Engine/Content/Internationalization/icudt64l/region/ses.res" 1812
"../../../Engine/Content/Internationalization/icudt64l/lang/sg.res" 1813
"../../../Engine/Content/Internationalization/icudt64l/region/sg.res" 1814
"../../../Engine/Content/Internationalization/icudt64l/lang/shi.res" 1815
"../../../Engine/Content/Internationalization/icudt64l/lang/shi_Latn.res" 1816
"../../../Engine/Content/Internationalization/icudt64l/lang/shi_MA.res" 1817
"../../../Engine/Content/Internationalization/icudt64l/lang/shi_Tfng_MA.res" 1818
"../../../Engine/Content/Internationalization/icudt64l/lang/shi_Tfng.res" 1819
"../../../Engine/Content/Internationalization/icudt64l/region/shi_MA.res" 1820
"../../../Engine/Content/Internationalization/icudt64l/region/shi_Tfng_MA.res" 1821
"../../../Engine/Content/Internationalization/icudt64l/region/shi_Tfng.res" 1822
"../../../Engine/Content/Internationalization/icudt64l/region/shi.res" 1823
"../../../Engine/Content/Internationalization/icudt64l/region/shi_Latn.res" 1824
"../../../Engine/Content/Internationalization/icudt64l/lang/si.res" 1825
"../../../Engine/Content/Internationalization/icudt64l/region/si.res" 1826
"../../../Engine/Content/Internationalization/icudt64l/lang/sk.res" 1827
"../../../Engine/Content/Internationalization/icudt64l/region/sk.res" 1828
"../../../Engine/Content/Internationalization/icudt64l/lang/sl.res" 1829
"../../../Engine/Content/Internationalization/icudt64l/region/sl.res" 1830
"../../../Engine/Content/Internationalization/icudt64l/lang/smn.res" 1831
"../../../Engine/Content/Internationalization/icudt64l/region/smn.res" 1832
"../../../Engine/Content/Internationalization/icudt64l/lang/sn.res" 1833
"../../../Engine/Content/Internationalization/icudt64l/region/sn.res" 1834
"../../../Engine/Content/Internationalization/icudt64l/lang/so.res" 1835
"../../../Engine/Content/Internationalization/icudt64l/region/so.res" 1836
"../../../Engine/Content/Internationalization/icudt64l/lang/sq.res" 1837
"../../../Engine/Content/Internationalization/icudt64l/region/sq.res" 1838
"../../../Engine/Content/Internationalization/icudt64l/lang/sr.res" 1839
"../../../Engine/Content/Internationalization/icudt64l/lang/sr_Cyrl.res" 1840
"../../../Engine/Content/Internationalization/icudt64l/lang/sr_BA.res" 1841
"../../../Engine/Content/Internationalization/icudt64l/lang/sr_Cyrl_BA.res" 1842
"../../../Engine/Content/Internationalization/icudt64l/region/sr_BA.res" 1843
"../../../Engine/Content/Internationalization/icudt64l/region/sr_Cyrl_BA.res" 1844
"../../../Engine/Content/Internationalization/icudt64l/region/sr_Cyrl.res" 1845
"../../../Engine/Content/Internationalization/icudt64l/region/sr.res" 1846
"../../../Engine/Content/Internationalization/icudt64l/lang/sr_ME.res" 1847
"../../../Engine/Content/Internationalization/icudt64l/lang/sr_Latn_ME.res" 1848
"../../../Engine/Content/Internationalization/icudt64l/lang/sr_Latn.res" 1849
"../../../Engine/Content/Internationalization/icudt64l/region/sr_ME.res" 1850
"../../../Engine/Content/Internationalization/icudt64l/region/sr_Latn_ME.res" 1851
"../../../Engine/Content/Internationalization/icudt64l/region/sr_Latn.res" 1852
"../../../Engine/Content/Internationalization/icudt64l/lang/sr_Cyrl_ME.res" 1853
"../../../Engine/Content/Internationalization/icudt64l/region/sr_Cyrl_ME.res" 1854
"../../../Engine/Content/Internationalization/icudt64l/lang/sr_RS.res" 1855
"../../../Engine/Content/Internationalization/icudt64l/lang/sr_Cyrl_RS.res" 1856
"../../../Engine/Content/Internationalization/icudt64l/region/sr_RS.res" 1857
"../../../Engine/Content/Internationalization/icudt64l/region/sr_Cyrl_RS.res" 1858
"../../../Engine/Content/Internationalization/icudt64l/lang/sr_XK.res" 1859
"../../../Engine/Content/Internationalization/icudt64l/lang/sr_Cyrl_XK.res" 1860
"../../../Engine/Content/Internationalization/icudt64l/region/sr_XK.res" 1861
"../../../Engine/Content/Internationalization/icudt64l/region/sr_Cyrl_XK.res" 1862
"../../../Engine/Content/Internationalization/icudt64l/lang/sr_Latn_BA.res" 1863
"../../../Engine/Content/Internationalization/icudt64l/region/sr_Latn_BA.res" 1864
"../../../Engine/Content/Internationalization/icudt64l/lang/sr_Latn_RS.res" 1865
"../../../Engine/Content/Internationalization/icudt64l/region/sr_Latn_RS.res" 1866
"../../../Engine/Content/Internationalization/icudt64l/lang/sr_Latn_XK.res" 1867
"../../../Engine/Content/Internationalization/icudt64l/region/sr_Latn_XK.res" 1868
"../../../Engine/Content/Internationalization/icudt64l/lang/sv.res" 1869
"../../../Engine/Content/Internationalization/icudt64l/region/sv.res" 1870
"../../../Engine/Content/Internationalization/icudt64l/lang/sv_FI.res" 1871
"../../../Engine/Content/Internationalization/icudt64l/lang/sw.res" 1872
"../../../Engine/Content/Internationalization/icudt64l/lang/sw_CD.res" 1873
"../../../Engine/Content/Internationalization/icudt64l/region/sw_CD.res" 1874
"../../../Engine/Content/Internationalization/icudt64l/region/sw.res" 1875
"../../../Engine/Content/Internationalization/icudt64l/lang/sw_KE.res" 1876
"../../../Engine/Content/Internationalization/icudt64l/region/sw_KE.res" 1877
"../../../Engine/Content/Internationalization/icudt64l/lang/ta.res" 1878
"../../../Engine/Content/Internationalization/icudt64l/region/ta.res" 1879
"../../../Engine/Content/Internationalization/icudt64l/lang/te.res" 1880
"../../../Engine/Content/Internationalization/icudt64l/region/te.res" 1881
"../../../Engine/Content/Internationalization/icudt64l/lang/teo.res" 1882
"../../../Engine/Content/Internationalization/icudt64l/region/teo.res" 1883
"../../../Engine/Content/Internationalization/icudt64l/lang/tg.res" 1884
"../../../Engine/Content/Internationalization/icudt64l/region/tg.res" 1885
"../../../Engine/Content/Internationalization/icudt64l/lang/th.res" 1886
"../../../Engine/Content/Internationalization/icudt64l/lang/th_TH.res" 1887
"../../../Engine/Content/Internationalization/icudt64l/region/th_TH.res" 1888
"../../../Engine/Content/Internationalization/icudt64l/region/th.res" 1889
"../../../Engine/Content/Internationalization/icudt64l/lang/ti.res" 1890
"../../../Engine/Content/Internationalization/icudt64l/region/ti.res" 1891
"../../../Engine/Content/Internationalization/icudt64l/lang/tk.res" 1892
"../../../Engine/Content/Internationalization/icudt64l/region/tk.res" 1893
"../../../Engine/Content/Internationalization/icudt64l/lang/to.res" 1894
"../../../Engine/Content/Internationalization/icudt64l/region/to.res" 1895
"../../../Engine/Content/Internationalization/icudt64l/lang/tr.res" 1896
"../../../Engine/Content/Internationalization/icudt64l/region/tr.res" 1897
"../../../Engine/Content/Internationalization/icudt64l/lang/tt.res" 1898
"../../../Engine/Content/Internationalization/icudt64l/region/tt.res" 1899
"../../../Engine/Content/Internationalization/icudt64l/lang/twq.res" 1900
"../../../Engine/Content/Internationalization/icudt64l/region/twq.res" 1901
"../../../Engine/Content/Internationalization/icudt64l/lang/tzm.res" 1902
"../../../Engine/Content/Internationalization/icudt64l/region/tzm.res" 1903
"../../../Engine/Content/Internationalization/icudt64l/lang/ug.res" 1904
"../../../Engine/Content/Internationalization/icudt64l/region/ug.res" 1905
"../../../Engine/Content/Internationalization/icudt64l/lang/uk.res" 1906
"../../../Engine/Content/Internationalization/icudt64l/region/uk.res" 1907
"../../../Engine/Content/Internationalization/icudt64l/lang/ur.res" 1908
"../../../Engine/Content/Internationalization/icudt64l/lang/ur_IN.res" 1909
"../../../Engine/Content/Internationalization/icudt64l/region/ur_IN.res" 1910
"../../../Engine/Content/Internationalization/icudt64l/region/ur.res" 1911
"../../../Engine/Content/Internationalization/icudt64l/lang/uz.res" 1912
"../../../Engine/Content/Internationalization/icudt64l/lang/uz_Arab.res" 1913
"../../../Engine/Content/Internationalization/icudt64l/lang/uz_AF.res" 1914
"../../../Engine/Content/Internationalization/icudt64l/lang/uz_Arab_AF.res" 1915
"../../../Engine/Content/Internationalization/icudt64l/region/uz_AF.res" 1916
"../../../Engine/Content/Internationalization/icudt64l/region/uz_Arab_AF.res" 1917
"../../../Engine/Content/Internationalization/icudt64l/region/uz_Arab.res" 1918
"../../../Engine/Content/Internationalization/icudt64l/lang/uz_Cyrl.res" 1919
"../../../Engine/Content/Internationalization/icudt64l/lang/uz_UZ.res" 1920
"../../../Engine/Content/Internationalization/icudt64l/lang/uz_Latn_UZ.res" 1921
"../../../Engine/Content/Internationalization/icudt64l/lang/uz_Latn.res" 1922
"../../../Engine/Content/Internationalization/icudt64l/region/uz_UZ.res" 1923
"../../../Engine/Content/Internationalization/icudt64l/region/uz_Latn_UZ.res" 1924
"../../../Engine/Content/Internationalization/icudt64l/region/uz_Latn.res" 1925
"../../../Engine/Content/Internationalization/icudt64l/region/uz.res" 1926
"../../../Engine/Content/Internationalization/icudt64l/region/uz_Cyrl.res" 1927
"../../../Engine/Content/Internationalization/icudt64l/lang/vai.res" 1928
"../../../Engine/Content/Internationalization/icudt64l/lang/vai_Latn.res" 1929
"../../../Engine/Content/Internationalization/icudt64l/lang/vai_LR.res" 1930
"../../../Engine/Content/Internationalization/icudt64l/lang/vai_Vaii_LR.res" 1931
"../../../Engine/Content/Internationalization/icudt64l/lang/vai_Vaii.res" 1932
"../../../Engine/Content/Internationalization/icudt64l/region/vai_LR.res" 1933
"../../../Engine/Content/Internationalization/icudt64l/region/vai_Vaii_LR.res" 1934
"../../../Engine/Content/Internationalization/icudt64l/region/vai_Vaii.res" 1935
"../../../Engine/Content/Internationalization/icudt64l/region/vai.res" 1936
"../../../Engine/Content/Internationalization/icudt64l/region/vai_Latn.res" 1937
"../../../Engine/Content/Internationalization/icudt64l/lang/vi.res" 1938
"../../../Engine/Content/Internationalization/icudt64l/region/vi.res" 1939
"../../../Engine/Content/Internationalization/icudt64l/lang/vun.res" 1940
"../../../Engine/Content/Internationalization/icudt64l/region/vun.res" 1941
"../../../Engine/Content/Internationalization/icudt64l/lang/wae.res" 1942
"../../../Engine/Content/Internationalization/icudt64l/region/wae.res" 1943
"../../../Engine/Content/Internationalization/icudt64l/lang/wo.res" 1944
"../../../Engine/Content/Internationalization/icudt64l/region/wo.res" 1945
"../../../Engine/Content/Internationalization/icudt64l/lang/xh.res" 1946
"../../../Engine/Content/Internationalization/icudt64l/region/xh.res" 1947
"../../../Engine/Content/Internationalization/icudt64l/lang/xog.res" 1948
"../../../Engine/Content/Internationalization/icudt64l/region/xog.res" 1949
"../../../Engine/Content/Internationalization/icudt64l/lang/yav.res" 1950
"../../../Engine/Content/Internationalization/icudt64l/region/yav.res" 1951
"../../../Engine/Content/Internationalization/icudt64l/lang/yi.res" 1952
"../../../Engine/Content/Internationalization/icudt64l/region/yi.res" 1953
"../../../Engine/Content/Internationalization/icudt64l/lang/yo.res" 1954
"../../../Engine/Content/Internationalization/icudt64l/lang/yo_BJ.res" 1955
"../../../Engine/Content/Internationalization/icudt64l/region/yo_BJ.res" 1956
"../../../Engine/Content/Internationalization/icudt64l/region/yo.res" 1957
"../../../Engine/Content/Internationalization/icudt64l/lang/yue.res" 1958
"../../../Engine/Content/Internationalization/icudt64l/lang/yue_Hans.res" 1959
"../../../Engine/Content/Internationalization/icudt64l/lang/yue_CN.res" 1960
"../../../Engine/Content/Internationalization/icudt64l/lang/yue_Hans_CN.res" 1961
"../../../Engine/Content/Internationalization/icudt64l/region/yue_CN.res" 1962
"../../../Engine/Content/Internationalization/icudt64l/region/yue_Hans_CN.res" 1963
"../../../Engine/Content/Internationalization/icudt64l/region/yue_Hans.res" 1964
"../../../Engine/Content/Internationalization/icudt64l/lang/yue_Hant.res" 1965
"../../../Engine/Content/Internationalization/icudt64l/lang/yue_HK.res" 1966
"../../../Engine/Content/Internationalization/icudt64l/lang/yue_Hant_HK.res" 1967
"../../../Engine/Content/Internationalization/icudt64l/region/yue_HK.res" 1968
"../../../Engine/Content/Internationalization/icudt64l/region/yue_Hant_HK.res" 1969
"../../../Engine/Content/Internationalization/icudt64l/region/yue_Hant.res" 1970
"../../../Engine/Content/Internationalization/icudt64l/region/yue.res" 1971
"../../../Engine/Content/Internationalization/icudt64l/lang/zgh.res" 1972
"../../../Engine/Content/Internationalization/icudt64l/region/zgh.res" 1973
"../../../Engine/Content/Internationalization/icudt64l/lang/zh.res" 1974
"../../../Engine/Content/Internationalization/icudt64l/lang/zh_Hans.res" 1975
"../../../Engine/Content/Internationalization/icudt64l/lang/zh_CN.res" 1976
"../../../Engine/Content/Internationalization/icudt64l/lang/zh_Hans_CN.res" 1977
"../../../Engine/Content/Internationalization/icudt64l/region/zh_CN.res" 1978
"../../../Engine/Content/Internationalization/icudt64l/region/zh_Hans_CN.res" 1979
"../../../Engine/Content/Internationalization/icudt64l/region/zh_Hans.res" 1980
"../../../Engine/Content/Internationalization/icudt64l/region/zh.res" 1981
"../../../Engine/Content/Internationalization/icudt64l/lang/zh_HK.res" 1982
"../../../Engine/Content/Internationalization/icudt64l/lang/zh_Hant_HK.res" 1983
"../../../Engine/Content/Internationalization/icudt64l/lang/zh_Hant.res" 1984
"../../../Engine/Content/Internationalization/icudt64l/region/zh_HK.res" 1985
"../../../Engine/Content/Internationalization/icudt64l/region/zh_Hant_HK.res" 1986
"../../../Engine/Content/Internationalization/icudt64l/region/zh_Hant.res" 1987
"../../../Engine/Content/Internationalization/icudt64l/lang/zh_MO.res" 1988
"../../../Engine/Content/Internationalization/icudt64l/lang/zh_Hant_MO.res" 1989
"../../../Engine/Content/Internationalization/icudt64l/region/zh_MO.res" 1990
"../../../Engine/Content/Internationalization/icudt64l/region/zh_Hant_MO.res" 1991
"../../../Engine/Content/Internationalization/icudt64l/lang/zh_SG.res" 1992
"../../../Engine/Content/Internationalization/icudt64l/lang/zh_Hans_SG.res" 1993
"../../../Engine/Content/Internationalization/icudt64l/region/zh_SG.res" 1994
"../../../Engine/Content/Internationalization/icudt64l/region/zh_Hans_SG.res" 1995
"../../../Engine/Content/Internationalization/icudt64l/lang/zh_TW.res" 1996
"../../../Engine/Content/Internationalization/icudt64l/lang/zh_Hant_TW.res" 1997
"../../../Engine/Content/Internationalization/icudt64l/region/zh_TW.res" 1998
"../../../Engine/Content/Internationalization/icudt64l/region/zh_Hant_TW.res" 1999
"../../../Engine/Content/Internationalization/icudt64l/lang/zu.res" 2000
"../../../Engine/Content/Internationalization/icudt64l/region/zu.res" 2001
"../../../Engine/Content/Internationalization/icudt64l/lang/no.res" 2002
"../../../Engine/Content/Internationalization/icudt64l/lang/tl.res" 2003
"../../../Engine/Config/Android/DataDrivenPlatformInfo.ini" 2004
"../../../Engine/Config/IOS/DataDrivenPlatformInfo.ini" 2005
"../../../Engine/Config/Linux/DataDrivenPlatformInfo.ini" 2006
"../../../Engine/Config/Mac/DataDrivenPlatformInfo.ini" 2007
"../../../Engine/Config/TVOS/DataDrivenPlatformInfo.ini" 2008
"../../../Engine/Config/Unix/DataDrivenPlatformInfo.ini" 2009
"../../../Engine/Config/VulkanPC/DataDrivenPlatformInfo.ini" 2010
"../../../Engine/Config/Windows/DataDrivenPlatformInfo.ini" 2011
"../../../Engine/Platforms/VisionOS/Config/DataDrivenPlatformInfo.ini" 2012
"../../../Engine/Content/Renderer/TessellationTable.bin" 2013
"../../../Engine/DerivedDataCache/Compressed.ddp" 2014
"C:/Users/meliss/AppData/Local/UnrealEngine/5.7/Saved/Zen/zen.version" 2015
"C:/Users/meliss/AppData/Local/UnrealEngine/Common/Zen/Install/zen.version" 2016
"C:/Users/meliss/AppData/Local/UnrealEngine/Common/Zen/Install/zenserver.runcontext" 2017
"C:/Users/meliss/AppData/Local/UnrealEngine/Common/DerivedDataCache/TestData/0/TestData_4kb.dat" 2018
"C:/Users/meliss/AppData/Local/UnrealEngine/Common/DerivedDataCache/TestData/1/TestData_4kb.dat" 2019
"C:/Users/meliss/AppData/Local/UnrealEngine/Common/DerivedDataCache/TestData/0/TestData_8kb.dat" 2020
"C:/Users/meliss/AppData/Local/UnrealEngine/Common/DerivedDataCache/TestData/1/TestData_8kb.dat" 2021
"C:/Users/meliss/AppData/Local/UnrealEngine/Common/DerivedDataCache/TestData/0/TestData_16kb.dat" 2022
"C:/Users/meliss/AppData/Local/UnrealEngine/Common/DerivedDataCache/TestData/1/TestData_16kb.dat" 2023
"C:/Users/meliss/AppData/Local/UnrealEngine/Common/DerivedDataCache/TestData/0/TestData_64kb.dat" 2024
"C:/Users/meliss/AppData/Local/UnrealEngine/Common/DerivedDataCache/TestData/1/TestData_64kb.dat" 2025
"C:/Users/meliss/AppData/Local/UnrealEngine/Common/DerivedDataCache/TestData/0/TestData_128kb.dat" 2026
"C:/Users/meliss/AppData/Local/UnrealEngine/Common/DerivedDataCache/TestData/1/TestData_128kb.dat" 2027
"C:/Users/meliss/AppData/Local/UnrealEngine/Common/DerivedDataCache/TestData/0/TestData_256kb.dat" 2028
"C:/Users/meliss/AppData/Local/UnrealEngine/Common/DerivedDataCache/TestData/1/TestData_256kb.dat" 2029
"C:/Users/meliss/AppData/Roaming/Unreal Engine/UnrealBuildTool/BuildConfiguration.xml" 2030
"../../../../../../MeuProjeto1/Intermediate/ShaderAutogen/PCD3D_SM6/AutogenShaderHeaders.ush" 2031
"../../../Engine/Shaders/Private/HairStrands/HairStrandsVertexFactory.ush" 2032
"../../../Engine/Shaders/Private/VertexFactoryCommon.ush" 2033
"../../../Engine/Shaders/Private/Common.ush" 2034
"../../../Engine/Shaders/Public/Platform.ush" 2035
"../../../Engine/Shaders/Public/FP16Math.ush" 2036
"../../../Engine/Shaders/Public/Platform/D3D/D3DCommon.ush" 2037
"../../../Engine/Shaders/Shared/HLSLReservedSpaces.h" 2038
"../../../Engine/Shaders/Public/BindlessResources.ush" 2039
"../../../Engine/Shaders/Public/Platform/D3D/PlatformBindlessResources.ush" 2040
"../../../Engine/Shaders/Shared/RayTracingBuiltInResources.h" 2041
"../../../Engine/Shaders/Shared/RayTracingDefinitions.h" 2042
"../../../Engine/Shaders/Shared/MaterialCacheDefinitions.h" 2043
"../../../Engine/Shaders/Shared/HLSLTypeAliases.h" 2044
"../../../Engine/Shaders/Public/IndirectVirtualTexture.ush" 2045
"../../../Engine/Shaders/Shared/IndirectVirtualTextureDefinitions.h" 2046
"../../../Engine/Shaders/Public/OverloadMacros.ush" 2047
"../../../Engine/Shaders/Public/ShaderVersion.ush" 2048
"../../../Engine/Shaders/Shared/ThirdParty/NVIDIA/nvHLSLExtns.h" 2049
"../../../Engine/Shaders/Shared/ThirdParty/NVIDIA/nvHLSLExtnsInternal.h" 2050
"../../../Engine/Shaders/Shared/ThirdParty/NVIDIA/nvShaderExtnEnums.h" 2051
"../../../Engine/Shaders/Private/PackUnpack.ush" 2052
"../../../Engine/Shaders/Private/GeneratedUniformBufferTypes.ush" 2053
"../../../Engine/Shaders/Private/Nanite/NanitePackedNaniteView.ush" 2054
"../../../Engine/Shaders/Private/HairStrands/HairStrandsVisibilityCommonStruct.ush" 2055
"../../../Engine/Shaders/Private/HairStrands/HairStrandsVoxelPageCommonStruct.ush" 2056
"../../../Engine/Shaders/Private/HairStrands/HairStrandsDeepShadowCommonStruct.ush" 2057
"../../../Engine/Shaders/Shared/LightSceneData.h" 2058
"../../../Engine/Shaders/Private/LargeWorldCoordinates.ush" 2059
"../../../Engine/Shaders/Private/DoubleFloat.ush" 2060
"../../../Engine/Shaders/Private/RandomPCG.ush" 2061
"../../../Engine/Shaders/Private/DoubleFloatOperations.ush" 2062
"../../../Engine/Shaders/Private/DoubleFloatVectorDefinition.ush" 2063
"../../../Engine/Shaders/Private/LWCOperations.ush" 2064
"../../../Engine/Shaders/Shared/LightViewData.h" 2065
"../../../Engine/Shaders/Shared/RayTracingTypes.h" 2066
"../../../Engine/Shaders/Shared/HLSLStaticAssert.h" 2067
"../../../Engine/Shaders/Private/CommonViewUniformBuffer.ush" 2068
"../../../Engine/Shaders/Private/InstancedStereo.ush" 2069
"../../../Engine/Shaders/Private/Definitions.usf" 2070
"../../../Engine/Shaders/Private/AssertionMacros.ush" 2071
"../../../Engine/Shaders/Private/FastMath.ush" 2072
"../../../Engine/Shaders/Private/FastMathThirdParty.ush" 2073
"../../../Engine/Shaders/Private/Random.ush" 2074
"../../../Engine/Shaders/Private/RandomInterleavedGradientNoise.ush" 2075
"../../../Engine/Shaders/Private/SceneData.ush" 2076
"../../../Engine/Shaders/Private/OctahedralCommon.ush" 2077
"../../../Engine/Shaders/Private/WaveOpUtil.ush" 2078
"../../../Engine/Shaders/Private/ByteBuffer.ush" 2079
"../../../Engine/Shaders/Shared/SceneDefinitions.h" 2080
"../../../Engine/Shaders/Private/SceneDataMobileLoader.ush" 2081
"../../../Engine/Shaders/Private/LocalVertexFactoryCommon.ush" 2082
"../../../Engine/Shaders/Private/HairStrands/HairStrandsVisibilityCommon.ush" 2083
"../../../Engine/Shaders/Shared/HairStrandsDefinitions.h" 2084
"../../../Engine/Shaders/Private/HairStrands/HairStrandsVertexFactoryCommon.ush" 2085
"../../../Engine/Shaders/Private/HairStrands/HairStrandsPack.ush" 2086
"../../../Engine/Shaders/Private/HairStrands/HairStrandsAttributeCommon.ush" 2087
"../../../Engine/Shaders/Private/HairStrands/HairStrandsAttributeTemplate.ush" 2088
"../../../Engine/Shaders/Private/VertexFactoryDefaultInterface.ush" 2089
"../../../Engine/Shaders/Private/HairStrands/HairCardsVertexFactory.ush" 2090
"../../../Engine/Shaders/Private/HairStrands/HairCardsAttributeCommon.ush" 2091
"../../../Engine/Shaders/Private/RayTracing/RayTracingCommon.ush" 2092
"../../../Engine/Shaders/Private/ShadingCommon.ush" 2093
"../../../Engine/Shaders/Shared/RayTracingPayloadType.h" 2094
"../../../Engine/Shaders/Private/RayTracing/RayTracingRayCone.ush" 2095
"../../../Engine/Shaders/Private/Substrate/Substrate.ush" 2096
"../../../Engine/Shaders/Private/ShadingEnergyConservation.ush" 2097
"../../../Engine/Shaders/Private/ShadingEnergyConservationTemplate.ush" 2098
"../../../Engine/Shaders/Private/BRDF.ush" 2099
"../../../Engine/Shaders/Private/ColorSpace.ush" 2100
"../../../Engine/Shaders/Private/DeferredShadingCommon.ush" 2101
"../../../Engine/Shaders/Private/LightAccumulator.ush" 2102
"../../../Engine/Shaders/Private/SceneTexturesCommon.ush" 2103
"../../../Engine/Shaders/Private/MonteCarlo.ush" 2104
"../../../Engine/Shaders/Private/GBufferHelpers.ush" 2105
"../../../Engine/Shaders/Private/SceneTextureParameters.ush" 2106
"C:/MeuProjeto1/Intermediate/ShaderAutogen/PCD3D_SM6/AutogenShaderHeaders.ush" 2107
"../../../Engine/Shaders/Private/ParticipatingMediaCommon.ush" 2108
"../../../Engine/Shaders/Private/ThinFilmBSDF.ush" 2109
"../../../Engine/Shaders/Private/MortonCode.ush" 2110
"../../../Engine/Shaders/Private/SubsurfaceProfileCommon.ush" 2111
"../../../Engine/Shaders/Private/BurleyNormalizedSSSCommon.ush" 2112
"../../../Engine/Shaders/Private/GammaCorrectionCommon.ush" 2113
"../../../Engine/Shaders/Shared/SubstrateDefinitions.h" 2114
"../../../Engine/Shaders/Private/Substrate/SubstrateStatisticalOperators.ush" 2115
"../../../Engine/Shaders/Private/Substrate/SubstrateSubsurface.ush" 2116
"../../../Engine/Shaders/Private/TransmissionCommon.ush" 2117
"../../../Engine/Shaders/Private/Substrate/SubstrateExportCommon.ush" 2118
"../../../Engine/Shaders/Private/SpecularProfileCommon.ush" 2119
"../../../Engine/Shaders/Private/RayTracing/RayTracingCommonMetal.ush" 2120
"../../../Engine/Shaders/Private/PositionReconstructionCommon.ush" 2121
"../../../Engine/Shaders/Private/RayTracing/TraceRayInline.ush" 2122
"../../../Engine/Shaders/Private/RayTracing/TraceRayInlineCommon.ush" 2123
"../../../Engine/Shaders/Private/RayTracing/TraceRayInlineVulkan.ush" 2124
"../../../Engine/Shaders/Private/RayTracing/TraceRayInlineMetal.ush" 2125
"../../../Engine/Shaders/Private/RayTracing/RayTracingHitGroupCommon.ush" 2126
"../../../Engine/Shaders/Private/Nanite/NaniteRayTrace.ush" 2127
"../../../Engine/Shaders/Private/Nanite/NaniteDataDecode.ush" 2128
"../../../Engine/Shaders/Private/BitPacking.ush" 2129
"../../../Engine/Shaders/Private/BitStreamReaderImplementation.ush" 2130
"../../../Engine/Shaders/Private/BoneTransform.ush" 2131
"../../../Engine/Shaders/Private/Quaternion.ush" 2132
"../../../Engine/Shaders/Private/Skinning/SkinningDataDecode.ush" 2133
"../../../Engine/Shaders/Private/GpuSkinCommon.ush" 2134
"../../../Engine/Shaders/Shared/SkinningDefinitions.h" 2135
"../../../Engine/Shaders/Shared/NaniteDefinitions.h" 2136
"../../../Engine/Shaders/Private/Nanite/NaniteAttributeDecode.ush" 2137
"../../../Engine/Shaders/Private/Barycentrics.ush" 2138
"../../../Engine/Shaders/Private/DualNumber.ush" 2139
"../../../Engine/Shaders/Shared/ThirdParty/RayTriangleIntersection.h" 2140
"../../../Engine/Shaders/Private/Nanite/NaniteVertexFetch.ush" 2141
"../../../Engine/Shaders/Private/ViewData.ush" 2142
"../../../Engine/Shaders/Shared/ViewDefinitions.h" 2143
"../../../Engine/Shaders/Private/Nanite/NaniteSceneCommon.ush" 2144
"../../../Engine/Shaders/Private/RayTracing/TraceRayInlineD3D12.ush" 2145
"../../../Engine/Plugins/FX/Niagara/Shaders/Private/NiagaraSpriteVertexFactory.ush" 2146
"../../../Engine/Shaders/Private/ParticleVertexFactoryCommon.ush" 2147
"../../../Engine/Plugins/FX/Niagara/Shaders/Private/NiagaraVFCommon.usf" 2148
"../../../Engine/Plugins/FX/Niagara/Shaders/Private/NiagaraVFParticleAccess.usf" 2149
"../../../Engine/Plugins/FX/Niagara/Shaders/Private/NiagaraParticleAccess.ush" 2150
"../../../Engine/Plugins/FX/Niagara/Shaders/Private/NiagaraRibbonVertexFactory.ush" 2151
"../../../Engine/Plugins/FX/Niagara/Shaders/Private/NiagaraMeshVertexFactory.ush" 2152
"../../../Engine/Plugins/FX/Niagara/Shaders/Private/NiagaraCommon.ush" 2153
"../../../Engine/Plugins/FX/Niagara/Shaders/Private/NiagaraMeshParticleUtils.ush" 2154
"../../../Engine/Shaders/Private/VectorFieldVisualizationVertexFactory.ush" 2155
"../../../Engine/Shaders/Private/Nanite/NaniteVertexFactory.ush" 2156
"../../../Engine/Shaders/Private/LightmapData.ush" 2157
"../../../Engine/Shaders/Private/SplineMeshCommon.ush" 2158
"../../../Engine/Shaders/Shared/SplineMeshShaderParams.h" 2159
"../../../Engine/Shaders/Private/ShaderPrint.ush" 2160
"../../../Engine/Shaders/Private/ShaderPrintCommon.ush" 2161
"../../../Engine/Shaders/Private/MiniFontCommon.ush" 2162
"../../../Engine/Shaders/Private/SGGX.ush" 2163
"../../../Engine/Shaders/Private/MaterialCache/MaterialCacheCommon.ush" 2164
"../../../Engine/Shaders/Private/Nanite/NaniteVertexDeformation.ush" 2165
"../../../Engine/Shaders/Private/Matrices.ush" 2166
"../../../Engine/Shaders/Private/ParticleSpriteVertexFactory.ush" 2167
"../../../Engine/Shaders/Private/ParticleGPUSpriteVertexFactory.ush" 2168
"../../../Engine/Shaders/Private/ParticleSimulationCommon.ush" 2169
"../../../Engine/Shaders/Private/ParticleBeamTrailVertexFactory.ush" 2170
"../../../Engine/Shaders/Private/MeshParticleVertexFactory.ush" 2171
"../../../Engine/Shaders/Private/LocalVertexFactory.ush" 2172
"../../../Engine/Shaders/Private/GpuSkinVertexFactory.ush" 2173
"../../../Engine/Shaders/Private/GeometryCollectionVertexFactory.ush" 2174
"../../../Engine/Shaders/Private/GeometryCacheVertexFactory.ush" 2175
"../../../Engine/Shaders/Private/LandscapeVertexFactory.ush" 2176
"../../../Engine/Plugins/NNE/NNEDenoiser/Shaders/NNEDenoiserShadersTransferFunctionOidn.usf" 2177
"../../../Engine/Plugins/NNE/NNEDenoiser/Shaders/NNEDenoiserShadersMappedCopy.usf" 2178
"../../../Engine/Plugins/NNE/NNEDenoiser/Shaders/NNEDenoiserShadersDefaultIOProcess.usf" 2179
"../../../Engine/Plugins/NNE/NNEDenoiser/Shaders/NNEDenoiserShadersAutoExposureReduceFinal.usf" 2180
"../../../Engine/Plugins/NNE/NNEDenoiser/Shaders/NNEDenoiserShadersAutoExposureReduce.usf" 2181
"../../../Engine/Plugins/NNE/NNEDenoiser/Shaders/NNEDenoiserShadersAutoExposureDownsample.usf" 2182
"../../../Engine/Plugins/Media/WmfMedia/Shaders/Private/MediaHardwareVideoDecoding.usf" 2183
"../../../Engine/Shaders/Private/ColorUtils.ush" 2184
"../../../Engine/Plugins/Media/ImgMedia/Shaders/Private/ExrSwizzler.usf" 2185
"../../../Engine/Plugins/Enterprise/GLTFExporter/Shaders/Private/SimpleTexture2DPS.usf" 2186
"../../../Engine/Shaders/Private/SimpleElementNormalMapPixelShader.usf" 2187
"../../../Engine/Plugins/Runtime/HairStrands/Shaders/Private/NiagaraCopyVelocityGrid.usf" 2188
"../../../Engine/Plugins/Runtime/HairStrands/Shaders/Private/NiagaraClearVelocityGrid.usf" 2189
"../../../Engine/Plugins/Runtime/HairStrands/Shaders/Private/NiagaraClearPressureGrid.usf" 2190
"../../../Engine/Plugins/Runtime/HairStrands/Shaders/Private/NiagaraInterpolateGroomGuides.usf" 2191
"../../../Engine/Plugins/Runtime/HairStrands/Shaders/Private/NiagaraGroomInterpolationUtils.ush" 2192
"../../../Engine/Plugins/FX/Niagara/Shaders/Private/NiagaraQuaternionUtils.ush" 2193
"../../../Engine/Shaders/Private/HairStrands/HairStrandsMesh.usf" 2194
"../../../Engine/Shaders/Private/HairStrands/HairStrandsBindingCommon.ush" 2195
"../../../Engine/Shaders/Private/HairStrands/HairStrandsFollicleMask.usf" 2196
"../../../Engine/Shaders/Private/HairStrands/HairStrandsSkinUpdate.usf" 2197
"../../../Engine/Shaders/Private/HairStrands/HairStrandsClusterCulling.usf" 2198
"../../../Engine/Shaders/Private/ColorMap.ush" 2199
"../../../Engine/Shaders/Private/HairStrands/HairStrandsAABBCommon.ush" 2200
"../../../Engine/Shaders/Private/HairStrands/HairStrandsClusterCommon.ush" 2201
"../../../Engine/Shaders/Private/ThreadGroupPrefixSum.ush" 2202
"../../../Engine/Shaders/Private/HairStrands/HairStrandsRaytracingGeometry.usf" 2203
"../../../Engine/Shaders/Private/HairStrands/HairStrandsTangent.usf" 2204
"../../../Engine/Shaders/Private/HairStrands/HairCardsDeformation.usf" 2205
"../../../Engine/Shaders/Private/HairStrands/HairStrandsInterpolation.usf" 2206
"../../../Engine/Shaders/Private/HairStrands/HairStrandsGuideDeform.usf" 2207
"../../../Engine/Shaders/Private/HairStrands/HairStrandsTexturesGeneration.usf" 2208
"../../../Engine/Shaders/Private/HairStrands/HairCardsTextureCommon.ush" 2209
"../../../Engine/Shaders/Private/HairStrands/HairStrandsTranscode.usf" 2210
"../../../Engine/Shaders/Private/HairStrands/HairStrandsDebug.usf" 2211
"../../../Engine/Shaders/Private/HairShadingCommon.ush" 2212
"../../../Engine/Shaders/Private/PostProcessCommon.ush" 2213
"../../../Engine/Shaders/Private/ShadingModels.ush" 2214
"../../../Engine/Shaders/Private/CapsuleLight.ush" 2215
"../../../Engine/Shaders/Private/RectLight.ush" 2216
"../../../Engine/Shaders/Private/LightData.ush" 2217
"../../../Engine/Shaders/Shared/LightDefinitions.h" 2218
"../../../Engine/Shaders/Private/AreaLightCommon.ush" 2219
"../../../Engine/Shaders/Private/HairBsdf.ush" 2220
"../../../Engine/Shaders/Private/PathTracing/Utilities/PathTracingRandomSequence.ush" 2221
"../../../Engine/Shaders/Private/MobileGGX.ush" 2222
"../../../Engine/Shaders/Private/HairStrands/HairStrandsCommon.ush" 2223
"../../../Engine/Shaders/Private/HairStrands/HairStrandsEnvironmentLightingCommon.ush" 2224
"../../../Engine/Shaders/Private/HairStrands/HairStrandsDeepTransmittanceCommon.ush" 2225
"../../../Engine/Shaders/Private/HairStrands/HairStrandsDeepTransmittanceDualScattering.ush" 2226
"../../../Engine/Shaders/Private/HairStrands/HairStrandsDeepShadowCommon.ush" 2227
"../../../Engine/Shaders/Private/HairStrands/HairStrandsDebugCommonStruct.ush" 2228
"../../../Engine/Plugins/FX/Niagara/Shaders/Private/NiagaraVertexFactoryExport.usf" 2229
"../../../Engine/Shaders/Private/ComputeShaderUtils.ush" 2230
"../../../Engine/Shaders/Private/MaterialTemplate.ush" 2231
"../../../Engine/Shaders/Private/WorldSpaceMath.ush" 2232
"../../../Engine/Shaders/Private/EyeAdaptationCommon.ush" 2233
"../../../Engine/Shaders/Private/SobolRandom.ush" 2234
"../../../Engine/Shaders/Private/DepthOfFieldCommon.ush" 2235
"../../../Engine/Shaders/Private/CircleDOFCommon.ush" 2236
"../../../Engine/Shaders/Private/DistanceField/GlobalDistanceFieldShared.ush" 2237
"../../../Engine/Shaders/Private/PhysicsFieldSampler.ush" 2238
"../../../Engine/Shaders/Private/PhysicsFieldShared.ush" 2239
"../../../Engine/Shaders/Private/SparseVolumeTexture/SparseVolumeTextureCommon.ush" 2240
"../../../Engine/Shaders/Shared/EnvironmentComponentsFlags.h" 2241
"../../../Engine/Shaders/Private/MeshPaintTextureCommon.ush" 2242
"../../../Engine/Shaders/Private/VirtualTextureMaterial.ush" 2243
"../../../Engine/Shaders/Private/MaterialCache/MaterialCacheMaterialCommon.ush" 2244
"../../../Engine/Shaders/Private/Quantization.ush" 2245
"../../../Engine/Shaders/Private/SpeedTreeCommon.ush" 2246
"../../../Engine/Shaders/Private/VirtualTextureCommon.ush" 2247
"../../../Engine/Shaders/Public/IndirectVirtualTextureCommon.ush" 2248
"../../../Engine/Shaders/Private/MaterialTexture.ush" 2249
"../../../Engine/Shaders/Private/MinMaterialTexCoords.ush" 2250
"../../../Engine/Shaders/Private/SkyAtmosphereCommon.ush" 2251
"../../../Engine/Shaders/Private/SingleLayerWaterCommon.ush" 2252
"../../../Engine/Shaders/Private/TextureSampling.ush" 2253
"../../../Engine/Shaders/Private/PaniniProjection.ush" 2254
"../../../Engine/Shaders/Private/DBufferNormalReprojection.ush" 2255
"../../../Engine/Shaders/Public/SubstratePublic.ush" 2256
"../../../Engine/Shaders/Private/Substrate/SubstrateRead.ush" 2257
"../../../Engine/Shaders/Private/Substrate/SubstrateTree.ush" 2258
"../../../Engine/Shaders/Private/Substrate/SubstrateEvaluation.ush" 2259
"../../../Engine/Shaders/Private/Substrate/Glint/GlintThirdParty.ush" 2260
"../../../Engine/Shaders/Private/BlueNoise.ush" 2261
"../../../Engine/Shaders/Private/SHCommon.ush" 2262
"../../../Engine/Shaders/Private/ShadingModelsSampling.ush" 2263
"../../../Engine/Shaders/Private/HairStrands/HairBsdfSample.ush" 2264
"../../../Engine/Shaders/Private/Substrate/SubstrateLegacyConversion.ush" 2265
"../../../Engine/Shaders/Private/DBufferDecalShared.ush" 2266
"../../../Engine/Plugins/FX/Niagara/Shaders/Private/NiagaraSortKeyGen.usf" 2267
"../../../Engine/Plugins/FX/Niagara/Shaders/Private/NiagaraGPURayTracingTransforms.usf" 2268
"../../../Engine/Plugins/FX/Niagara/Shaders/Private/NiagaraDrawIndirectArgsGen.usf" 2269
"../../../Engine/Plugins/FX/Niagara/Shaders/Private/NiagaraDispatchIndirectArgsGen.usf" 2270
"../../../Engine/Plugins/FX/Niagara/Shaders/Private/Stateless/NiagaraStatelessSimulationDefault.usf" 2271
"../../../Engine/Plugins/FX/Niagara/Shaders/Private/Stateless/NiagaraStatelessCommon.ush" 2272
"../../../Engine/Plugins/FX/Niagara/Shaders/Shared/NiagaraStatelessDefinitions.h" 2273
"../../../Engine/Plugins/FX/Niagara/Shaders/Shared/NiagaraStatelessBuiltDistribution.h" 2274
"../../../Engine/Plugins/FX/Niagara/Shaders/Private/Stateless/NiagaraStatelessDistribution.ush" 2275
"../../../Engine/Plugins/FX/Niagara/Shaders/Private/Stateless/Template/GenerateCS_PreModules.ush" 2276
"../../../Engine/Plugins/FX/Niagara/Shaders/Private/Stateless/Modules/NiagaraStatelessModule_CalculateAccurateVelocity.ush" 2277
"../../../Engine/Plugins/FX/Niagara/Shaders/Private/Stateless/Modules/NiagaraStatelessModule_CameraOffset.ush" 2278
"../../../Engine/Plugins/FX/Niagara/Shaders/Private/Stateless/Modules/NiagaraStatelessModule_DynamicMaterialParameters.ush" 2279
"../../../Engine/Plugins/FX/Niagara/Shaders/Private/Stateless/Modules/NiagaraStatelessModule_InitializeParticle.ush" 2280
"../../../Engine/Plugins/FX/Niagara/Shaders/Private/Stateless/Modules/NiagaraStatelessModule_InitialMeshOrientation.ush" 2281
"../../../Engine/Plugins/FX/Niagara/Shaders/Private/Stateless/Modules/NiagaraStatelessModule_MeshIndex.ush" 2282
"../../../Engine/Plugins/FX/Niagara/Shaders/Private/Stateless/Modules/NiagaraStatelessModule_MeshRotationRate.ush" 2283
"../../../Engine/Plugins/FX/Niagara/Shaders/Private/Stateless/Modules/NiagaraStatelessModule_RotateAroundPoint.ush" 2284
"../../../Engine/Plugins/FX/Niagara/Shaders/Private/Stateless/Modules/NiagaraStatelessModule_ShapeLocation.ush" 2285
"../../../Engine/Plugins/FX/Niagara/Shaders/Private/Stateless/Modules/NiagaraStatelessModule_ScaleColor.ush" 2286
"../../../Engine/Plugins/FX/Niagara/Shaders/Private/Stateless/Modules/NiagaraStatelessModule_ScaleRibbonWidth.ush" 2287
"../../../Engine/Plugins/FX/Niagara/Shaders/Private/Stateless/Modules/NiagaraStatelessModule_ScaleSpriteSize.ush" 2288
"../../../Engine/Plugins/FX/Niagara/Shaders/Private/Stateless/Modules/NiagaraStatelessModule_ScaleSpriteSizeBySpeed.ush" 2289
"../../../Engine/Plugins/FX/Niagara/Shaders/Private/Stateless/Modules/NiagaraStatelessModule_ScaleMeshSize.ush" 2290
"../../../Engine/Plugins/FX/Niagara/Shaders/Private/Stateless/Modules/NiagaraStatelessModule_ScaleMeshSizebySpeed.ush" 2291
"../../../Engine/Plugins/FX/Niagara/Shaders/Private/Stateless/Modules/NiagaraStatelessModule_SolveVelocitiesAndForces.ush" 2292
"../../../Engine/Plugins/FX/Niagara/Shaders/Private/Stateless/Modules/NiagaraStatelessModule_SpriteFacingAndAlignment.ush" 2293
"../../../Engine/Plugins/FX/Niagara/Shaders/Private/Stateless/Modules/NiagaraStatelessModule_SpriteRotationRate.ush" 2294
"../../../Engine/Plugins/FX/Niagara/Shaders/Private/Stateless/Modules/NiagaraStatelessModule_SubUVAnimation.ush" 2295
"../../../Engine/Plugins/FX/Niagara/Shaders/Private/Stateless/Template/GenerateCS_PostModules.ush" 2296
"../../../Engine/Plugins/FX/Niagara/Shaders/Private/NiagaraBlendSVTsToDenseBuffer.usf" 2297
"../../../Engine/Plugins/FX/Niagara/Shaders/Private/NiagaraSVTToDenseBuffer.usf" 2298
"../../../Engine/Plugins/FX/Niagara/Shaders/Private/NiagaraFillIntBuffer.usf" 2299
"../../../Engine/Plugins/FX/Niagara/Shaders/Private/NiagaraComputeFreeIDs.usf" 2300
"../../../Engine/Plugins/FX/Niagara/Shaders/Private/NiagaraInitFreeIDBuffer.usf" 2301
"../../../Engine/Plugins/FX/Niagara/Shaders/Private/NiagaraEmitterInstanceShader.usf" 2302
"../../../Engine/Plugins/FX/Niagara/Shaders/Private/NiagaraShaderVersion.ush" 2303
"../../../Engine/Plugins/FX/Niagara/Shaders/Private/NiagaraPhysicsCommon.ush" 2304
"../../../Engine/Plugins/FX/Niagara/Shaders/Private/Ribbons/NiagaraRibbonAggregationApply.usf" 2305
"../../../Engine/Plugins/FX/Niagara/Shaders/Private/Ribbons/NiagaraRibbonCommon.ush" 2306
"../../../Engine/Plugins/FX/Niagara/Shaders/Shared/NiagaraRibbonShared.h" 2307
"../../../Engine/Plugins/FX/Niagara/Shaders/Private/Ribbons/NiagaraRibbonAggregationStep.usf" 2308
"../../../Engine/Plugins/FX/Niagara/Shaders/Private/Ribbons/NiagaraRibbonGenerateIndices.usf" 2309
"../../../Engine/Plugins/FX/Niagara/Shaders/Private/Ribbons/NiagaraRibbonInitializeIndices.usf" 2310
"../../../Engine/Plugins/FX/Niagara/Shaders/Private/Ribbons/NiagaraRibbonRibbonUVParamCalculation.usf" 2311
"../../../Engine/Plugins/FX/Niagara/Shaders/Private/Ribbons/NiagaraRibbonVertexReductionFinalization.usf" 2312
"../../../Engine/Plugins/FX/Niagara/Shaders/Private/Ribbons/NiagaraRibbonVertexReductionInitialization.usf" 2313
"../../../Engine/Plugins/FX/Niagara/Shaders/Private/Ribbons/NiagaraRibbonSortParticles.usf" 2314
"../../../Engine/Plugins/FX/Niagara/Shaders/Private/NiagaraLWCHelper.usf" 2315
"../../../Engine/Plugins/FX/Niagara/Shaders/Private/NiagaraUpdateMeshGPUSceneInstances.usf" 2316
"../../../Engine/Shaders/Private/GPUScene/GPUSceneWriter.ush" 2317
"../../../Engine/Plugins/FX/Niagara/Shaders/Private/NiagaraGenerateMips.usf" 2318
"../../../Engine/Plugins/FX/Niagara/Shaders/Private/NiagaraDebugDraw.usf" 2319
"../../../Engine/Plugins/FX/Niagara/Shaders/Private/NiagaraDebugDraw.ush" 2320
"../../../Engine/Plugins/FX/Niagara/Shaders/Private/NiagaraVisualizeTexture.usf" 2321
"../../../Engine/Plugins/FX/Niagara/Shaders/Private/NiagaraClearCounts.usf" 2322
"../../../Engine/Plugins/FX/Niagara/Shaders/Private/NiagaraBatchedElements.usf" 2323
"../../../Engine/Plugins/FX/Niagara/Shaders/Private/NiagaraRayTracingShaders.usf" 2324
"../../../Engine/Plugins/FX/Niagara/Shaders/Private/NiagaraAsyncGpuTraceCommon.ush" 2325
"../../../Engine/Shaders/Private/HashTable.ush" 2326
"../../../Engine/Shaders/Private/Hash.ush" 2327
"../../../Engine/Shaders/Private/RayTracing/VFXTraceRay.ush" 2328
"../../../Engine/Plugins/FX/Niagara/Shaders/Private/NiagaraRayMarchingShaders.usf" 2329
"../../../Engine/Plugins/FX/Niagara/Shaders/Private/NiagaraRayTraceCollisionGroupShaders.usf" 2330
"../../../Engine/Plugins/FX/Niagara/Shaders/Private/NiagaraAsyncGpuTraceUtils.usf" 2331
"../../../Engine/Plugins/Runtime/ComputeFramework/Shaders/Private/ComputeKernel.usf" 2332
"../../../Engine/Plugins/Runtime/ComputeFramework/Shaders/Private/ComputeKernelCommon.ush" 2333
"../../../Engine/Plugins/Experimental/NFORDenoise/Shaders/NFORDenoise.usf" 2334
"../../../Engine/Shaders/Private/ScreenPass.ush" 2335
"../../../Engine/Plugins/Experimental/NFORDenoise/Shaders/NFORRegressionCommon.ush" 2336
"../../../Engine/Plugins/Experimental/NFORDenoise/Shaders/NFORRegression.ush" 2337
"../../../Engine/Plugins/Compositing/CompositeCore/Shaders/Private/CompositeCoreMerge.usf" 2338
"../../../Engine/Shaders/Private/LensDistortion.ush" 2339
"../../../Engine/Plugins/Compositing/CompositeCore/Shaders/Private/CompositeCoreBlending.ush" 2340
"../../../Engine/Plugins/Compositing/CompositeCore/Shaders/Private/CompositeCoreDisplayTransform.usf" 2341
"../../../Engine/Plugins/Compositing/CompositeCore/Shaders/Private/CompositeCoreDilate.usf" 2342
"../../../Engine/Shaders/Private/VirtualTextureAdapter.usf" 2343
"../../../Engine/Shaders/Private/BlockCompressionCommon.ush" 2344
"../../../Engine/Shaders/Private/BCCompressionCommon.ush" 2345
"../../../Engine/Shaders/Private/TranslucentLightingShaders.usf" 2346
"../../../Engine/Shaders/Private/TranslucencyVolumeInjectionCommon.ush" 2347
"../../../Engine/Shaders/Private/CubemapCommon.ush" 2348
"../../../Engine/Shaders/Private/VectorFieldCompositeShaders.usf" 2349
"../../../Engine/Shaders/Private/UpdateTextureShaders.usf" 2350
"../../../Engine/Shaders/Private/StereoLayerShader.usf" 2351
"../../../Engine/Shaders/Private/SparseVolumeTexture/UpdateSparseVolumeTexture.usf" 2352
"../../../Engine/Shaders/Private/MorphTargets.usf" 2353
"../../../Engine/Shaders/Private/SimpleElementColorChannelMaskPixelShader.usf" 2354
"../../../Engine/Shaders/Private/SimpleElementHitProxyPixelShader.usf" 2355
"../../../Engine/Shaders/Private/SimpleElementPixelShader.usf" 2356
"../../../Engine/Shaders/Private/IESLightProfilesCommon.ush" 2357
"../../../Engine/Shaders/Private/SimpleElementVertexShader.usf" 2358
"../../../Engine/Shaders/Private/ScreenPixelShaderOES.usf" 2359
"../../../Engine/Shaders/Private/ScreenVertexShader.usf" 2360
"../../../Engine/Shaders/Private/ScreenPixelShader.usf" 2361
"../../../Engine/Shaders/Private/SSProfilePreIntegratedMobile.usf" 2362
"../../../Engine/Shaders/Private/SpecularProfile.usf" 2363
"../../../Engine/Shaders/Private/Nanite/NaniteStreaming.usf" 2364
"../../../Engine/Shaders/Private/Nanite/NaniteStreaming.ush" 2365
"../../../Engine/Shaders/Private/VolumetricLightmapStreaming.usf" 2366
"../../../Engine/Shaders/Private/PhysicsFieldReset.usf" 2367
"../../../Engine/Shaders/Private/PhysicsFieldBuilder.usf" 2368
"../../../Engine/Shaders/Private/PhysicsFieldEval.ush" 2369
"../../../Engine/Shaders/Private/ParticleSortKeyGen.usf" 2370
"../../../Engine/Shaders/Private/ParticleBoundsShader.usf" 2371
"../../../Engine/Shaders/Private/ParticleSimVisualizeShader.usf" 2372
"../../../Engine/Shaders/Private/ParticleInjectionShader.usf" 2373
"../../../Engine/Shaders/Private/ParticleSimulationShader.usf" 2374
"../../../Engine/Shaders/Private/ParticleCurveInjectionShader.usf" 2375
"../../../Engine/Shaders/Private/Nanite/NaniteTranscode.usf" 2376
"../../../Engine/Shaders/Private/Nanite/NaniteScatterUpdates.usf" 2377
"../../../Engine/Shaders/Private/CopyUIntBuffer.usf" 2378
"../../../Engine/Shaders/Private/RadixSortShaders.usf" 2379
"../../../Engine/Shaders/Private/RecomputeTangentsPerVertexPass.usf" 2380
"../../../Engine/Shaders/Private/RecomputeTangentsCommon.ush" 2381
"../../../Engine/Shaders/Private/RecomputeTangentsPerTrianglePass.usf" 2382
"../../../Engine/Shaders/Private/DynamicMeshBounds.usf" 2383
"../../../Engine/Shaders/Private/GpuSkinCacheComputeShader.usf" 2384
"../../../Engine/Shaders/Private/DynamicMeshBounds.ush" 2385
"../../../Engine/Shaders/Private/HeightFieldAtlasManagement.usf" 2386
"../../../Engine/Shaders/Private/Landscape/LandscapeEditLayersUtils.usf" 2387
"../../../Engine/Shaders/Private/Landscape/LandscapeCommon.ush" 2388
"../../../Engine/Shaders/Private/Landscape/LandscapeEditLayersWeightmaps.usf" 2389
"../../../Engine/Shaders/Private/Landscape/LandscapeEditLayersHeightmaps.usf" 2390
"../../../Engine/Shaders/Private/LandscapeLayersPS.usf" 2391
"../../../Engine/Shaders/Private/LandscapePhysicalMaterial.usf" 2392
"../../../Engine/Shaders/Private/LandscapeGrassWeight.usf" 2393
"../../../Engine/Shaders/Private/Landscape/LandscapeCulling.usf" 2394
"../../../Engine/Shaders/Private/Nanite/NaniteHZBCull.ush" 2395
"../../../Engine/Shaders/Private/HZB.ush" 2396
"../../../Engine/Shaders/Private/Landscape/LandscapeMergeTexturesPS.usf" 2397
"../../../Engine/Shaders/Private/WideCustomResolveShaders.usf" 2398
"../../../Engine/Shaders/Private/WideCustomResolve_Wide.ush" 2399
"../../../Engine/Shaders/Private/WideCustomResolve_Wider.ush" 2400
"../../../Engine/Shaders/Private/WideCustomResolve_Widest.ush" 2401
"../../../Engine/Shaders/Private/WaterInfoTextureBlur.usf" 2402
"../../../Engine/Shaders/Private/WaterInfoTextureMerge.usf" 2403
"../../../Engine/Shaders/Private/PageTableUpdate.usf" 2404
"../../../Engine/Shaders/Private/VirtualTextureCompress.usf" 2405
"../../../Engine/Shaders/Private/ASTCCompressionCommon.ush" 2406
"../../../Engine/Shaders/Private/IntegerSequenceEncoding.ush" 2407
"../../../Engine/Shaders/Private/ETCCompressionCommon.ush" 2408
"../../../Engine/Shaders/Private/VirtualTextureMaterial.usf" 2409
"../../../Engine/Shaders/Private/PixelShaderOutputCommon.ush" 2410
"../../../Engine/Shaders/Private/ShaderOutputCommon.ush" 2411
"../../../Engine/Shaders/Private/VolumetricRenderTarget.usf" 2412
"../../../Engine/Shaders/Private/HeightFogCommon.ush" 2413
"../../../Engine/Shaders/Private/LocalFogVolumes/LocalFogVolumeCommon.ush" 2414
"../../../Engine/Shaders/Private/ReflectionEnvironmentShared.ush" 2415
"../../../Engine/Shaders/Private/VolumetricFogVoxelization.usf" 2416
"../../../Engine/Shaders/Private/VolumetricCloudMaterialPixelCommon.ush" 2417
"../../../Engine/Shaders/Private/VolumetricFogLightFunction.usf" 2418
"../../../Engine/Shaders/Private/LightFunctionCommon.ush" 2419
"../../../Engine/Shaders/Private/VolumetricFog.usf" 2420
"../../../Engine/Shaders/Private/DeferredLightingCommon.ush" 2421
"../../../Engine/Shaders/Private/DynamicLightingCommon.ush" 2422
"../../../Engine/Shaders/Private/CapsuleLightIntegrate.ush" 2423
"../../../Engine/Shaders/Private/CapsuleLightSampling.ush" 2424
"../../../Engine/Shaders/Private/RectLightIntegrate.ush" 2425
"../../../Engine/Shaders/Private/ScreenSpaceShadowRayCast.ush" 2426
"../../../Engine/Shaders/Private/LightFunctionAtlas/LightFunctionAtlasCommon.usf" 2427
"../../../Engine/Shaders/Private/LightGridCommon.ush" 2428
"../../../Engine/Shaders/Private/DistanceFieldAOShared.ush" 2429
"../../../Engine/Shaders/Private/IntersectionUtils.ush" 2430
"../../../Engine/Shaders/Private/VolumeLightingCommon.ush" 2431
"../../../Engine/Shaders/Private/ShadowProjectionCommon.ush" 2432
"../../../Engine/Shaders/Private/ShadowFilteringCommon.ush" 2433
"../../../Engine/Shaders/Private/PixelQuadMessagePassing.ush" 2434
"../../../Engine/Shaders/Private/VolumeLightingCommonSampling.ush" 2435
"../../../Engine/Shaders/Private/VolumetricLightmapShared.ush" 2436
"../../../Engine/Shaders/Private/ForwardShadowingCommon.ush" 2437
"../../../Engine/Shaders/Private/LightDataUniforms.ush" 2438
"../../../Engine/Shaders/Private/Lumen/LumenTranslucencyVolumeShared.ush" 2439
"../../../Engine/Shaders/Private/Lumen/LumenRadianceCacheInterpolation.ush" 2440
"../../../Engine/Shaders/Private/VirtualShadowMaps/VirtualShadowMapProjectionCommon.ush" 2441
"../../../Engine/Shaders/Private/VirtualShadowMaps/VirtualShadowMapPageAccessCommon.ush" 2442
"../../../Engine/Shaders/Shared/VirtualShadowMapDefinitions.h" 2443
"../../../Engine/Shaders/Shared/HLSLMathAliases.h" 2444
"../../../Engine/Shaders/Private/VirtualShadowMaps/VirtualShadowMapHandle.ush" 2445
"../../../Engine/Shaders/Private/VirtualShadowMaps/VirtualShadowMapProjectionStructs.ush" 2446
"../../../Engine/Shaders/Private/DiaphragmDOF/DOFCommon.ush" 2447
"../../../Engine/Shaders/Private/VolumetricCloudCommon.ush" 2448
"../../../Engine/Shaders/Private/VolumetricCloud.usf" 2449
"../../../Engine/Shaders/Private/VisualizeVolumetricLightmap.usf" 2450
"../../../Engine/Shaders/Private/VirtualShadowMaps/VirtualShadowMapProjectionComposite.usf" 2451
"../../../Engine/Shaders/Private/LightShaderParameters.ush" 2452
"../../../Engine/Shaders/Private/VirtualShadowMaps/VirtualShadowMapMaskBitsCommon.ush" 2453
"../../../Engine/Shaders/Private/VirtualShadowMaps/VirtualShadowMapLightGrid.ush" 2454
"../../../Engine/Shaders/Private/VirtualShadowMaps/VirtualShadowMapProjection.usf" 2455
"../../../Engine/Shaders/Private/Visualization.ush" 2456
"../../../Engine/Shaders/Private/VirtualShadowMaps/VirtualShadowMapProjectionFilter.ush" 2457
"../../../Engine/Shaders/Private/VirtualShadowMaps/VirtualShadowMapProjectionDirectional.ush" 2458
"../../../Engine/Shaders/Private/VirtualShadowMaps/VirtualShadowMapSMRTCommon.ush" 2459
"../../../Engine/Shaders/Private/VirtualShadowMaps/VirtualShadowMapSMRTTemplate.ush" 2460
"../../../Engine/Shaders/Private/VirtualShadowMaps/VirtualShadowMapProjectionSpot.ush" 2461
"../../../Engine/Shaders/Private/VirtualShadowMaps/VirtualShadowMapTransmissionCommon.ush" 2462
"../../../Engine/Shaders/Private/VirtualShadowMaps/VirtualShadowMapScreenRayTrace.ush" 2463
"../../../Engine/Shaders/Private/VirtualShadowMaps/VirtualShadowMapStats.ush" 2464
"../../../Engine/Shaders/Private/HairStrands/HairStrandsVoxelPageCommon.ush" 2465
"../../../Engine/Shaders/Private/HairStrands/HairStrandsVoxelPageTraversal.ush" 2466
"../../../Engine/Shaders/Private/VirtualShadowMaps/VirtualShadowMapCacheGPUInvalidation.usf" 2467
"../../../Engine/Shaders/Private/VirtualShadowMaps/VirtualShadowMapPageCacheCommon.ush" 2468
"../../../Engine/Shaders/Private/VirtualShadowMaps/VirtualShadowMapCacheInvalidation.ush" 2469
"../../../Engine/Shaders/Private/VirtualShadowMaps/VirtualShadowMapPageOverlap.ush" 2470
"../../../Engine/Shaders/Private/ScreenSpaceDenoise/SSDDefinitions.ush" 2471
"../../../Engine/Shaders/Private/InstanceCulling/InstanceCullingLoadBalancer.ush" 2472
"../../../Engine/Shaders/Private/VirtualShadowMaps/VirtualShadowMapCacheLoadBalancer.usf" 2473
"../../../Engine/Shaders/Private/VirtualShadowMaps/VirtualShadowMapCopyStats.usf" 2474
"../../../Engine/Shaders/Private/VirtualShadowMaps/VirtualShadowMapShadowCasterBounds.usf" 2475
"../../../Engine/Shaders/Private/VirtualShadowMaps/VirtualShadowMapVisualize.ush" 2476
"../../../Engine/Shaders/Private/VirtualShadowMaps/VirtualShadowMapShadowCasterColor.usf" 2477
"../../../Engine/Shaders/Private/VirtualShadowMaps/VirtualShadowMapDebug.usf" 2478
"../../../Engine/Shaders/Private/VirtualShadowMaps/Desaturate.usf" 2479
"../../../Engine/Shaders/Private/VirtualShadowMaps/VirtualShadowMapPhysicalPageManagement.usf" 2480
"../../../Engine/Shaders/Private/ReductionCommon.ush" 2481
"../../../Engine/Shaders/Private/GPUMessaging.ush" 2482
"../../../Engine/Shaders/Private/VirtualShadowMaps/VirtualShadowMapPerPageDispatch.ush" 2483
"../../../Engine/Shaders/Private/VirtualShadowMaps/VirtualShadowMapComputeExplicitChunkDrawsViewMask.usf" 2484
"../../../Engine/Shaders/Shared/SceneCullingDefinitions.h" 2485
"../../../Engine/Shaders/Private/VirtualShadowMaps/VirtualShadowMapCompactViews.usf" 2486
"../../../Engine/Shaders/Private/VirtualShadowMaps/VirtualShadowMapBuildPerPageDrawCommands.usf" 2487
"../../../Engine/Shaders/Private/Nanite/NaniteCullingCommon.ush" 2488
"../../../Engine/Shaders/Private/Nanite/NaniteCulling.ush" 2489
"../../../Engine/Shaders/Private/Nanite/NaniteHierarchyTraversalCommon.ush" 2490
"../../../Engine/Shaders/Private/InstanceCulling/InstanceCullingCommon.ush" 2491
"../../../Engine/Shaders/Shared/InstanceCullingDefinitions.h" 2492
"../../../Engine/Shaders/Private/VirtualShadowMaps/VirtualShadowMapPrintStats.usf" 2493
"../../../Engine/Shaders/Private/VirtualShadowMaps/VirtualShadowMapPageManagement.usf" 2494
"../../../Engine/Shaders/Private/VirtualShadowMaps/VirtualShadowMapPageMarking.usf" 2495
"../../../Engine/Shaders/Private/VirtualShadowMaps/VirtualShadowMapPageMarking.ush" 2496
"../../../Engine/Shaders/Shared/SingleLayerWaterDefinitions.h" 2497
"../../../Engine/Shaders/Private/HairStrands/HairStrandsTileCommon.ush" 2498
"../../../Engine/Shaders/Private/Froxel/Froxel.ush" 2499
"../../../Engine/Shaders/Shared/FroxelDefinitions.h" 2500
"../../../Engine/Shaders/Private/VirtualShadowMaps/VirtualShadowMapThrottle.usf" 2501
"../../../Engine/Shaders/Private/VelocityUpdate.usf" 2502
"../../../Engine/Shaders/Private/VelocityCommon.ush" 2503
"../../../Engine/Shaders/Private/VelocityShader.usf" 2504
"../../../Engine/Shaders/Private/VariableRateShading/VRSShadingRatePreview.usf" 2505
"../../../Engine/Shaders/Private/VariableRateShading/VRSShadingRateCommon.ush" 2506
"../../../Engine/Shaders/Private/VariableRateShading/VRSShadingRateCombine.usf" 2507
"../../../Engine/Shaders/Private/VariableRateShading/VRSShadingRateFoveated.usf" 2508
"../../../Engine/Shaders/Private/VariableRateShading/VRSShadingRateReproject.usf" 2509
"../../../Engine/Shaders/Private/VariableRateShading/VRSShadingRateCalculate.usf" 2510
"../../../Engine/Shaders/Private/TranslucencyUpsampling.usf" 2511
"../../../Engine/Shaders/Private/ComposeSeparateTranslucency.usf" 2512
"../../../Engine/Shaders/Private/SeparateTranslucency.ush" 2513
"../../../Engine/Shaders/Private/TranslucencyVolumeVisualize.usf" 2514
"../../../Engine/Shaders/Private/TranslucencyVolumeCommon.ush" 2515
"../../../Engine/Shaders/Private/TranslucentLightInjectionShaders.usf" 2516
"../../../Engine/Shaders/Private/HeterogeneousVolumes/HeterogeneousVolumesAdaptiveVolumetricShadowMapSampling.ush" 2517
"../../../Engine/Shaders/Private/HeterogeneousVolumes/HeterogeneousVolumesAdaptiveVolumetricShadowMapUtils.ush" 2518
"../../../Engine/Shaders/Private/HeterogeneousVolumes/HeterogeneousVolumesBeerShadowMapUtils.ush" 2519
"../../../Engine/Shaders/Private/TranslucentShadowDepthShaders.usf" 2520
"../../../Engine/Shaders/Private/ShadowDepthCommon.ush" 2521
"../../../Engine/Shaders/Private/RayTracing/RayTracingTest.usf" 2522
"../../../Engine/Shaders/Private/PostprocessSubsurfaceTile.usf" 2523
"../../../Engine/Shaders/Private/PostProcessSubsurfaceCommon.ush" 2524
"../../../Engine/Shaders/Private/Substrate/SubstrateVisualize.usf" 2525
"../../../Engine/Shaders/Private/Substrate/SubstrateTile.ush" 2526
"../../../Engine/Shaders/Shared/SubstrateVisualizeDefinitions.h" 2527
"../../../Engine/Shaders/Private/Substrate/SubstrateVisualizeCommon.ush" 2528
"../../../Engine/Shaders/Private/SkyLightingDiffuseShared.ush" 2529
"../../../Engine/Shaders/Private/SkyLightingShared.ush" 2530
"../../../Engine/Shaders/Private/ClearCoatCommon.ush" 2531
"../../../Engine/Shaders/Private/ReflectionEnvironmentComposite.ush" 2532
"../../../Engine/Shaders/Private/Substrate/SubstrateLightingCommon.ush" 2533
"../../../Engine/Shaders/Private/Substrate/SubstrateRoughRefraction.usf" 2534
"../../../Engine/Shaders/Private/PathTracing/Material/PathTracingFresnel.ush" 2535
"../../../Engine/Shaders/Private/PathTracing/Material/PathTracingGlossy.ush" 2536
"../../../Engine/Shaders/Private/Substrate/SubstrateMaterialSampling.usf" 2537
"../../../Engine/Shaders/Private/Substrate/SubstrateMaterialSampling.ush" 2538
"../../../Engine/Shaders/Private/Lumen/LumenPosition.ush" 2539
"../../../Engine/Shaders/Private/Substrate/SubstrateTile.usf" 2540
"../../../Engine/Shaders/Private/Substrate/SubstrateMaterialClassification.usf" 2541
"../../../Engine/Shaders/Private/Substrate/SubstrateDBuffer.usf" 2542
"../../../Engine/Shaders/Private/StochasticLighting/StochasticLightingTileClassification.usf" 2543
"../../../Engine/Shaders/Private/Lumen/LumenMaterial.ush" 2544
"../../../Engine/Shaders/Private/HairStrands/HairStrandsVisibilityUtils.ush" 2545
"../../../Engine/Shaders/Private/Lumen/LumenReflectionCommon.ush" 2546
"../../../Engine/Shaders/Private/Lumen/LumenReflectionsCombine.ush" 2547
"../../../Engine/Shaders/Private/Lumen/LumenScreenProbeTileClassication.ush" 2548
"../../../Engine/Shaders/Private/MegaLights/MegaLightsTileClassification.ush" 2549
"../../../Engine/Shaders/Private/StochasticLighting/StochasticLightingUpsample.ush" 2550
"../../../Engine/Shaders/Private/StochasticLighting/StochasticLightingCommon.ush" 2551
"../../../Engine/Shaders/Private/SplineMeshSceneTexture.usf" 2552
"../../../Engine/Shaders/Private/SparseVolumeTexture/VisualizeSparseVolumeTexture.usf" 2553
"../../../Engine/Shaders/Private/SkyAtmosphere.usf" 2554
"../../../Engine/Shaders/Private/Nanite/NaniteSkinningUpdateViewData.usf" 2555
"../../../Engine/Shaders/Private/SceneCulling/SceneCulling.ush" 2556
"../../../Engine/Shaders/Private/Skinning/TransformProviders.usf" 2557
"../../../Engine/Shaders/Private/Skinning/SkinnedMeshDebug.usf" 2558
"../../../Engine/Shaders/Private/Skinning/AnimBankEval.usf" 2559
"../../../Engine/Shaders/Private/SingleLayerWaterComposite.usf" 2560
"../../../Engine/Shaders/Private/Froxel/FroxelBuild.ush" 2561
"../../../Engine/Shaders/Private/SingleLayerWaterRefractionCulling.usf" 2562
"../../../Engine/Shaders/Private/ScreenSpaceShadows.usf" 2563
"../../../Engine/Shaders/Private/bend_sss_gpu.ush" 2564
"../../../Engine/Shaders/Private/ShadowFactorsUpsampleCommon.ush" 2565
"../../../Engine/Shaders/Private/FirstPersonSelfShadow.usf" 2566
"../../../Engine/Shaders/Private/HZBTracing.ush" 2567
"../../../Engine/Shaders/Private/LateZDummyPS.usf" 2568
"../../../Engine/Shaders/Private/ShadowProjectionVertexShader.usf" 2569
"../../../Engine/Shaders/Private/ShadowProjectionPixelShader.usf" 2570
"../../../Engine/Shaders/Private/MobileLightingCommon.ush" 2571
"../../../Engine/Shaders/Private/PlanarReflectionShared.ush" 2572
"../../../Engine/Shaders/Private/MobileSSR.ush" 2573
"../../../Engine/Shaders/Private/SSRT/SSRTRayCast.ush" 2574
"../../../Engine/Shaders/Private/ShadowPercentageCloserFiltering.ush" 2575
"../../../Engine/Shaders/Private/TransmissionThickness.ush" 2576
"../../../Engine/Shaders/Private/CopyShadowMaps.usf" 2577
"../../../Engine/Shaders/Private/ShadowDepthPixelShader.usf" 2578
"../../../Engine/Shaders/Private/ShadowDepthVertexShader.usf" 2579
"../../../Engine/Shaders/Private/ShadingEnergyConservationTable.usf" 2580
"../../../Engine/Shaders/Shared/PathTracingDefinitions.h" 2581
"../../../Engine/Shaders/Private/ShadingFurnaceTest.usf" 2582
"../../../Engine/Shaders/Private/Substrate/SubstrateDeferredLighting.ush" 2583
"../../../Engine/Shaders/Private/ShaderPrintDraw.usf" 2584
"../../../Engine/Shaders/Private/ShaderPrintDrawPrimitive.usf" 2585
"../../../Engine/Shaders/Private/DefaultSSRTiles.usf" 2586
"../../../Engine/Shaders/Private/ScreenSpaceReflectionTileCommons.ush" 2587
"../../../Engine/Shaders/Private/SSRT/SSRTDiffuseIndirect.usf" 2588
"../../../Engine/Shaders/Private/SSRT/SSRTTileClassificationBuffer.ush" 2589
"../../../Engine/Shaders/Private/SSRT/SSRTReflections.usf" 2590
"../../../Engine/Shaders/Private/ScreenSpaceDenoise/SSDPublic.ush" 2591
"../../../Engine/Shaders/Private/SSRT/SSRTTileClassification.usf" 2592
"../../../Engine/Shaders/Private/SSRT/SSRTPrevFrameReduction.usf" 2593
"../../../Engine/Shaders/Private/ScreenSpaceDenoise/SSDComposeHarmonics.usf" 2594
"../../../Engine/Shaders/Private/ScreenSpaceDenoise/SSDPublicHarmonics.ush" 2595
"../../../Engine/Shaders/Private/ScreenSpaceDenoise/SSDSignalFramework.ush" 2596
"../../../Engine/Shaders/Private/ScreenSpaceDenoise/SSDCommon.ush" 2597
"../../../Engine/Shaders/Private/SphericalGaussian.ush" 2598
"../../../Engine/Shaders/Public/WaveBroadcastIntrinsics.ush" 2599
"../../../Engine/Shaders/Private/ScreenSpaceDenoise/SSDMetadata.ush" 2600
"../../../Engine/Shaders/Private/ScreenSpaceDenoise/SSDSignalCore.ush" 2601
"../../../Engine/Shaders/Private/ScreenSpaceDenoise/DenoisingCommon.ush" 2602
"../../../Engine/Shaders/Private/ScreenSpaceDenoise/SSDSignalArray.ush" 2603
"../../../Engine/Shaders/Private/ScreenSpaceDenoise/SSDSignalBufferEncoding.ush" 2604
"../../../Engine/Shaders/Private/ScreenSpaceDenoise/SSDPublicBufferEncoding.ush" 2605
"../../../Engine/Shaders/Private/Lumen/LumenBufferEncoding.ush" 2606
"../../../Engine/Shaders/Private/ScreenSpaceDenoise/SSDTemporalAccumulation.usf" 2607
"../../../Engine/Shaders/Private/ScreenSpaceDenoise/SSDSpatialKernel.ush" 2608
"../../../Engine/Shaders/Private/ScreenSpaceDenoise/SSDSignalAccumulatorArray.ush" 2609
"../../../Engine/Shaders/Private/ScreenSpaceDenoise/SSDSignalAccumulator.ush" 2610
"../../../Engine/Shaders/Private/ScreenSpaceDenoise/SSDSignalCompression.ush" 2611
"../../../Engine/Shaders/Private/ScreenSpaceDenoise/SSDSpatialAccumulation.usf" 2612
"../../../Engine/Shaders/Private/ScreenSpaceDenoise/SSDInjest.usf" 2613
"../../../Engine/Shaders/Private/ScreenSpaceDenoise/SSDCompressMetadata.usf" 2614
"../../../Engine/Shaders/Private/DownsampleDepthPixelShader.usf" 2615
"../../../Engine/Shaders/Private/ScreenPass.usf" 2616
"../../../Engine/Shaders/Private/HZB.usf" 2617
"../../../Engine/Shaders/Private/OcclusionFeedbackShaders.usf" 2618
"../../../Engine/Shaders/Private/HZBOcclusion.usf" 2619
"../../../Engine/Shaders/Private/OcclusionQueryPixelShader.usf" 2620
"../../../Engine/Shaders/Private/OcclusionQueryVertexShader.usf" 2621
"../../../Engine/Shaders/Private/HitProxyCopy.usf" 2622
"../../../Engine/Shaders/Private/HitProxyPixelShader.usf" 2623
"../../../Engine/Shaders/Private/HitProxyVertexShader.usf" 2624
"../../../Engine/Shaders/Private/SceneCulling/SceneCullingDebugRender.usf" 2625
"../../../Engine/Shaders/Private/SceneCulling/SceneCullingBuildExplicitBounds.usf" 2626
"../../../Engine/Shaders/Private/SceneCapturePixelShader.usf" 2627
"../../../Engine/Shaders/Private/RendererUtils.usf" 2628
"../../../Engine/Shaders/Private/RTWriteMaskDecode.usf" 2629
"../../../Engine/Shaders/Private/ReflectionEnvironmentShaders.usf" 2630
"../../../Engine/Shaders/Private/RectLightAtlas.usf" 2631
"../../../Engine/Shaders/Private/RayTracing/TraceRayInlineStatistics.usf" 2632
"../../../Engine/Shaders/Private/RayTracing/CompositeSkyLightPS.usf" 2633
"../../../Engine/Shaders/Private/RayTracing/GenerateSkyLightVisibilityRaysCS.usf" 2634
"../../../Engine/Shaders/Private/RayTracing/RayTracingSkyLightCommon.ush" 2635
"../../../Engine/Shaders/Private/RayTracing/SkyLightVisibilityRaysData.ush" 2636
"../../../Engine/Shaders/Private/Raytracing/RaytracingSkylightRGS.usf" 2637
"../../../Engine/Shaders/Private/HairStrands/HairStrandsRaytracing.ush" 2638
"../../../Engine/Shaders/Private/Raytracing/RayTracingSkyLightEvaluation.ush" 2639
"../../../Engine/Shaders/Private/Raytracing/RayTracingDeferredShadingCommon.ush" 2640
"../../../Engine/Shaders/Private/RayTracing/RayTracingOcclusionRGS.usf" 2641
"../../../Engine/Shaders/Private/RayTracing/RayTracingDirectionalLight.ush" 2642
"../../../Engine/Shaders/Private/RayTracing/RayTracingRectLight.ush" 2643
"../../../Engine/Shaders/Private/RayTracing/RayTracingSphereLight.ush" 2644
"../../../Engine/Shaders/Private/RayTracing/RayTracingCapsuleLight.ush" 2645
"../../../Engine/Shaders/Private/Raytracing/RayTracingFeedback.usf" 2646
"../../../Engine/Shaders/Shared/RayTracingDebugTypes.h" 2647
"../../../Engine/Shaders/Private/RayTracing/RayTracingPrimaryRays.usf" 2648
"../../../Engine/Shaders/Private/RayTracing/RayTracingLightingCommon.ush" 2649
"../../../Engine/Shaders/Private/RayTracing/RayTracingLightCullingCommon.ush" 2650
"../../../Engine/Shaders/Private/RayTracing/RayTracingMaterialDefaultHitShaders.usf" 2651
"../../../Engine/Shaders/Private/RayTracing/RayTracingMaterialHitShaders.usf" 2652
"../../../Engine/Shaders/Private/RayTracing/RayTracingShaderUtils.ush" 2653
"../../../Engine/Shaders/Private/RayTracing/RayTracingCalcInterpolants.ush" 2654
"../../../Engine/Shaders/Private/LightmapCommon.ush" 2655
"../../../Engine/Shaders/Private/Lumen/LumenHardwareRayTracingPayloadCommon.ush" 2656
"../../../Engine/Shaders/Shared/LumenDefinitions.h" 2657
"../../../Engine/Shaders/Private/Substrate/SubstrateExport.ush" 2658
"../../../Engine/Shaders/Private/RayTracing/RayTracingLightingMS.usf" 2659
"../../../Engine/Shaders/Private/Lumen/LumenDiffuseColorBoost.ush" 2660
"../../../Engine/Shaders/Private/RayTracing/RayTracingLightFunctionCommon.ush" 2661
"../../../Engine/Shaders/Private/RayTracing/RayTracingBuildLightGrid.usf" 2662
"../../../Engine/Shaders/Private/Raytracing/RayTracingInstanceBufferUtil.usf" 2663
"../../../Engine/Shaders/Private/RayTracing/RayTracingDynamicMesh.usf" 2664
"../../../Engine/Shaders/Private/RayTracing/RayTracingDefaultDecalHitShader.usf" 2665
"../../../Engine/Shaders/Private/RayTracing/RayTracingDecalMaterialShader.usf" 2666
"../../../Engine/Shaders/Private/PathTracing/PathTracingShaderUtils.ush" 2667
"../../../Engine/Shaders/Private/PathTracing/PathTracingCommon.ush" 2668
"../../../Engine/Shaders/Private/PathTracing/Material/PathTracingMaterialCommon.ush" 2669
"../../../Engine/Shaders/Private/PathTracing/Utilities/PathTracingRIS.ush" 2670
"../../../Engine/Shaders/Private/RayTracing/RayTracingBuildDecalGrid.usf" 2671
"../../../Engine/Shaders/Private/RayTracing/RayTracingDebugHitStatsUtils.usf" 2672
"../../../Engine/Shaders/Private/RayTracing/RayTracingDebugInstanceOverlap.usf" 2673
"../../../Engine/Shaders/Private/RayTracing/RayTracingDebugPicking.usf" 2674
"../../../Engine/Shaders/Private/RayTracing/RayTracingDebugUtils.ush" 2675
"../../../Engine/Shaders/Private/RayTracing/RayTracingDebugTraversal.usf" 2676
"../../../Engine/Shaders/Private/RayTracing/RayTracingDeferredMaterials.ush" 2677
"../../../Engine/Shaders/Shared/ThirdParty/AMD/ags_shader_intrinsics_dx12.h" 2678
"../../../Engine/Shaders/Shared/RayTracingDebugDefinitions.h" 2679
"../../../Engine/Shaders/Private/RayTracing/RayTracingDebugHitStatsCHS.usf" 2680
"../../../Engine/Shaders/Private/RayTracing/RayTracingDebugHitStats.usf" 2681
"../../../Engine/Shaders/Private/RayTracing/RayTracingDebugMS.usf" 2682
"../../../Engine/Shaders/Private/RayTracing/RayTracingDebugCHS.usf" 2683
"../../../Engine/Shaders/Private/RayTracing/RayTracingDebug.usf" 2684
"../../../Engine/Shaders/Private/RayTracing/RayTracingBuiltInShaders.usf" 2685
"../../../Engine/Shaders/Private/RayTracing/RayTracingBarycentrics.usf" 2686
"../../../Engine/Shaders/Private/RayTracing/RayTracingAmbientOcclusionRGS.usf" 2687
"../../../Engine/Shaders/Private/VisualizeShadingModels.usf" 2688
"../../../Engine/Shaders/Private/MotionBlur/VisualizeMotionVectors.usf" 2689
"../../../Engine/Shaders/Private/TemporalSuperResolution/TSRVisualize.usf" 2690
"../../../Engine/Shaders/Private/TemporalSuperResolution/TSRColorSpace.ush" 2691
"../../../Engine/Shaders/Private/TemporalSuperResolution/TSRCommon.ush" 2692
"../../../Engine/Shaders/Public/DualPixelVectorization.ush" 2693
"../../../Engine/Shaders/Private/TemporalSuperResolution/TSRReprojectionField.ush" 2694
"../../../Engine/Shaders/Private/TemporalSuperResolution/TSRResolveHistory.usf" 2695
"../../../Engine/Shaders/Private/TemporalSuperResolution/TSRConvolutionNetwork.ush" 2696
"../../../Engine/Shaders/Private/TemporalSuperResolution/TSRKernels.ush" 2697
"../../../Engine/Shaders/Public/LaneVectorization.ush" 2698
"../../../Engine/Shaders/Private/TemporalSuperResolution/TSRUpdateHistory.usf" 2699
"../../../Engine/Shaders/Private/TemporalSuperResolution/TSRSpatialAntiAliasing.ush" 2700
"../../../Engine/Shaders/Private/TemporalSuperResolution/TSRSpatialAntiAliasing.usf" 2701
"../../../Engine/Shaders/Private/TemporalSuperResolution/TSRRejectShading.usf" 2702
"../../../Engine/Shaders/Private/TemporalSuperResolution/TSRShadingAnalysis.ush" 2703
"../../../Engine/Shaders/Private/TemporalSuperResolution/TSRConvolutionNetworkPass.ush" 2704
"../../../Engine/Shaders/Private/TemporalSuperResolution/TSRDecimateHistory.usf" 2705
"../../../Engine/Shaders/Private/TemporalSuperResolution/TSRDepthVelocityAnalysis.ush" 2706
"../../../Engine/Shaders/Private/TemporalSuperResolution/TSRClosestOccluder.ush" 2707
"../../../Engine/Shaders/Private/TemporalSuperResolution/TSRWeightRelaxation.usf" 2708
"../../../Engine/Shaders/Private/TemporalSuperResolution/TSRThinGeometryCommon.ush" 2709
"../../../Engine/Shaders/Private/TemporalSuperResolution/TSRDetectThinGeometry.usf" 2710
"../../../Engine/Shaders/Private/TemporalSuperResolution/TSRDilateVelocity.usf" 2711
"../../../Engine/Shaders/Private/MotionBlur/MotionBlurVelocityFlatten.ush" 2712
"../../../Engine/Shaders/Private/MotionBlur/MotionBlurCommon.ush" 2713
"../../../Engine/Shaders/Private/TemporalSuperResolution/TSRClearPrevTextures.usf" 2714
"../../../Engine/Shaders/Private/TemporalSuperResolution/TSRMeasureCoverage.usf" 2715
"../../../Engine/Shaders/Private/TemporalSuperResolution/TSRMeasureFlickeringLuma.usf" 2716
"../../../Engine/Shaders/Private/TemporalAA.usf" 2717
"../../../Engine/Shaders/Private/SMAA/SMAADebugVisualization.usf" 2718
"../../../Engine/Shaders/Private/SMAA/SMAACommon.ush" 2719
"../../../Engine/Shaders/Private/SMAA/SMAA.ush" 2720
"../../../Engine/Shaders/Private/SMAA/SMAANeighborhoodBlendingShader.usf" 2721
"../../../Engine/Shaders/Private/SMAA/SMAABlendingWeightCalculationShader.usf" 2722
"../../../Engine/Shaders/Private/SMAA/SMAAEdgeDetectionShader.usf" 2723
"../../../Engine/Shaders/Private/FilterPixelShader.usf" 2724
"../../../Engine/Shaders/Private/FilterVertexShader.usf" 2725
"../../../Engine/Shaders/Private/VisualizeVirtualTexture.usf" 2726
"../../../Engine/Shaders/Private/PostProcessVisualizeBuffer.usf" 2727
"../../../Engine/Shaders/Private/PostProcessVisualizeLocalExposure.usf" 2728
"../../../Engine/Shaders/Private/PostProcessHistogramCommon.ush" 2729
"../../../Engine/Shaders/Private/TonemapCommon.ush" 2730
"../../../Engine/Shaders/Private/ACES/ACESCommon.ush" 2731
"../../../Engine/Shaders/Private/ACES/ACESOutputTransform.ush" 2732
"../../../Engine/Shaders/Private/ACES/ACESUtilities.ush" 2733
"../../../Engine/Shaders/Private/ACES/ACESTonescale.ush" 2734
"../../../Engine/Shaders/Private/ACES/ACESDisplayEncoding.ush" 2735
"../../../Engine/Shaders/Private/ACES/ACES_v1.3.ush" 2736
"../../../Engine/Shaders/Private/PostProcessVisualizeLevelInstance.usf" 2737
"../../../Engine/Shaders/Private/PostProcessVisualizeHDR.usf" 2738
"../../../Engine/Shaders/Private/ShaderComplexityApplyPixelShader.usf" 2739
"../../../Engine/Shaders/Private/QuadOverdraw.ush" 2740
"../../../Engine/Shaders/Private/PostProcessUpscale.usf" 2741
"../../../Engine/Shaders/Private/PostProcessTonemap.usf" 2742
"../../../Engine/Shaders/Private/PostProcessing/FilmGrainPackConstants.usf" 2743
"../../../Engine/Shaders/Private/PostProcessing/FilmGrainReduce.usf" 2744
"../../../Engine/Shaders/Private/PostProcessTestImage.usf" 2745
"../../../Engine/Shaders/Private/PostProcessSubsurface.usf" 2746
"../../../Engine/Shaders/Private/SeparableSSS.ush" 2747
"../../../Engine/Shaders/Private/SubsurfaceBurleyNormalized.ush" 2748
"../../../Engine/Shaders/Private/PostProcessSelectionOutline.usf" 2749
"../../../Engine/Shaders/Private/MotionBlur/MotionBlurVisualize.usf" 2750
"../../../Engine/Shaders/Private/MotionBlur/MotionBlurApply.usf" 2751
"../../../Engine/Shaders/Private/MotionBlur/MotionBlurFilterTileClassify.usf" 2752
"../../../Engine/Shaders/Private/MotionBlur/MotionBlurTileScatter.usf" 2753
"../../../Engine/Shaders/Private/MotionBlur/MotionBlurTileGather.usf" 2754
"../../../Engine/Shaders/Private/MotionBlur/MotionBlurVelocityFlatten.usf" 2755
"../../../Engine/Shaders/Private/PostProcessMobile.usf" 2756
"../../../Engine/Shaders/Private/PostProcessMitchellNetravali.usf" 2757
"../../../Engine/Shaders/Private/PostProcessMaterialShaders.usf" 2758
"../../../Engine/Shaders/Private/NeuralPostProcessCommon.usf" 2759
"../../../Engine/Shaders/Private/PostProcessLocalExposure.usf" 2760
"../../../Engine/Shaders/Private/PostProcessLensFlares.usf" 2761
"../../../Engine/Shaders/Private/PostProcessGBufferHints.usf" 2762
"../../../Engine/Shaders/Private/PostProcessHMD.usf" 2763
"../../../Engine/Shaders/Private/Histogram.usf" 2764
"../../../Engine/Shaders/Private/PostProcessExposureMaterial.ush" 2765
"../../../Engine/Shaders/Private/PostProcessHistogramReduce.usf" 2766
"../../../Engine/Shaders/Private/PostProcessHistogram.usf" 2767
"../../../Engine/Shaders/Private/Bloom/BloomFinalizeApplyConstants.usf" 2768
"../../../Engine/Shaders/Private/Bloom/BloomCommon.ush" 2769
"../../../Engine/Shaders/Private/Bloom/BloomResizeKernel.usf" 2770
"../../../Engine/Shaders/Private/Bloom/BloomDownsampleKernel.usf" 2771
"../../../Engine/Shaders/Private/Bloom/BloomClampKernel.usf" 2772
"../../../Engine/Shaders/Private/Bloom/BloomPackKernelConstants.usf" 2773
"../../../Engine/Shaders/Private/Bloom/BloomSumScatterDispersionEnergy.usf" 2774
"../../../Engine/Shaders/Private/Bloom/BloomReduceKernelSurvey.usf" 2775
"../../../Engine/Shaders/Private/Bloom/BloomSurveyKernelCenterEnergy.usf" 2776
"../../../Engine/Shaders/Private/Bloom/BloomSurveyMaxScatterDispersion.usf" 2777
"../../../Engine/Shaders/Private/Bloom/BloomFindKernelCenter.usf" 2778
"../../../Engine/Shaders/Private/PostProcessEyeAdaptation.usf" 2779
"../../../Engine/Shaders/Private/PostProcessEyeAdaptationUtils.usf" 2780
"../../../Engine/Shaders/Private/PostProcessDownsample.usf" 2781
"../../../Engine/Shaders/Private/PostProcessDOF.usf" 2782
"../../../Engine/Shaders/Private/PostProcessDeviceEncodingOnly.usf" 2783
"../../../Engine/Shaders/Private/PostProcessCompositePrimitives.usf" 2784
"../../../Engine/Shaders/Private/PostProcessCombineLUTs.usf" 2785
"../../../Engine/Shaders/Private/PostProcessVisualizeDOF.usf" 2786
"../../../Engine/Shaders/Private/PostProcessBloom.usf" 2787
"../../../Engine/Shaders/Private/PostProcessAmbientOcclusionMobile.usf" 2788
"../../../Engine/Shaders/Private/PostProcessAmbientOcclusionCommon.ush" 2789
"../../../Engine/Shaders/Private/FXAAShader.usf" 2790
"../../../Engine/Shaders/Private/Fxaa3_11.ush" 2791
"../../../Engine/Shaders/Private/PaniniProjection.usf" 2792
"../../../Engine/Shaders/Private/DiaphragmDOF/DOFRecombine.usf" 2793
"../../../Engine/Shaders/Private/DiaphragmDOF/DOFHybridScatterPixelShader.usf" 2794
"../../../Engine/Shaders/Private/DiaphragmDOF/DOFHybridScatterCommon.ush" 2795
"../../../Engine/Shaders/Private/DiaphragmDOF/DOFVignetteCommon.ush" 2796
"../../../Engine/Shaders/Private/DiaphragmDOF/DOFHybridScatterVertexShader.usf" 2797
"../../../Engine/Shaders/Private/DiaphragmDOF/DOFPostfiltering.usf" 2798
"../../../Engine/Shaders/Private/DiaphragmDOF/DOFGatherTileSuggest.ush" 2799
"../../../Engine/Shaders/Private/DiaphragmDOF/DOFCocTileCommon.ush" 2800
"../../../Engine/Shaders/Private/DiaphragmDOF/DOFGatherPass.usf" 2801
"../../../Engine/Shaders/Private/DiaphragmDOF/DOFGatherCommon.ush" 2802
"../../../Engine/Shaders/Private/DiaphragmDOF/DOFGatherAccumulator.ush" 2803
"../../../Engine/Shaders/Private/DiaphragmDOF/DOFGatherKernel.ush" 2804
"../../../Engine/Shaders/Private/DiaphragmDOF/DOFBokehLUT.usf" 2805
"../../../Engine/Shaders/Private/DiaphragmDOF/DOFHybridScatterCompilation.usf" 2806
"../../../Engine/Shaders/Private/DiaphragmDOF/DOFReduce.usf" 2807
"../../../Engine/Shaders/Private/DiaphragmDOF/DOFDownsample.ush" 2808
"../../../Engine/Shaders/Private/DiaphragmDOF/DOFHybridScatterCompilation.ush" 2809
"../../../Engine/Shaders/Private/DiaphragmDOF/DOFDownsample.usf" 2810
"../../../Engine/Shaders/Private/DiaphragmDOF/DOFCocTileDilate.usf" 2811
"../../../Engine/Shaders/Private/DiaphragmDOF/DOFCocTileFlatten.usf" 2812
"../../../Engine/Shaders/Private/DiaphragmDOF/DOFSetup.usf" 2813
"../../../Engine/Shaders/Private/Tools/DebugAlphaChannel.usf" 2814
"../../../Engine/Shaders/Private/PostProcessAlphaInvert.usf" 2815
"../../../Engine/Shaders/Private/PlanarReflectionShaders.usf" 2816
"../../../Engine/Shaders/Private/PhysicsFieldVisualizer.usf" 2817
"../../../Engine/Shaders/Private/PathTracing/PathTracingSpatialTemporalDenoising.usf" 2818
"../../../Engine/Shaders/Private/ColorDifference.ush" 2819
"../../../Engine/Shaders/Private/PathTracing/PathTracingCompositingPixelShader.usf" 2820
"../../../Engine/Shaders/Private/PathTracing/PathTracingAdaptiveUtils.ush" 2821
"../../../Engine/Shaders/Private/PathTracing/PathTracingDefaultHitShader.usf" 2822
"../../../Engine/Shaders/Private/PathTracing/PathTracingGPULightmassMaterialHitShader.usf" 2823
"../../../Engine/Shaders/Private/PathTracing/PathTracingMaterialHitShader.usf" 2824
"../../../Engine/Shaders/Private/PathTracing/Material/PathTracingSubstrateCommon.ush" 2825
"../../../Engine/Shaders/Private/PathTracing/PathTracingLightingMissShader.usf" 2826
"../../../Engine/Shaders/Private/PathTracing/PathTracingMissShader.usf" 2827
"../../../Engine/Shaders/Private/PathTracing/PathTracingAdaptiveStart.usf" 2828
"../../../Engine/Shaders/Private/PathTracing/PathTracingBuildAdaptiveError.usf" 2829
"../../../Engine/Shaders/Private/PathTracing/PathTracingVolumetricCloudMaterialShader.usf" 2830
"../../../Engine/Shaders/Private/PathTracing/Volume/PathTracingCloudsMaterialCommon.ush" 2831
"../../../Engine/Shaders/Private/PathTracing/Volume/PathTracingVolumeCommon.ush" 2832
"../../../Engine/Shaders/Private/PathTracing/Volume/PathTracingCloudsCommon.ush" 2833
"../../../Engine/Shaders/Private/PathTracing/Volume/PathTracingFog.ush" 2834
"../../../Engine/Shaders/Private/PathTracing/Volume/PathTracingAtmosphere.ush" 2835
"../../../Engine/Shaders/Private/PathTracing/Volume/PathTracingAtmosphereCommon.ush" 2836
"../../../Engine/Shaders/Private/PathTracing/Volume/PathTracingVolumeSampling.ush" 2837
"../../../Engine/Shaders/Private/PathTracing/PathTracingBuildCloudAccelerationMap.usf" 2838
"../../../Engine/Shaders/Private/PathTracing/PathTracingBuildAtmosphereLUT.usf" 2839
"../../../Engine/Shaders/Private/PathTracing/PathTracingSwizzleScanlines.usf" 2840
"../../../Engine/Shaders/Private/PathTracing/PathTracingInitExtinctionCoefficient.usf" 2841
"../../../Engine/Shaders/Private/PathTracing/PathTracingCopyDepth.usf" 2842
"../../../Engine/Shaders/Private/PathTracing/PathTracingDebug.usf" 2843
"../../../Engine/Shaders/Private/RayTracing/RayTracingDecalGrid.ush" 2844
"../../../Engine/Shaders/Private/PathTracing/Material/PathTracingMaterialSampling.ush" 2845
"../../../Engine/Shaders/Private/PathTracing/Material/PathTracingLambert.ush" 2846
"../../../Engine/Shaders/Private/PathTracing/Material/PathTracingSubstrate.ush" 2847
"../../../Engine/Shaders/Private/PathTracing/Material/PathTracingSubstrateFoliage.ush" 2848
"../../../Engine/Shaders/Private/PathTracing/Material/PathTracingSubstrateSolidGlass.ush" 2849
"../../../Engine/Shaders/Private/PathTracing/Material/PathTracingSubstrateThinGlass.ush" 2850
"../../../Engine/Shaders/Private/PathTracing/Material/PathTracingSolidGlass.ush" 2851
"../../../Engine/Shaders/Private/PathTracing/Material/PathTracingEnergyConservation.ush" 2852
"../../../Engine/Shaders/Private/PathTracing/Material/PathTracingThinGlass.ush" 2853
"../../../Engine/Shaders/Private/PathTracing/Material/PathTracingDefaultLit.ush" 2854
"../../../Engine/Shaders/Private/PathTracing/Material/PathTracingClearCoat.ush" 2855
"../../../Engine/Shaders/Private/PathTracing/Material/PathTracingTwoSidedFoliage.ush" 2856
"../../../Engine/Shaders/Private/PathTracing/Material/PathTracingCloth.ush" 2857
"../../../Engine/Shaders/Private/PathTracing/Material/PathTracingSubsurfaceProfile.ush" 2858
"../../../Engine/Shaders/Private/PathTracing/Material/PathTracingEye.ush" 2859
"../../../Engine/Shaders/Private/PathTracing/Material/PathTracingHair.ush" 2860
"../../../Engine/Shaders/Private/PathTracing/Material/PathTracingMedium.ush" 2861
"../../../Engine/Shaders/Private/PathTracing/Light/PathTracingLightSampling.ush" 2862
"../../../Engine/Shaders/Private/PathTracing/Light/PathTracingLightCommon.ush" 2863
"../../../Engine/Shaders/Private/PathTracing/Light/PathTracingDirectionalLight.ush" 2864
"../../../Engine/Shaders/Private/PathTracing/Light/PathTracingPointLight.ush" 2865
"../../../Engine/Shaders/Private/PathTracing/Light/PathTracingCapsuleLight.ush" 2866
"../../../Engine/Shaders/Private/PathTracing/Light/PathTracingRectLight.ush" 2867
"../../../Engine/Shaders/Private/PathTracing/Light/PathTracingSkyLight.ush" 2868
"../../../Engine/Shaders/Private/PathTracing/Light/PathTracingLightGrid.ush" 2869
"../../../Engine/Shaders/Private/PathTracing/PathTracing.usf" 2870
"../../../Engine/Shaders/Private/PathTracing/PathTracingCore.ush" 2871
"../../../Engine/Shaders/Private/HeterogeneousVolumes/HeterogeneousVolumesVoxelGridTypes.ush" 2872
"../../../Engine/Shaders/Private/PathTracing/Volume/PathTracingVolume.ush" 2873
"../../../Engine/Shaders/Private/PathTracing/Volume/PathTracingClouds.ush" 2874
"../../../Engine/Shaders/Private/PathTracing/Volume/PathTracingHeterogeneousVolumes.ush" 2875
"../../../Engine/Shaders/Private/HeterogeneousVolumes/HeterogeneousVolumesTracingUtils.ush" 2876
"../../../Engine/Shaders/Private/HeterogeneousVolumes/HeterogeneousVolumesVoxelGridTraversal.ush" 2877
"../../../Engine/Shaders/Private/HeterogeneousVolumes/HeterogeneousVolumesVoxelGridUtils.ush" 2878
"../../../Engine/Shaders/Private/HeterogeneousVolumes/HeterogeneousVolumesFrustumVoxelGridUtils.ush" 2879
"../../../Engine/Shaders/Private/PathTracing/PathTracingBuildLightGrid.usf" 2880
"../../../Engine/Shaders/Private/PathTracing/PathTracingSkylightMISCompensation.usf" 2881
"../../../Engine/Shaders/Private/PathTracing/PathTracingSkylightPrepare.usf" 2882
"../../../Engine/Shaders/Private/OIT/OITSorting.usf" 2883
"../../../Engine/Shaders/Private/OITCombine.usf" 2884
"../../../Engine/Shaders/Private/OITCommon.ush" 2885
"../../../Engine/Shaders/Private/Nanite/Voxel/RasterizeBricks.usf" 2886
"../../../Engine/Shaders/Private/Nanite/Voxel/Brick.ush" 2887
"../../../Engine/Shaders/Private/Nanite/Voxel/Voxel.ush" 2888
"../../../Engine/Shaders/Private/Nanite/Voxel/ScatterBricks.usf" 2889
"../../../Engine/Shaders/Private/Nanite/Voxel/TileBricks.usf" 2890
"../../../Engine/Shaders/Private/Nanite/Voxel/AutoVoxel.usf" 2891
"../../../Engine/Shaders/Private/Nanite/NaniteDebugViews.usf" 2892
"../../../Engine/Shaders/Private/Nanite/NaniteEditorCommon.ush" 2893
"../../../Engine/Shaders/Private/BinarySearch.ush" 2894
"../../../Engine/Shaders/Private/Nanite/NaniteDepthDecode.usf" 2895
"../../../Engine/Shaders/Private/HTileEncoding.ush" 2896
"../../../Engine/Shaders/Private/Nanite/NaniteVisualize.usf" 2897
"../../../Engine/Shaders/Private/Nanite/NaniteStreamOut.usf" 2898
"../../../Engine/Shaders/Private/Nanite/NaniteHierarchyTraversal.ush" 2899
"../../../Engine/Shaders/Private/Nanite/NaniteShadeBinning.usf" 2900
"../../../Engine/Shaders/Private/Nanite/NaniteShadeCommon.ush" 2901
"../../../Engine/Shaders/Private/Nanite/NaniteFastClear.usf" 2902
"../../../Engine/Shaders/Private/Nanite/NaniteRayTracing.usf" 2903
"../../../Engine/Shaders/Private/Nanite/NaniteExportGBuffer.usf" 2904
"../../../Engine/Shaders/Private/Nanite/NaniteClusterCulling.usf" 2905
"../../../Engine/Shaders/Private/Nanite/NanitePrintStats.usf" 2906
"../../../Engine/Shaders/Private/Nanite/NaniteRasterizer.usf" 2907
"../../../Engine/Shaders/Private/Nanite/NaniteRasterizationCommon.ush" 2908
"../../../Engine/Shaders/Private/Nanite/NaniteRasterizer.ush" 2909
"../../../Engine/Shaders/Private/Nanite/NaniteWritePixel.ush" 2910
"../../../Engine/Shaders/Private/Nanite/NaniteTessellation.ush" 2911
"../../../Engine/Shaders/Private/WorkDistribution.ush" 2912
"../../../Engine/Shaders/Private/Nanite/NaniteDice.ush" 2913
"../../../Engine/Shaders/Private/ShaderBundleWorkGraphCommon.ush" 2914
"../../../Engine/Shaders/Public/RootConstants.ush" 2915
"../../../Engine/Shaders/Public/Platform/D3D/D3DRootConstants.ush" 2916
"../../../Engine/Shaders/Private/Nanite/NaniteSplit.usf" 2917
"../../../Engine/Shaders/Private/Nanite/NaniteRasterBinning.usf" 2918
"../../../Engine/Shaders/Private/Nanite/NaniteInstanceCulling.usf" 2919
"../../../Engine/Shaders/Private/Nanite/NaniteImposter.ush" 2920
"../../../Engine/Shaders/Private/Nanite/NaniteInstanceHierarchyCulling.usf" 2921
"../../../Engine/Shaders/Private/WorkGroupLoadBalancer.ush" 2922
"../../../Engine/Shaders/Private/Nanite/NanitePrimitiveFilter.usf" 2923
"../../../Engine/Shaders/Private/Nanite/NaniteRasterClear.usf" 2924
"../../../Engine/Shaders/Private/Nanite/NaniteDepthExport.usf" 2925
"../../../Engine/Shaders/Private/Nanite/NaniteEmitShadow.usf" 2926
"../../../Engine/Shaders/Private/MobileDeferredUtils.usf" 2927
"../../../Engine/Shaders/Private/MobileLocalLightsBuffer.usf" 2928
"../../../Engine/Shaders/Private/MobileFog.usf" 2929
"../../../Engine/Shaders/Private/DistortApplyScreenPS.usf" 2930
"../../../Engine/Shaders/Private/MobileDeferredShading.usf" 2931
"../../../Engine/Shaders/Private/MobileBasePassPixelShader.usf" 2932
"../../../Engine/Shaders/Private/MobileBasePassCommon.ush" 2933
"../../../Engine/Shaders/Private/BasePassCommon.ush" 2934
"../../../Engine/Shaders/Private/ShadingModelsMaterial.ush" 2935
"../../../Engine/Shaders/Private/ThinTranslucentCommon.ush" 2936
"../../../Engine/Shaders/Private/SingleLayerWaterShading.ush" 2937
"../../../Engine/Shaders/Private/DistortionCommon.ush" 2938
"../../../Engine/Shaders/Private/Substrate/SubstrateMobileForwardLighting.ush" 2939
"../../../Engine/Shaders/Private/MobileBasePassVertexShader.usf" 2940
"../../../Engine/Shaders/Private/MeshEdges.usf" 2941
"../../../Engine/Shaders/Private/MegaLights/MegaLightsSampling.usf" 2942
"../../../Engine/Shaders/Shared/MegaLightsDefinitions.h" 2943
"../../../Engine/Shaders/Private/MegaLights/MegaLightsShading.ush" 2944
"../../../Engine/Shaders/Private/MegaLights/MegaLights.ush" 2945
"../../../Engine/Shaders/Private/MegaLights/MegaLightsMaterial.ush" 2946
"../../../Engine/Shaders/Private/MegaLights/MegaLightsRayTracing.ush" 2947
"../../../Engine/Shaders/Private/MegaLights/MegaLightsSampling.ush" 2948
"../../../Engine/Shaders/Private/MegaLights/MegaLightsVolumeSampling.usf" 2949
"../../../Engine/Shaders/Private/MegaLights/MegaLightsVolume.ush" 2950
"../../../Engine/Shaders/Private/MegaLights/MegaLights.usf" 2951
"../../../Engine/Shaders/Private/HairStrands/HairStrandsScreenTracing.ush" 2952
"../../../Engine/Shaders/Private/MegaLights/MegaLightsFilterVisibleLightHash.usf" 2953
"../../../Engine/Shaders/Private/MegaLights/MegaLightsShading.usf" 2954
"../../../Engine/Shaders/Private/Lumen/LumenReflectionDenoiserCommon.ush" 2955
"../../../Engine/Shaders/Private/MegaLights/MegaLightsVisibleLightHash.usf" 2956
"../../../Engine/Shaders/Private/MegaLights/MegaLightsVolumeShading.usf" 2957
"../../../Engine/Shaders/Private/MegaLights/MegaLightsVSMMarking.usf" 2958
"../../../Engine/Shaders/Private/MegaLights/MegaLightsVSMTracing.usf" 2959
"../../../Engine/Shaders/Private/MegaLights/MegaLightsRayTracing.usf" 2960
"../../../Engine/Shaders/Private/DistanceField/GlobalDistanceFieldUtils.ush" 2961
"../../../Engine/Shaders/Private/Lumen/LumenScreenTracing.ush" 2962
"../../../Engine/Shaders/Private/MegaLights/MegaLightsVolumeRayTracing.usf" 2963
"../../../Engine/Shaders/Private/MegaLights/MegaLightsVolumeHardwareRayTracing.usf" 2964
"../../../Engine/Shaders/Private/Lumen/LumenHardwareRayTracingCommon.ush" 2965
"../../../Engine/Shaders/Private/RayTracing/RayTracingReflectionEnvironment.ush" 2966
"../../../Engine/Shaders/Private/Lumen/LumenHardwareRayTracingPlatformCommon.ush" 2967
"../../../Engine/Shaders/Private/Lumen/LumenTracingCommon.ush" 2968
"../../../Engine/Shaders/Private/Lumen/SurfaceCache/LumenSurfaceCacheSampling.ush" 2969
"../../../Engine/Shaders/Private/Lumen/SurfaceCache/LumenSurfaceCache.ush" 2970
"../../../Engine/Shaders/Private/Lumen/LumenCardCommon.ush" 2971
"../../../Engine/Shaders/Private/Lumen/LumenCardTileShadowDownsampleFactor.ush" 2972
"../../../Engine/Shaders/Private/MegaLights/MegaLightsHardwareRayTracing.usf" 2973
"../../../Engine/Shaders/Private/MegaLights/MegaLightsDebug.usf" 2974
"../../../Engine/Shaders/Private/MegaLights/MegaLightsDenoiserSpatial.usf" 2975
"../../../Engine/Shaders/Private/MegaLights/MegaLightsDenoiserTemporal.usf" 2976
"../../../Engine/Shaders/Private/MaterialCache/MaterialCacheABufferPages.usf" 2977
"../../../Engine/Shaders/Private/MaterialCache/MaterialCacheShade.usf" 2978
"../../../Engine/Shaders/Private/MaterialCache/MaterialCacheShadeCommon.ush" 2979
"../../../Engine/Shaders/Private/MaterialCache/MaterialCacheUnwrapNaniteShade.usf" 2980
"../../../Engine/Shaders/Private/MaterialCache/MaterialCacheUnwrapPixelShader.usf" 2981
"../../../Engine/Shaders/Private/MaterialCache/MaterialCacheUnwrapVertexShader.usf" 2982
"../../../Engine/Shaders/Private/Lumen/LumenVisualizeRadianceCache.usf" 2983
"../../../Engine/Shaders/Private/Lumen/LumenRadianceCacheCommon.ush" 2984
"../../../Engine/Shaders/Private/Lumen/LumenVisualizeHardwareRayTracing.usf" 2985
"../../../Engine/Shaders/Private/Lumen/LumenVisualize.ush" 2986
"../../../Engine/Shaders/Private/Lumen/LumenHairTracing.ush" 2987
"../../../Engine/Shaders/Private/Lumen/LumenVisualize.usf" 2988
"../../../Engine/Shaders/Private/Lumen/LumenSoftwareRayTracing.ush" 2989
"../../../Engine/Shaders/Private/DistanceField/GlobalDistanceFieldObjectGrid.ush" 2990
"../../../Engine/Shaders/Private/DistanceFieldLightingShared.ush" 2991
"../../../Engine/Shaders/Private/Lumen/LumenVisualizeTraces.ush" 2992
"../../../Engine/Shaders/Private/Lumen/LumenTranslucencyVolumeLighting.usf" 2993
"../../../Engine/Shaders/Private/Lumen/LumenRadianceCacheMarkCommon.ush" 2994
"../../../Engine/Shaders/Private/Lumen/LumenTranslucencyVolumeLightingShared.ush" 2995
"../../../Engine/Shaders/Private/Lumen/LumenScreenProbeCommon.ush" 2996
"../../../Engine/Shaders/Private/RayTracing/RayGenUtils.ush" 2997
"../../../Engine/Shaders/Private/Lumen/LumenRadianceCacheTracingCommon.ush" 2998
"../../../Engine/Shaders/Private/Lumen/LumenTranslucencyVolumeHardwareRayTracing.usf" 2999
"../../../Engine/Shaders/Private/Lumen/LumenTranslucencyRadianceCacheMarkShaders.usf" 3000
"../../../Engine/Shaders/Private/Lumen/SurfaceCache/LumenSurfaceCache.usf" 3001
"../../../Engine/Shaders/Private/Lumen/LumenVirtualTextureCommon.ush" 3002
"../../../Engine/Shaders/Private/Lumen/LumenShortRangeAOHardwareRayTracing.usf" 3003
"../../../Engine/Shaders/Private/Lumen/LumenScreenSpaceBentNormal.ush" 3004
"../../../Engine/Shaders/Private/Lumen/LumenScreenSpaceBentNormal.usf" 3005
"../../../Engine/Shaders/Private/Lumen/LumenScreenProbeTracing.usf" 3006
"../../../Engine/Shaders/Private/Lumen/LumenScreenProbeTracingCommon.ush" 3007
"../../../Engine/Shaders/Private/Lumen/LumenFloatQuantization.ush" 3008
"../../../Engine/Shaders/Private/Lumen/LumenScreenProbeImportanceSampling.usf" 3009
"../../../Engine/Shaders/Private/Lumen/LumenScreenProbeImportanceSamplingShared.ush" 3010
"../../../Engine/Shaders/Private/Lumen/LumenScreenProbeHardwareRayTracing.usf" 3011
"../../../Engine/Shaders/Private/Lumen/LumenScreenProbeDebug.usf" 3012
"../../../Engine/Shaders/Private/Lumen/LumenScreenProbeGather.usf" 3013
"../../../Engine/Shaders/Private/Lumen/LumenScreenProbeGatherTemporal.usf" 3014
"../../../Engine/Shaders/Private/Lumen/LumenScreenProbeFiltering.usf" 3015
"../../../Engine/Shaders/Private/Lumen/LumenSceneLighting.usf" 3016
"../../../Engine/Shaders/Private/Lumen/LumenCardTile.ush" 3017
"../../../Engine/Shaders/Private/Lumen/LumenSceneLighting.ush" 3018
"../../../Engine/Shaders/Private/Lumen/Radiosity/LumenRadiosity.ush" 3019
"../../../Engine/Shaders/Private/Lumen/LumenSceneLightingDebug.usf" 3020
"../../../Engine/Shaders/Private/Lumen/LumenScene.usf" 3021
"../../../Engine/Shaders/Private/Lumen/LumenSceneDirectLightingHardwareRayTracing.usf" 3022
"../../../Engine/Shaders/Private/Lumen/LumenSceneDirectLightingStochastic.ush" 3023
"../../../Engine/Shaders/Private/Lumen/LumenSceneDirectLighting.ush" 3024
"../../../Engine/Shaders/Private/Lumen/LumenSceneDebugHardwareRayTracing.usf" 3025
"../../../Engine/Shaders/Private/Lumen/LumenSceneDirectLightingStochastic.usf" 3026
"../../../Engine/Shaders/Private/Lumen/LumenSceneDirectLightingSoftwareRayTracing.usf" 3027
"../../../Engine/Shaders/Private/DistanceFieldShadowingShared.ush" 3028
"../../../Engine/Shaders/Private/Lumen/LumenSceneDirectLightingPerLightShadowCommon.ush" 3029
"../../../Engine/Shaders/Private/Lumen/LumenSceneDirectLightingShadowMask.usf" 3030
"../../../Engine/Shaders/Private/Lumen/LumenSceneDirectLighting.usf" 3031
"../../../Engine/Shaders/Private/Lumen/LumenSceneDirectLightingCulling.usf" 3032
"../../../Engine/Shaders/Private/Lumen/LumenCardComputeShader.usf" 3033
"../../../Engine/Shaders/Private/Lumen/LumenCardBasePass.ush" 3034
"../../../Engine/Shaders/Private/Lumen/LumenCardPixelShader.usf" 3035
"../../../Engine/Shaders/Private/Lumen/LumenCardVertexShader.usf" 3036
"../../../Engine/Shaders/Private/Lumen/LumenReSTIRGather.usf" 3037
"../../../Engine/Shaders/Private/Lumen/LumenReflectionTracing.usf" 3038
"../../../Engine/Shaders/Private/Lumen/LumenReflectionDenoiserSpatial.usf" 3039
"../../../Engine/Shaders/Private/Lumen/LumenReflectionDenoiserClear.usf" 3040
"../../../Engine/Shaders/Private/Lumen/LumenReflectionDenoiserTemporal.usf" 3041
"../../../Engine/Shaders/Private/Lumen/LumenReflectionResolve.usf" 3042
"../../../Engine/Shaders/Private/Lumen/LumenReflections.usf" 3043
"../../../Engine/Shaders/Private/Lumen/RayTracedTranslucency.usf" 3044
"../../../Engine/Shaders/Private/Lumen/LumenReflectionHardwareRayTracing.usf" 3045
"../../../Engine/Shaders/Private/Lumen/Radiosity/LumenVisualizeRadiosityProbes.usf" 3046
"../../../Engine/Shaders/Private/Lumen/Radiosity/LumenRadiosity.usf" 3047
"../../../Engine/Shaders/Private/Lumen/Radiosity/LumenRadiosityHardwareRayTracing.usf" 3048
"../../../Engine/Shaders/Private/Lumen/Radiosity/LumenRadiosityCulling.usf" 3049
"../../../Engine/Shaders/Private/Lumen/LumenRadianceCacheHardwareRayTracing.usf" 3050
"../../../Engine/Shaders/Private/Lumen/LumenRadianceCache.usf" 3051
"../../../Engine/Shaders/Private/Lumen/LumenRadianceCacheUpdate.ush" 3052
"../../../Engine/Shaders/Private/Lumen/LumenRadianceCacheDebug.usf" 3053
"../../../Engine/Shaders/Private/Lumen/LumenRadianceCacheUpdate.usf" 3054
"../../../Engine/Shaders/Private/Lumen/LumenMeshSDFCulling.usf" 3055
"../../../Engine/Shaders/Private/HybridIndirectLighting.ush" 3056
"../../../Engine/Shaders/Private/MeshDistanceFieldCommon.ush" 3057
"../../../Engine/Shaders/Private/Lumen/LumenIrradianceFieldGather.usf" 3058
"../../../Engine/Shaders/Private/Lumen/LumenHardwareRayTracingMaterials.usf" 3059
"../../../Engine/Shaders/Private/Lumen/LumenFrontLayerTranslucency.usf" 3060
"../../../Engine/Shaders/Private/LocalFogVolumes/LocalFogVolumeSplat.usf" 3061
"../../../Engine/Shaders/Private/LocalFogVolumes/LocalFogVolumeTiledCulling.usf" 3062
"../../../Engine/Shaders/Private/LightShaftShader.usf" 3063
"../../../Engine/Shaders/Private/StationaryLightOverlapShaders.usf" 3064
"../../../Engine/Shaders/Private/DeferredLightPixelShaders.usf" 3065
"../../../Engine/Shaders/Private/DeferredLightVertexShaders.usf" 3066
"../../../Engine/Shaders/Private/LightMapDensityShader.usf" 3067
"../../../Engine/Shaders/Private/LightGridInjection.usf" 3068
"../../../Engine/Shaders/Shared/LightGridDefinitions.h" 3069
"../../../Engine/Shaders/Private/LightFunctionPixelShader.usf" 3070
"../../../Engine/Shaders/Private/LightFunctionVertexShader.usf" 3071
"../../../Engine/Shaders/Private/LightFunctionAtlas/LightFunctionAtlasRender.usf" 3072
"../../../Engine/Shaders/Private/InstanceCulling/InstanceCullingOcclusionQuery.usf" 3073
"../../../Engine/Shaders/Private/InstanceCulling/InstanceCullingSetup.ush" 3074
"../../../Engine/Shaders/Private/InstanceCulling/BuildInstanceDrawCommands.usf" 3075
"../../../Engine/Shaders/Private/InstanceCulling/InstanceCompactionCommon.ush" 3076
"../../../Engine/Shaders/Private/SceneDataMobileWriter.ush" 3077
"../../../Engine/Shaders/Private/InstanceCulling/CompactVisibleInstances.usf" 3078
"../../../Engine/Shaders/Private/ReflectionEnvironmentPixelShader.usf" 3079
"../../../Engine/Shaders/Private/AmbientCubemapComposite.usf" 3080
"../../../Engine/Shaders/Private/DiffuseIndirectComposite.usf" 3081
"../../../Engine/Shaders/Private/IESAtlas.usf" 3082
"../../../Engine/Shaders/Private/HeterogeneousVolumes/HeterogeneousVolumesVisualizeCascades.usf" 3083
"../../../Engine/Shaders/Private/HeterogeneousVolumes/HeterogeneousVolumesVoxelGridShadows.usf" 3084
"../../../Engine/Shaders/Private/HeterogeneousVolumes/HeterogeneousVolumesStochasticFiltering.ush" 3085
"../../../Engine/Shaders/Private/HeterogeneousVolumes/HeterogeneousVolumesVoxelGridRenderingUtils.ush" 3086
"../../../Engine/Shaders/Private/HeterogeneousVolumes/HeterogeneousVolumesLightingUtils.ush" 3087
"../../../Engine/Shaders/Private/HeterogeneousVolumes/HeterogeneousVolumesRayMarchingUtils.ush" 3088
"../../../Engine/Shaders/Private/HeterogeneousVolumes/HeterogeneousVolumesRayMarchingTypes.ush" 3089
"../../../Engine/Shaders/Private/HeterogeneousVolumes/HeterogeneousVolumesTransmittanceVolumeUtils.ush" 3090
"../../../Engine/Shaders/Private/HeterogeneousVolumes/HeterogeneousVolumesAdaptiveVolumetricShadowMapSampler.ush" 3091
"../../../Engine/Shaders/Private/HeterogeneousVolumes/HeterogeneousVolumesVoxelGridRendering.usf" 3092
"../../../Engine/Shaders/Private/HeterogeneousVolumes/HeterogeneousVolumesVoxelGridPipeline.usf" 3093
"../../../Engine/Shaders/Private/HeterogeneousVolumes/HeterogeneousVolumesMaterialBakingPipeline.usf" 3094
"../../../Engine/Shaders/Private/HeterogeneousVolumes/HeterogeneousVolumesLiveShadingUtils.ush" 3095
"../../../Engine/Shaders/Private/HeterogeneousVolumes/HeterogeneousVolumesFrustumVoxelGrid.usf" 3096
"../../../Engine/Shaders/Private/HeterogeneousVolumes/HeterogeneousVolumesSparseVoxelPipeline.usf" 3097
"../../../Engine/Shaders/Private/HeterogeneousVolumes/HeterogeneousVolumesSparseVoxelUtils.ush" 3098
"../../../Engine/Shaders/Private/HeterogeneousVolumes/HeterogeneousVolumesSparseVoxelUniformBufferUtils.ush" 3099
"../../../Engine/Shaders/Private/HeterogeneousVolumes/HeterogeneousVolumesPreshadingPipeline.usf" 3100
"../../../Engine/Shaders/Private/HeterogeneousVolumes/HeterogeneousVolumesShadowMask.usf" 3101
"../../../Engine/Shaders/Private/HeterogeneousVolumes/HeterogeneousVolumesLiveShadingShadows.usf" 3102
"../../../Engine/Shaders/Private/HeterogeneousVolumes/HeterogeneousVolumesLiveShadingGlobalPipeline.usf" 3103
"../../../Engine/Shaders/Private/HeterogeneousVolumes/HeterogeneousVolumesLiveShadingPipeline.usf" 3104
"../../../Engine/Shaders/Private/HeterogeneousVolumes/HeterogeneousVolumesHardwareRayTracing.usf" 3105
"../../../Engine/Shaders/Private/HeterogeneousVolumes/HeterogeneousVolumesAmbientOcclusionPipeline.usf" 3106
"../../../Engine/Shaders/Private/HeterogeneousVolumes/HeterogeneousVolumesComposite.usf" 3107
"../../../Engine/Shaders/Private/HdrCustomResolveShaders.usf" 3108
"../../../Engine/Shaders/Private/HairStrands/RenderCurveRaster.usf" 3109
"../../../Engine/Shaders/Shared/RenderCurveDefinitions.h" 3110
"../../../Engine/Shaders/Private/HairStrands/HairStrandsVoxelRasterCompute.usf" 3111
"../../../Engine/Shaders/Private/HairStrands/HairStrandsHitProxy.usf" 3112
"../../../Engine/Shaders/Private/HairStrands/HairStrandsVisibilityRasterComputeNaive.usf" 3113
"../../../Engine/Shaders/Private/HairStrands/HairStrandsVisibilityRasterHW.usf" 3114
"../../../Engine/Shaders/Private/HairStrands/HairStrandsVisibilityRasterCompute.usf" 3115
"../../../Engine/Shaders/Private/HairStrands/HairStrandsVisibilityRasterClassification.usf" 3116
"../../../Engine/Shaders/Private/HairStrands/HairStrandsCoverage.usf" 3117
"../../../Engine/Shaders/Private/HairStrands/HairStrandsVisibilityDepthPS.usf" 3118
"../../../Engine/Shaders/Private/HairStrands/HairStrandsVisibilityTransmittanceDepthPS.usf" 3119
"../../../Engine/Shaders/Private/HairStrands/HairStrandsVisibilityFillOpaqueDepthPS.usf" 3120
"../../../Engine/Shaders/Private/HairStrands/HairStrandsVisibilityCompactionComputeRaster.usf" 3121
"../../../Engine/Shaders/Private/HairStrands/HairStrandsVisibilityCompaction.usf" 3122
"../../../Engine/Shaders/Private/HairStrands/HairStrandsVisibilityCopyIndirectArg.usf" 3123
"../../../Engine/Shaders/Private/HairStrands/HairStrandsVisibilityClearPS.usf" 3124
"../../../Engine/Shaders/Private/HairStrands/HairStrandsVisibilityPS.usf" 3125
"../../../Engine/Shaders/Private/HairStrands/HairStrandsVisibilityVS.usf" 3126
"../../../Engine/Shaders/Private/HairStrands/HairStrandsVelocity.usf" 3127
"../../../Engine/Shaders/Private/HairStrands/HairStrandsVisibilityComputeSampleCoverage.usf" 3128
"../../../Engine/Shaders/Private/HairStrands/HairStrandsMaterialPS.usf" 3129
"../../../Engine/Shaders/Private/HairStrands/HairStrandsMaterialCommon.ush" 3130
"../../../Engine/Shaders/Private/HairStrands/HairStrandsMaterialVS.usf" 3131
"../../../Engine/Shaders/Private/HairStrands/HairStrandsLightSample.usf" 3132
"../../../Engine/Shaders/Private/HairStrands/HairStrandsDeepShadowMask.usf" 3133
"../../../Engine/Shaders/Private/HairStrands/HairStrandsDeepTransmittanceMask.usf" 3134
"../../../Engine/Shaders/Private/HairStrands/HairStrandsVisibilityTile.usf" 3135
"../../../Engine/Shaders/Private/HairStrands/HairStrandsDeepShadowPS.usf" 3136
"../../../Engine/Shaders/Private/HairStrands/HairStrandsDeepShadowVS.usf" 3137
"../../../Engine/Shaders/Private/HairStrands/HairStrandsAABB.usf" 3138
"../../../Engine/Shaders/Private/HairStrands/HairStrandsLUT.usf" 3139
"../../../Engine/Shaders/Private/HairStrands/HairStrandsForwardRaster.usf" 3140
"../../../Engine/Shaders/Private/HairStrands/HairStrandsForwardCulling.usf" 3141
"../../../Engine/Shaders/Private/HairStrands/HairStrandsEnvironmentLighting.usf" 3142
"../../../Engine/Shaders/Private/HairStrands/HairStrandsEnvironmentAO.usf" 3143
"../../../Engine/Shaders/Private/HairStrands/HairStrandsDeepShadowAllocation.usf" 3144
"../../../Engine/Shaders/Private/HairStrands/HairStrandsVoxelDebug.usf" 3145
"../../../Engine/Shaders/Private/HairStrands/HairStrandsComposition.usf" 3146
"../../../Engine/Shaders/Private/HairStrands/HairStrandsGBufferCommon.ush" 3147
"../../../Engine/Shaders/Private/GPUScene/GPUSceneDataManagement.usf" 3148
"../../../Engine/Shaders/Private/GPUSceneDebugRender.usf" 3149
"../../../Engine/Shaders/Private/GPUFeedbackCompaction.usf" 3150
"../../../Engine/Shaders/Private/GPUFastFourierTransform.usf" 3151
"../../../Engine/Shaders/Private/GPUFastFourierTransform2DCore.ush" 3152
"../../../Engine/Shaders/Private/GPUFastFourierTransformCore.ush" 3153
"../../../Engine/Shaders/Private/GPUBenchmark.usf" 3154
"../../../Engine/Shaders/Private/DistanceField/GlobalDistanceFieldDebug.usf" 3155
"../../../Engine/Shaders/Private/DistanceField/GlobalDistanceFieldUpdate.ush" 3156
"../../../Engine/Shaders/Private/DistanceField/GlobalDistanceFieldMip.usf" 3157
"../../../Engine/Shaders/Private/DistanceField/GlobalDistanceField.usf" 3158
"../../../Engine/Shaders/Private/DistanceField/GlobalDistanceFieldCompositeObjects.usf" 3159
"../../../Engine/Shaders/Private/DistanceField/GlobalDistanceFieldHeightfields.usf" 3160
"../../../Engine/Shaders/Private/HeightfieldLightingShared.ush" 3161
"../../../Engine/Shaders/Private/GenerateConservativeDepth.usf" 3162
"../../../Engine/Shaders/Private/HeightFogPixelShader.usf" 3163
"../../../Engine/Shaders/Private/HeightFogVertexShader.usf" 3164
"../../../Engine/Shaders/Private/DistortFiltering.usf" 3165
"../../../Engine/Shaders/Private/DistortAccumulatePS.usf" 3166
"../../../Engine/Shaders/Private/DistortAccumulateVS.usf" 3167
"../../../Engine/Shaders/Private/DistanceFieldVisualization.usf" 3168
"../../../Engine/Shaders/Private/DistanceFieldStreaming.usf" 3169
"../../../Engine/Shaders/Private/DistanceFieldShadowing.usf" 3170
"../../../Engine/Shaders/Private/DistanceFieldScreenGridLighting.usf" 3171
"../../../Engine/Shaders/Private/DistanceFieldObjectCulling.usf" 3172
"../../../Engine/Shaders/Private/DistanceFieldLightingPost.usf" 3173
"../../../Engine/Shaders/Private/DitheredTransitionStencil.usf" 3174
"../../../Engine/Shaders/Private/CopyDepthTexture.usf" 3175
"../../../Engine/Shaders/Private/CopyDepthTextureCS.usf" 3176
"../../../Engine/Shaders/Private/DeferredDecal.usf" 3177
"../../../Engine/Shaders/Private/DecalCommon.ush" 3178
"../../../Engine/Shaders/Private/DebugViewModeVertexShader.usf" 3179
"../../../Engine/Shaders/Private/DebugViewModeCommon.ush" 3180
"../../../Engine/Shaders/Private/DebugViewModePixelShader.usf" 3181
"../../../Engine/Shaders/Private/DebugProbes.usf" 3182
"../../../Engine/Shaders/Private/MeshDecals.usf" 3183
"../../../Engine/Shaders/Private/PostProcessAmbientOcclusion.usf" 3184
"../../../Engine/Shaders/Private/ClusteredDeferredShadingPixelShader.usf" 3185
"../../../Engine/Shaders/Private/ClusteredDeferredShadingVertexShader.usf" 3186
"../../../Engine/Shaders/Private/CapsuleShadowShaders.usf" 3187
"../../../Engine/Shaders/Private/BasePassPixelShader.usf" 3188
"../../../Engine/Shaders/Private/ForwardLightingCommon.ush" 3189
"../../../Engine/Shaders/Private/Substrate/SubstrateForwardLighting.ush" 3190
"../../../Engine/Shaders/Private/ComputeShaderOutputCommon.ush" 3191
"../../../Engine/Shaders/Private/BasePassVertexShader.usf" 3192
"../../../Engine/Shaders/Private/BasePassVertexCommon.ush" 3193
"../../../Engine/Shaders/Private/SimpleElementVolumeTexturePreviewPixelShader.usf" 3194
"../../../Engine/Shaders/Private/SimpleElementTexture2DPreviewPixelShader.usf" 3195
"../../../Engine/Shaders/Private/meshpaintdilatepixelshader.usf" 3196
"../../../Engine/Shaders/Private/meshpaintdilatevertexshader.usf" 3197
"../../../Engine/Shaders/Private/MeshPaintPixelShader.usf" 3198
"../../../Engine/Shaders/Private/MeshPaintVertexShader.usf" 3199
"../../../Engine/Shaders/Private/SlateElementPixelShader.usf" 3200
"../../../Engine/Shaders/Private/SlateShaderCommon.ush" 3201
"../../../Engine/Shaders/Private/SlateMaskingShader.usf" 3202
"../../../Engine/Shaders/Private/SlateVertexShader.usf" 3203
"../../../Engine/Shaders/Private/CompositeUIPixelShader.usf" 3204
"../../../Engine/Shaders/Private/ColorDeficiency.ush" 3205
"../../../Engine/Shaders/Private/SlatePostProcessColorDeficiencyPixelShader.usf" 3206
"../../../Engine/Shaders/Private/SlatePostProcessPixelShader.usf" 3207
"../../../Engine/Shaders/Private/Tools/VisualizeTexture.usf" 3208
"../../../Engine/Shaders/Private/UpdateDescriptorHandle.usf" 3209
"../../../Engine/Shaders/Private/ByteBuffer.usf" 3210
"../../../Engine/Shaders/Private/ShaderBundleWorkGraphDispatch.usf" 3211
"../../../Engine/Shaders/Private/ShaderBundleDispatch.usf" 3212
"../../../Engine/Shaders/Private/ResolveVertexShader.usf" 3213
"../../../Engine/Shaders/Private/ResolvePixelShader.usf" 3214
"../../../Engine/Shaders/Private/Tools/SetupIndirectArgs.usf" 3215
"../../../Engine/Shaders/Private/ClearReplacementShaders.usf" 3216
"../../../Engine/Shaders/Private/Tools/DrawTexture.usf" 3217
"../../../Engine/Shaders/Private/RayTracing/RayTracingValidation.usf" 3218
"../../../Engine/Shaders/Private/RenderGraphUtilities.usf" 3219
"../../../Engine/Shaders/Private/OneColorShader.usf" 3220
"../../../Engine/Shaders/Private/OculusShaders.usf" 3221
"../../../Engine/Shaders/Private/MediaShaders.usf" 3222
"../../../Engine/Shaders/Private/GPUMessaging.usf" 3223
"../../../Engine/Shaders/Private/Tools/GPUDebugCrashUtils.usf" 3224
"../../../Engine/Shaders/Private/NullPixelShader.usf" 3225
"../../../Engine/Shaders/Private/ComputeGenerateMips.usf" 3226
"../../../Engine/Shaders/Private/Tools/DumpTexture.usf" 3227
"../../../Engine/Shaders/Private/CopyTextureShaders.usf" 3228
"../../../Engine/Shaders/Private/Tools/FullscreenVertexShader.usf" 3229
"../../../Engine/Shaders/Private/RayTracing/RayTracingDispatchDesc.usf" 3230
"../../../Engine/Shaders/Private/Bink.usf" 3231
"../../../Engine/Shaders/Private/DepthOnlyPixelShader.usf" 3232
"../../../Engine/Shaders/Private/PositionOnlyDepthVertexShader.usf" 3233
"../../../Engine/Shaders/Private/DepthOnlyVertexShader.usf" 3234
"../../../Engine/Shaders/Private/AnisotropyPassShader.usf" 3235
"/Engine/EngineResources/WhiteSquareTexture" 3236
"../../../Engine/Content/EngineResources/WhiteSquareTexture.uasset" 3237
"/Engine/EngineResources/GradientTexture0" 3238
"../../../Engine/Content/EngineResources/GradientTexture0.uasset" 3239
"/Engine/EngineResources/Black" 3240
"../../../Engine/Content/EngineResources/Black.uasset" 3241
"/Engine/EditorResources/S_Actor" 3242
"../../../Engine/Content/EditorResources/S_Actor.uasset" 3243
"/Engine/EngineFonts/RobotoDistanceField" 3244
"../../../Engine/Content/EngineFonts/RobotoDistanceField.uasset" 3245
"/Engine/EngineMaterials/DefaultTextMaterialOpaque" 3246
"../../../Engine/Content/EngineMaterials/DefaultTextMaterialOpaque.uasset" 3247
"/Engine/Functions/Engine_MaterialFunctions01/Shading/PowerToRoughness" 3248
"../../../Engine/Content/Functions/Engine_MaterialFunctions01/Shading/PowerToRoughness.uasset" 3249
"/Engine/Functions/Engine_MaterialFunctions01/Shading/ConvertFromDiffSpec" 3250
"../../../Engine/Content/Functions/Engine_MaterialFunctions01/Shading/ConvertFromDiffSpec.uasset" 3251
"/Engine/EngineMaterials/WorldGridMaterial" 3252
"../../../Engine/Content/EngineMaterials/WorldGridMaterial.uasset" 3253
"../../../Engine/Content/Functions/Engine_MaterialFunctions01/Opacity/CameraDepthFade.uasset" 3254
"../../../Engine/Content/EngineMaterials/T_Default_Material_Grid_M.uasset" 3255
"../../../Engine/Content/EngineMaterials/T_Default_Material_Grid_N.uasset" 3256
"/Engine/EngineMaterials/DefaultDeferredDecalMaterial" 3257
"../../../Engine/Content/EngineMaterials/DefaultDeferredDecalMaterial.uasset" 3258
"../../../Engine/Content/EngineMaterials/DefaultDiffuse.uasset" 3259
"/Engine/EngineMaterials/DefaultLightFunctionMaterial" 3260
"../../../Engine/Content/EngineMaterials/DefaultLightFunctionMaterial.uasset" 3261
"/Engine/EngineMaterials/DefaultPostProcessMaterial" 3262
"../../../Engine/Content/EngineMaterials/DefaultPostProcessMaterial.uasset" 3263
"../../../Engine/Content/Functions/Engine_MaterialFunctions02/Utility/BreakOutFloat2Components.uasset" 3264
"/Engine/EditorResources/S_Trigger" 3265
"../../../Engine/Content/EditorResources/S_Trigger.uasset" 3266
"/Engine/EditorResources/S_BoxReflectionCapture" 3267
"../../../Engine/Content/EditorResources/S_BoxReflectionCapture.uasset" 3268
"/Engine/EngineResources/DefaultTexture" 3269
"../../../Engine/Content/EngineResources/DefaultTexture.uasset" 3270
"/Engine/EditorResources/S_TriggerBox" 3271
"../../../Engine/Content/EditorResources/S_TriggerBox.uasset" 3272
"/Engine/EditorResources/S_TriggerCapsule" 3273
"../../../Engine/Content/EditorResources/S_TriggerCapsule.uasset" 3274
"/Engine/EditorResources/S_TriggerSphere" 3275
"../../../Engine/Content/EditorResources/S_TriggerSphere.uasset" 3276
"/Engine/EngineMeshes/Sphere" 3277
"../../../Engine/Content/EngineMeshes/Sphere.uasset" 3278
"/Engine/EngineDamageTypes/DmgTypeBP_Environmental" 3279
"../../../Engine/Content/EngineDamageTypes/DmgTypeBP_Environmental.uasset" 3280
"/Engine/EngineResources/DefaultTextureCube" 3281
"../../../Engine/Content/EngineResources/DefaultTextureCube.uasset" 3282
"/Engine/EngineResources/DefaultVolumeTexture" 3283
"../../../Engine/Content/EngineResources/DefaultVolumeTexture.uasset" 3284
"../../../Engine/Content/EngineResources/DefaultVolumeTexture2D.uasset" 3285
"/Engine/EditorResources/S_Solver" 3286
"../../../Engine/Content/EditorResources/S_Solver.uasset" 3287
"/Engine/EngineDebugMaterials/VolumeToRender" 3288
"../../../Engine/Content/EngineDebugMaterials/VolumeToRender.uasset" 3289
"/Engine/EngineDebugMaterials/M_VolumeRenderSphereTracePP" 3290
"../../../Engine/Content/EngineDebugMaterials/M_VolumeRenderSphereTracePP.uasset" 3291
"../../../Engine/Content/Functions/Engine_MaterialFunctions02/Utility/CameraDirectionVector.uasset" 3292
"/Engine/EditorMeshes/Camera/SM_CraneRig_Base" 3293
"../../../Engine/Content/EditorMeshes/Camera/SM_CraneRig_Base.uasset" 3294
"../../../Engine/Content/EditorMaterials/Camera/MI_CineMat_Rig.uasset" 3295
"../../../Engine/Content/EditorMaterials/Camera/CineMat.uasset" 3296
"/Engine/EditorMeshes/Camera/SM_CraneRig_Arm" 3297
"../../../Engine/Content/EditorMeshes/Camera/SM_CraneRig_Arm.uasset" 3298
"/Engine/EditorMeshes/Camera/SM_CraneRig_Mount" 3299
"../../../Engine/Content/EditorMeshes/Camera/SM_CraneRig_Mount.uasset" 3300
"/Engine/EditorMeshes/Camera/SM_CraneRig_Body" 3301
"../../../Engine/Content/EditorMeshes/Camera/SM_CraneRig_Body.uasset" 3302
"/Engine/EditorMeshes/Camera/SM_RailRig_Track" 3303
"../../../Engine/Content/EditorMeshes/Camera/SM_RailRig_Track.uasset" 3304
"/Engine/EditorMeshes/Camera/SM_RailRig_Mount" 3305
"../../../Engine/Content/EditorMeshes/Camera/SM_RailRig_Mount.uasset" 3306
"/Engine/EditorLandscapeResources/SplineEditorMesh" 3307
"../../../Engine/Content/EditorLandscapeResources/SplineEditorMesh.uasset" 3308
"../../../Engine/Content/EditorLandscapeResources/SplineEditorMeshMat.uasset" 3309
"/HairStrands/Materials/HairDebugMaterial" 3310
"../../Plugins/Runtime/HairStrands/Content/Materials/HairDebugMaterial.uasset" 3311
"../../../Engine/Content/Functions/Engine_MaterialFunctions02/Utility/MakeFloat2.uasset" 3312
"../../../Engine/Content/Functions/Engine_MaterialFunctions02/Utility/MakeFloat3.uasset" 3313
"../../../Engine/Content/EngineMaterials/HairColorMap.uasset" 3314
"../../../Engine/Content/EngineMaterials/HairDebugColor.uasset" 3315
"../../Plugins/Runtime/HairStrands/Content/Materials/HairGroupColors.uasset" 3316
"/HairStrands/Materials/HairDefaultMaterial" 3317
"../../Plugins/Runtime/HairStrands/Content/Materials/HairDefaultMaterial.uasset" 3318
"/HairStrands/Materials/HairCardsDefaultMaterial" 3319
"../../Plugins/Runtime/HairStrands/Content/Materials/HairCardsDefaultMaterial.uasset" 3320
"/HairStrands/Materials/HairMeshesDefaultMaterial" 3321
"../../Plugins/Runtime/HairStrands/Content/Materials/HairMeshesDefaultMaterial.uasset" 3322
"/Engine/EngineMaterials/Widget3DPassThrough_Translucent" 3323
"../../../Engine/Content/EngineMaterials/Widget3DPassThrough_Translucent.uasset" 3324
"../../../Engine/Content/EngineMaterials/Widget3DPassThrough.uasset" 3325
"/Engine/EngineMaterials/Widget3DPassThrough_Translucent_OneSided" 3326
"../../../Engine/Content/EngineMaterials/Widget3DPassThrough_Translucent_OneSided.uasset" 3327
"/Engine/EngineMaterials/Widget3DPassThrough_Opaque" 3328
"../../../Engine/Content/EngineMaterials/Widget3DPassThrough_Opaque.uasset" 3329
"/Engine/EngineMaterials/Widget3DPassThrough_Opaque_OneSided" 3330
"../../../Engine/Content/EngineMaterials/Widget3DPassThrough_Opaque_OneSided.uasset" 3331
"/Engine/EngineMaterials/Widget3DPassThrough_Masked" 3332
"../../../Engine/Content/EngineMaterials/Widget3DPassThrough_Masked.uasset" 3333
"/Engine/EngineMaterials/Widget3DPassThrough_Masked_OneSided" 3334
"../../../Engine/Content/EngineMaterials/Widget3DPassThrough_Masked_OneSided.uasset" 3335
"/Engine/VREditor/ViewportInteractionAssetContainerData" 3336
"../../../Engine/Content/VREditor/ViewportInteractionAssetContainerData.uasset" 3337
"../../../Engine/Content/VREditor/SnapGrid/SnapGridMaterial.uasset" 3338
"../../../Engine/Content/VREditor/TransformGizmo/TransformGizmoMaterial_Inst.uasset" 3339
"../../../Engine/Content/VREditor/TransformGizmo/TranslucentTransformGizmoMaterial_Inst.uasset" 3340
"../../../Engine/Content/VREditor/SnapGrid/SnapGridPlaneMesh.uasset" 3341
"../../../Engine/Content/VREditor/Sounds/UI/Drop_Item_From_ContentBrowser.uasset" 3342
"../../../Engine/Content/VREditor/Sounds/UI/Gizmo_Handle_Clicked.uasset" 3343
"../../../Engine/Content/VREditor/Sounds/UI/Object_PickUp.uasset" 3344
"../../../Engine/Content/VREditor/Sounds/UI/Object_Snaps_To_Another_Actor.uasset" 3345
"../../../Engine/Content/VREditor/Sounds/UI/Object_Snaps_To_Grid.uasset" 3346
"../../../Engine/Content/VREditor/Sounds/UI/Scaling_Down.uasset" 3347
"../../../Engine/Content/VREditor/Sounds/UI/Scaling_Up.uasset" 3348
"../../../Engine/Content/VREditor/Sounds/UI/Selection_Changes.uasset" 3349
"../../../Engine/Content/VREditor/TransformGizmo/PlaneTranslationHandle.uasset" 3350
"../../../Engine/Content/VREditor/TransformGizmo/RotationHandleFull.uasset" 3351
"../../../Engine/Content/VREditor/TransformGizmo/RotationHandleIndicator.uasset" 3352
"../../../Engine/Content/VREditor/TransformGizmo/RotationHandleQuarter.uasset" 3353
"../../../Engine/Content/VREditor/TransformGizmo/StartRotationHandleIndicator.uasset" 3354
"../../../Engine/Content/VREditor/TransformGizmo/TransformGizmoFreeRotation.uasset" 3355
"../../../Engine/Content/VREditor/TransformGizmo/TranslateArrowHandle.uasset" 3356
"../../../Engine/Content/VREditor/TransformGizmo/UniformScaleHandle.uasset" 3357
"../../../Engine/Content/Functions/Engine_MaterialFunctions02/Math/Transform3x3Matrix.uasset" 3358
"../../../Engine/Content/Functions/Engine_MaterialFunctions02/SplitComponents.uasset" 3359
"../../../Engine/Content/VREditor/TransformGizmo/TransformGizmoMaterial.uasset" 3360
"../../../Engine/Content/VREditor/TransformGizmo/TranslucentTransformGizmoMaterial.uasset" 3361
"../../../Engine/Content/Functions/Engine_MaterialFunctions02/Utility/BreakOutFloat3Components.uasset" 3362
"../../../Engine/Content/VREditor/LaserPointer/VR_LaserPower_01.uasset" 3363
"/Engine/VREditor/TransformGizmo/BoundingBoxCorner" 3364
"../../../Engine/Content/VREditor/TransformGizmo/BoundingBoxCorner.uasset" 3365
"/Engine/VREditor/TransformGizmo/BoundingBoxEdge" 3366
"../../../Engine/Content/VREditor/TransformGizmo/BoundingBoxEdge.uasset" 3367
"/Engine/ArtTools/RenderToTexture/Meshes/S_1_Unit_Plane" 3368
"../../../Engine/Content/ArtTools/RenderToTexture/Meshes/S_1_Unit_Plane.uasset" 3369
"/Engine/EngineDebugMaterials/M_SimpleUnlitTranslucent" 3370
"../../../Engine/Content/EngineDebugMaterials/M_SimpleUnlitTranslucent.uasset" 3371
"/Engine/EngineFonts/Roboto" 3372
"../../../Engine/Content/EngineFonts/Roboto.uasset" 3373
"../../../Engine/Content/EngineFonts/Faces/DroidSansFallback.uasset" 3374
"../../../Engine/Content/EngineFonts/Faces/RobotoBold.uasset" 3375
"../../../Engine/Content/EngineFonts/Faces/RobotoBoldItalic.uasset" 3376
"../../../Engine/Content/EngineFonts/Faces/RobotoItalic.uasset" 3377
"../../../Engine/Content/EngineFonts/Faces/RobotoLight.uasset" 3378
"../../../Engine/Content/EngineFonts/Faces/RobotoRegular.uasset" 3379
"/Engine/EditorMaterials/ParticleSystems/PSysThumbnail_NoImage" 3380
"../../../Engine/Content/EditorMaterials/ParticleSystems/PSysThumbnail_NoImage.uasset" 3381
"/Engine/EditorMaterials/ParticleSystems/PSysThumbnail_OOD" 3382
"../../../Engine/Content/EditorMaterials/ParticleSystems/PSysThumbnail_OOD.uasset" 3383
"/Engine/EngineResources/LandscapeVisibilityLayerInfo" 3384
"../../../Engine/Content/EngineResources/LandscapeVisibilityLayerInfo.uasset" 3385
"../../../../../../MeuProjeto1/Intermediate/ShaderAutogen/PCD3D_SM5/AutogenShaderHeaders.ush" 3386
"../../../Engine/Content/Internationalization/icudt64l/coll/en.res" 3387
"/ACLPlugin/ACLAnimBoneCompressionSettings" 3388
"../../Plugins/Animation/ACLPlugin/Content/ACLAnimBoneCompressionSettings.uasset" 3389
"/Engine/Animation/DefaultRecorderBoneCompression" 3390
"../../../Engine/Content/Animation/DefaultRecorderBoneCompression.uasset" 3391
"/ACLPlugin/ACLAnimCurveCompressionSettings" 3392
"../../Plugins/Animation/ACLPlugin/Content/ACLAnimCurveCompressionSettings.uasset" 3393
"/Engine/Animation/DefaultVariableFrameStrippingSettings" 3394
"../../../Engine/Content/Animation/DefaultVariableFrameStrippingSettings.uasset" 3395
"/ControlRig/Controls/ControlRigXRayMaterial" 3396
"../../Plugins/Animation/ControlRig/Content/Controls/ControlRigXRayMaterial.uasset" 3397
"/ControlRig/Controls/DefaultGizmoLibraryNormalized" 3398
"../../Plugins/Animation/ControlRig/Content/Controls/DefaultGizmoLibraryNormalized.uasset" 3399
"/AudioWidgets/Resources/ScrubHandleDown_Clamped" 3400
"../../Plugins/Runtime/AudioWidgets/Content/Resources/ScrubHandleDown_Clamped.uasset" 3401
"/Paper2D/MaskedUnlitSpriteMaterial" 3402
"../../Plugins/2D/Paper2D/Content/MaskedUnlitSpriteMaterial.uasset" 3403
"../../Plugins/2D/Paper2D/Content/DefaultSpriteMaterial.uasset" 3404
"../../Plugins/2D/Paper2D/Content/PlaceholderTextures/DummySpriteTexture.uasset" 3405
"/Paper2D/OpaqueUnlitSpriteMaterial" 3406
"../../Plugins/2D/Paper2D/Content/OpaqueUnlitSpriteMaterial.uasset" 3407
"/Paper2D/DefaultPaperTerrainMaterial" 3408
"../../Plugins/2D/Paper2D/Content/DefaultPaperTerrainMaterial.uasset" 3409
"../../Plugins/2D/Paper2D/Content/DummySprite.uasset" 3410
"/ControlRig/M_Manip" 3411
"../../Plugins/Animation/ControlRig/Content/M_Manip.uasset" 3412
"../../../Engine/Content/Functions/Engine_MaterialFunctions02/WorldPositionOffset/CameraOffset.uasset" 3413
"../../../Engine/Config/BaseUnrealInsightsSettings.ini" 3414
"/Landmass/Landscape/BlueprintBrushes/Materials/Internal/BrushBounds" 3415
"../../Plugins/Experimental/Landmass/Content/Landscape/BlueprintBrushes/Materials/Internal/BrushBounds.uasset" 3416
"../../../Engine/Content/EditorMaterials/TilingAAGrid.uasset" 3417
"../../../Engine/Content/EditorMaterials/TilingAALineBoxFiltered.uasset" 3418
"../../../Engine/Content/EditorMaterials/TilingAALineIntegral.uasset" 3419
"../../../Engine/Content/Functions/Engine_MaterialFunctions01/ImageAdjustment/SCurve.uasset" 3420
"../../../Engine/Content/Functions/Engine_MaterialFunctions02/Utility/VectorLength.uasset" 3421
"../../../Engine/Content/Functions/Engine_MaterialFunctions02/WorldPositionOffset/V2/ObjectScale.uasset" 3422
"../../../Engine/Content/Functions/Engine_MaterialFunctions03/Blends/Blend_Screen.uasset" 3423
"../../../Engine/Content/Functions/Engine_MaterialFunctions03/Procedurals/ComputeFilterWidth.uasset" 3424
"../../Plugins/Experimental/Landmass/Content/Landscape/BlueprintBrushes/Materials/BrushMaterials/BasicFunctions/LandmassBrush_ShapeMask.uasset" 3425
"../../Plugins/Experimental/Landmass/Content/Landscape/BlueprintBrushes/MF/Landmass_BrushTilt.uasset" 3426
"../../Plugins/Experimental/Landmass/Content/Landscape/BlueprintBrushes/MF/LandmassBrush_EdgeFalloff.uasset" 3427
"../../Plugins/Experimental/Landmass/Content/Landscape/BlueprintBrushes/MF/LandmassBrush_Noise.uasset" 3428
"../../Plugins/Experimental/Landmass/Content/Landscape/BlueprintBrushes/MF/LandmassBrush_UVs.uasset" 3429
"../../Plugins/Experimental/Landmass/Content/Landscape/BlueprintBrushes/MF/PointSampleLandscapeUVs.uasset" 3430
"../../Plugins/Experimental/Landmass/Content/Landscape/OldPrototype_BP/Mats/MF/UnpackRG8Height.uasset" 3431
"../../Plugins/Experimental/Landmass/Content/Landscape/BlueprintBrushes/MPC/MPC_Landscape.uasset" 3432
"../../../Engine/Content/ArtTools/RenderToTexture/Textures/T_EV_BlankWhite_01.uasset" 3433
"../../../Engine/Content/EngineMaterials/BlendFunc_DefBase.uasset" 3434
"../../../Engine/Content/EngineMaterials/BlendFunc_DefBlend.uasset" 3435
"../../../Engine/Content/EngineResources/Black_Low.uasset" 3436
"/Landmass/Landscape/Meshes/S_SpritePlane" 3437
"../../Plugins/Experimental/Landmass/Content/Landscape/Meshes/S_SpritePlane.uasset" 3438
"/Landmass/Landscape/BlueprintBrushes/Materials/Sprite/M_BrushSprite_01" 3439
"../../Plugins/Experimental/Landmass/Content/Landscape/BlueprintBrushes/Materials/Sprite/M_BrushSprite_01.uasset" 3440
"../../../Engine/Content/Functions/Engine_MaterialFunctions02/WorldPositionOffset/ComponentPivotLocation.uasset" 3441
"../../../Engine/Content/Functions/Engine_MaterialFunctions02/WorldPositionOffset/Sprite.uasset" 3442
"../../../Engine/Content/EditorResources/S_Terrain.uasset" 3443
"C:/Program Files/Epic Games/UE_5.7/Engine/Binaries/ThirdParty/USD/UsdResources/Win64/X64/plugins/plugInfo.json" 3444
"C:/Program Files/Epic Games/UE_5.7/Engine/Binaries/ThirdParty/USD/UsdResources/Win64/X64/plugins/esfUsd/resources/plugInfo.json" 3445
"C:/Program Files/Epic Games/UE_5.7/Engine/Binaries/ThirdParty/USD/UsdResources/Win64/X64/plugins/hio/resources/plugInfo.json" 3446
"C:/Program Files/Epic Games/UE_5.7/Engine/Binaries/ThirdParty/USD/UsdResources/Win64/X64/plugins/hgiGL/resources/plugInfo.json" 3447
"C:/Program Files/Epic Games/UE_5.7/Engine/Binaries/ThirdParty/USD/UsdResources/Win64/X64/plugins/usdImaging/resources/plugInfo.json" 3448
"C:/Program Files/Epic Games/UE_5.7/Engine/Binaries/ThirdParty/USD/UsdResources/Win64/X64/plugins/esf/resources/plugInfo.json" 3449
"C:/Program Files/Epic Games/UE_5.7/Engine/Binaries/ThirdParty/USD/UsdResources/Win64/X64/plugins/usdShadeValidators/resources/plugInfo.json" 3450
"C:/Program Files/Epic Games/UE_5.7/Engine/Binaries/ThirdParty/USD/UsdResources/Win64/X64/plugins/hioAvif/resources/plugInfo.json" 3451
"C:/Program Files/Epic Games/UE_5.7/Engine/Binaries/ThirdParty/USD/UsdResources/Win64/X64/plugins/exec/resources/plugInfo.json" 3452
"C:/Program Files/Epic Games/UE_5.7/Engine/Binaries/ThirdParty/USD/UsdResources/Win64/X64/plugins/usdMedia/resources/plugInfo.json" 3453
"C:/Program Files/Epic Games/UE_5.7/Engine/Binaries/ThirdParty/USD/UsdResources/Win64/X64/plugins/usdShaders/resources/plugInfo.json" 3454
"C:/Program Files/Epic Games/UE_5.7/Engine/Binaries/ThirdParty/USD/UsdResources/Win64/X64/plugins/execGeom/resources/plugInfo.json" 3455
"C:/Program Files/Epic Games/UE_5.7/Engine/Binaries/ThirdParty/USD/UsdResources/Win64/X64/plugins/usdPhysics/resources/plugInfo.json" 3456
"C:/Program Files/Epic Games/UE_5.7/Engine/Binaries/ThirdParty/USD/UsdResources/Win64/X64/plugins/sdf/resources/plugInfo.json" 3457
"C:/Program Files/Epic Games/UE_5.7/Engine/Binaries/ThirdParty/USD/UsdResources/Win64/X64/plugins/sdrGlslfx/resources/plugInfo.json" 3458
"C:/Program Files/Epic Games/UE_5.7/Engine/Binaries/ThirdParty/USD/UsdResources/Win64/X64/plugins/usdProc/resources/plugInfo.json" 3459
"C:/Program Files/Epic Games/UE_5.7/Engine/Binaries/ThirdParty/USD/UsdResources/Win64/X64/plugins/usdSkelValidators/resources/plugInfo.json" 3460
"C:/Program Files/Epic Games/UE_5.7/Engine/Binaries/ThirdParty/USD/UsdResources/Win64/X64/plugins/ueCloth/resources/plugInfo.json" 3461
"C:/Program Files/Epic Games/UE_5.7/Engine/Binaries/ThirdParty/USD/UsdResources/Win64/X64/plugins/usdRender/resources/plugInfo.json" 3462
"C:/Program Files/Epic Games/UE_5.7/Engine/Binaries/ThirdParty/USD/UsdResources/Win64/X64/plugins/execUsd/resources/plugInfo.json" 3463
"C:/Program Files/Epic Games/UE_5.7/Engine/Binaries/ThirdParty/USD/UsdResources/Win64/X64/plugins/hd/resources/plugInfo.json" 3464
"C:/Program Files/Epic Games/UE_5.7/Engine/Binaries/ThirdParty/USD/UsdResources/Win64/X64/plugins/usd/resources/plugInfo.json" 3465
"C:/Program Files/Epic Games/UE_5.7/Engine/Binaries/ThirdParty/USD/UsdResources/Win64/X64/plugins/usdGeom/resources/plugInfo.json" 3466
"C:/Program Files/Epic Games/UE_5.7/Engine/Binaries/ThirdParty/USD/UsdResources/Win64/X64/plugins/usdVolImaging/resources/plugInfo.json" 3467
"C:/Program Files/Epic Games/UE_5.7/Engine/Binaries/ThirdParty/USD/UsdResources/Win64/X64/plugins/usdUtilsValidators/resources/plugInfo.json" 3468
"C:/Program Files/Epic Games/UE_5.7/Engine/Binaries/ThirdParty/USD/UsdResources/Win64/X64/plugins/usdRiPxrImaging/resources/plugInfo.json" 3469
"C:/Program Files/Epic Games/UE_5.7/Engine/Binaries/ThirdParty/USD/UsdResources/Win64/X64/plugins/usdAbc/resources/plugInfo.json" 3470
"C:/Program Files/Epic Games/UE_5.7/Engine/Binaries/ThirdParty/USD/UsdResources/Win64/X64/plugins/usdSkel/resources/plugInfo.json" 3471
"C:/Program Files/Epic Games/UE_5.7/Engine/Binaries/ThirdParty/USD/UsdResources/Win64/X64/plugins/hdStorm/resources/plugInfo.json" 3472
"C:/Program Files/Epic Games/UE_5.7/Engine/Binaries/ThirdParty/USD/UsdResources/Win64/X64/plugins/hdsi/resources/plugInfo.json" 3473
"C:/Program Files/Epic Games/UE_5.7/Engine/Binaries/ThirdParty/USD/UsdResources/Win64/X64/plugins/usdSemantics/resources/plugInfo.json" 3474
"C:/Program Files/Epic Games/UE_5.7/Engine/Binaries/ThirdParty/USD/UsdResources/Win64/X64/plugins/hdSt/resources/plugInfo.json" 3475
"C:/Program Files/Epic Games/UE_5.7/Engine/Binaries/ThirdParty/USD/UsdResources/Win64/X64/plugins/sdr/resources/plugInfo.json" 3476
"C:/Program Files/Epic Games/UE_5.7/Engine/Binaries/ThirdParty/USD/UsdResources/Win64/X64/plugins/usdRi/resources/plugInfo.json" 3477
"C:/Program Files/Epic Games/UE_5.7/Engine/Binaries/ThirdParty/USD/UsdResources/Win64/X64/plugins/usdMtlx/resources/plugInfo.json" 3478
"C:/Program Files/Epic Games/UE_5.7/Engine/Binaries/ThirdParty/USD/UsdResources/Win64/X64/plugins/usdProcImaging/resources/plugInfo.json" 3479
"C:/Program Files/Epic Games/UE_5.7/Engine/Binaries/ThirdParty/USD/UsdResources/Win64/X64/plugins/usdSkelImaging/resources/plugInfo.json" 3480
"C:/Program Files/Epic Games/UE_5.7/Engine/Binaries/ThirdParty/USD/UsdResources/Win64/X64/plugins/usdImagingGL/resources/plugInfo.json" 3481
"C:/Program Files/Epic Games/UE_5.7/Engine/Binaries/ThirdParty/USD/UsdResources/Win64/X64/plugins/usdLux/resources/plugInfo.json" 3482
"C:/Program Files/Epic Games/UE_5.7/Engine/Binaries/ThirdParty/USD/UsdResources/Win64/X64/plugins/usdShade/resources/plugInfo.json" 3483
"C:/Program Files/Epic Games/UE_5.7/Engine/Binaries/ThirdParty/USD/UsdResources/Win64/X64/plugins/usdValidation/resources/plugInfo.json" 3484
"C:/Program Files/Epic Games/UE_5.7/Engine/Binaries/ThirdParty/USD/UsdResources/Win64/X64/plugins/usdHydra/resources/plugInfo.json" 3485
"C:/Program Files/Epic Games/UE_5.7/Engine/Binaries/ThirdParty/USD/UsdResources/Win64/X64/plugins/usdVol/resources/plugInfo.json" 3486
"C:/Program Files/Epic Games/UE_5.7/Engine/Binaries/ThirdParty/USD/UsdResources/Win64/X64/plugins/usdUI/resources/plugInfo.json" 3487
"C:/Program Files/Epic Games/UE_5.7/Engine/Binaries/ThirdParty/USD/UsdResources/Win64/X64/plugins/hdx/resources/plugInfo.json" 3488
"C:/Program Files/Epic Games/UE_5.7/Engine/Binaries/ThirdParty/USD/UsdResources/Win64/X64/plugins/ar/resources/plugInfo.json" 3489
"C:/Program Files/Epic Games/UE_5.7/Engine/Binaries/ThirdParty/USD/UsdResources/Win64/X64/plugins/usdGeomValidators/resources/plugInfo.json" 3490
"C:/Program Files/Epic Games/UE_5.7/Engine/Binaries/ThirdParty/USD/UsdResources/Win64/X64/plugins/hdGp/resources/plugInfo.json" 3491
"C:/Program Files/Epic Games/UE_5.7/Engine/Binaries/ThirdParty/USD/UsdResources/Win64/X64/plugins/unreal/resources/plugInfo.json" 3492
"C:/Program Files/Epic Games/UE_5.7/Engine/Binaries/ThirdParty/USD/UsdResources/Win64/X64/plugins/usdPhysicsValidators/resources/plugInfo.json" 3493
"C:/Program Files/Epic Games/UE_5.7/Engine/Binaries/ThirdParty/USD/UsdResources/Win64/X64/plugins/glf/resources/plugInfo.json" 3494
"C:/Program Files/Epic Games/UE_5.7/Engine/Binaries/ThirdParty/USD/UsdResources/Win64/X64/plugins/usd/resources/codegenTemplates/plugInfo.json" 3495
"/SpeedTreeImporter/SpeedTree9/SpeedTreeMaster" 3496
"../../Plugins/Editor/SpeedTreeImporter/Content/SpeedTree9/SpeedTreeMaster.uasset" 3497
"../../../Engine/Content/Functions/Engine_MaterialFunctions02/ObjectLocalBounds.uasset" 3498
"../../../Engine/Content/Functions/Engine_MaterialFunctions02/SafeNormalize.uasset" 3499
"../../../Engine/Content/Functions/Engine_MaterialFunctions02/UVs/BoundingBoxBased_0-1_UVW.uasset" 3500
"../../../Engine/Content/Functions/Engine_MaterialFunctions02/WorldPositionOffset/ObjectScale.uasset" 3501
"../../Plugins/Editor/SpeedTreeImporter/Content/SpeedTree9/SpeedTreeBranchMotion.uasset" 3502
"../../Plugins/Editor/SpeedTreeImporter/Content/SpeedTree9/SpeedTreeCameraFacing.uasset" 3503
"../../Plugins/Editor/SpeedTreeImporter/Content/SpeedTree9/SpeedTreeWind.uasset" 3504
"../../Plugins/Editor/SpeedTreeImporter/Content/SpeedTree9/SpeedTreeWindMotion.uasset" 3505
"../../Plugins/Editor/SpeedTreeImporter/Content/SpeedTree9/UnpackDirection.uasset" 3506
"../../Plugins/Editor/SpeedTreeImporter/Content/SpeedTree9/UnpackInteger3.uasset" 3507
"../../Plugins/Editor/SpeedTreeImporter/Content/SpeedTree9/Empty.uasset" 3508
"../../Plugins/Editor/SpeedTreeImporter/Content/SpeedTree9/EmptyNormal.uasset" 3509
"../../Plugins/Editor/SpeedTreeImporter/Content/SpeedTree9/game_wind_noise.uasset" 3510
"/SpeedTreeImporter/SpeedTree9/SpeedTreeBillboardMaster" 3511
"../../Plugins/Editor/SpeedTreeImporter/Content/SpeedTree9/SpeedTreeBillboardMaster.uasset" 3512
"../../Plugins/Editor/SpeedTreeImporter/Content/SpeedTree9/SpeedTreeBillboard.uasset" 3513
"/MediaPlate/SM_MediaPlateScreen" 3514
"../../Plugins/Media/MediaPlate/Content/SM_MediaPlateScreen.uasset" 3515
"/Engine/BasicShapes/BasicShapeMaterial" 3516
"../../../Engine/Content/BasicShapes/BasicShapeMaterial.uasset" 3517
"/Engine/EditorMaterials/Dataflow/DataflowVertexMaterial" 3518
"../../../Engine/Content/EditorMaterials/Dataflow/DataflowVertexMaterial.uasset" 3519
"/Engine/EditorMaterials/Dataflow/DataflowTwoSidedVertexMaterial" 3520
"../../../Engine/Content/EditorMaterials/Dataflow/DataflowTwoSidedVertexMaterial.uasset" 3521
"/MeshModelingToolsetExp/Materials/PointSetOverlaidComponentMaterial" 3522
"../../Plugins/Experimental/MeshModelingToolsetExp/Content/Materials/PointSetOverlaidComponentMaterial.uasset" 3523
"../../../Engine/Content/Functions/Engine_MaterialFunctions02/Utility/FOV.uasset" 3524
"../../../Engine/Content/Functions/Engine_MaterialFunctions03/Viewport/MF_OrthoWidth.uasset" 3525
"../../Plugins/Experimental/MeshModelingToolsetExp/Content/Materials/GetDisplacementVectorForDepthBias.uasset" 3526
"/Engine/EditorLandscapeResources/LayerVisMaterial" 3527
"../../../Engine/Content/EditorLandscapeResources/LayerVisMaterial.uasset" 3528
"../../../Engine/Content/EditorLandscapeResources/WhiteSquareTexture.uasset" 3529
"/Engine/EditorLandscapeResources/SelectBrushMaterial_Selected" 3530
"../../../Engine/Content/EditorLandscapeResources/SelectBrushMaterial_Selected.uasset" 3531
"../../../Engine/Content/EditorLandscapeResources/SelectBrushMaterial.uasset" 3532
"../../../Engine/Content/Functions/Engine_MaterialFunctions03/Math/WithinRangeFloat2.uasset" 3533
"../../../Engine/Content/EditorLandscapeResources/DefaultAlphaTexture.uasset" 3534
"/Engine/EditorLandscapeResources/SelectBrushMaterial_SelectedRegion" 3535
"../../../Engine/Content/EditorLandscapeResources/SelectBrushMaterial_SelectedRegion.uasset" 3536
"/Engine/EditorLandscapeResources/MaskBrushMaterial_MaskedRegion" 3537
"../../../Engine/Content/EditorLandscapeResources/MaskBrushMaterial_MaskedRegion.uasset" 3538
"../../../Engine/Content/EditorLandscapeResources/MaskBrushMaterial.uasset" 3539
"/Engine/EditorLandscapeResources/ColorMaskBrushMaterial_MaskedRegion" 3540
"../../../Engine/Content/EditorLandscapeResources/ColorMaskBrushMaterial_MaskedRegion.uasset" 3541
"../../../Engine/Content/EditorLandscapeResources/ColorMaskBrushMaterial.uasset" 3542
"/Engine/EditorLandscapeResources/LandscapeDirtyMaterial" 3543
"../../../Engine/Content/EditorLandscapeResources/LandscapeDirtyMaterial.uasset" 3544
"/Engine/EditorLandscapeResources/LandscapeLayerUsageMaterial" 3545
"../../../Engine/Content/EditorLandscapeResources/LandscapeLayerUsageMaterial.uasset" 3546
"../../../Engine/Content/Functions/Engine_MaterialFunctions01/Debug/DebugIntValues.uasset" 3547
"../../../Engine/Content/Functions/Engine_MaterialFunctions01/Texturing/ScaleUVsByCenter.uasset" 3548
"../../../Engine/Content/Functions/Engine_MaterialFunctions02/WorldPositionOffset/LocalPosition.uasset" 3549
"../../../Engine/Content/Functions/Engine_MaterialFunctions01/Texturing/TextureCropping.uasset" 3550
"../../../Engine/Content/Functions/Engine_MaterialFunctions02/ExampleContent/DebugNumberStrip.uasset" 3551
"C:/Users/meliss/AppData/Local/UnrealEngine/Editor/UInteractiveToolsPresetCollectionAsset_DefaultCollection.json" 3552
"/Engine/EngineMaterials/NaniteHiddenSectionMaterial" 3553
"../../../Engine/Content/EngineMaterials/NaniteHiddenSectionMaterial.uasset" 3554
"/Engine/EngineMaterials/RemoveSurfaceMaterial" 3555
"../../../Engine/Content/EngineMaterials/RemoveSurfaceMaterial.uasset" 3556
"/Engine/EngineDebugMaterials/DebugMeshMaterial" 3557
"../../../Engine/Content/EngineDebugMaterials/DebugMeshMaterial.uasset" 3558
"/Engine/EngineMaterials/EmissiveMeshMaterial" 3559
"../../../Engine/Content/EngineMaterials/EmissiveMeshMaterial.uasset" 3560
"../../../Engine/Content/EngineMaterials/DefaultWhiteGrid_Low.uasset" 3561
"/Engine/EngineMaterials/M_InvalidLightmapSettings" 3562
"../../../Engine/Content/EngineMaterials/M_InvalidLightmapSettings.uasset" 3563
"../../../Engine/Content/EngineMaterials/InvalidLightmapSettings.uasset" 3564
"/Engine/EngineMaterials/GizmoMaterial" 3565
"../../../Engine/Content/EngineMaterials/GizmoMaterial.uasset" 3566
"/Engine/EngineMaterials/PhAT_JointLimitMaterial" 3567
"../../../Engine/Content/EngineMaterials/PhAT_JointLimitMaterial.uasset" 3568
"/Engine/EngineMaterials/FlattenMaterial" 3569
"../../../Engine/Content/EngineMaterials/FlattenMaterial.uasset" 3570
"../../../Engine/Content/EngineMaterials/BaseFlattenDiffuseMap.uasset" 3571
"../../../Engine/Content/EngineMaterials/BaseFlattenEmissiveMap.uasset" 3572
"../../../Engine/Content/EngineMaterials/BaseFlattenGrayscaleMap.uasset" 3573
"../../../Engine/Content/EngineMaterials/BaseFlattenLinearColor.uasset" 3574
"../../../Engine/Content/EngineMaterials/BaseFlattenNormalMap.uasset" 3575
"../../../Engine/Content/Functions/Engine_MaterialFunctions02/PivotPainter2/Black_1x1_EXR_Texture.uasset" 3576
"/Engine/EngineMaterials/FlattenMaterial_VT" 3577
"../../../Engine/Content/EngineMaterials/FlattenMaterial_VT.uasset" 3578
"../../../Engine/Content/EngineMaterials/BaseFlattenDiffuseMap_VT.uasset" 3579
"../../../Engine/Content/EngineMaterials/BaseFlattenEmissiveMap_VT.uasset" 3580
"../../../Engine/Content/EngineMaterials/BaseFlattenGrayscaleMap_VT.uasset" 3581
"../../../Engine/Content/EngineMaterials/BaseFlattenLinearColor_VT.uasset" 3582
"../../../Engine/Content/EngineMaterials/BaseFlattenNormalMap_VT.uasset" 3583
"../../../Engine/Content/EngineMaterials/Black_1x1_EXR_Texture_VT.uasset" 3584
"/Engine/EngineMaterials/FlattenMaterial_WS_Normal_VT" 3585
"../../../Engine/Content/EngineMaterials/FlattenMaterial_WS_Normal_VT.uasset" 3586
"/Engine/EngineMaterials/Good64x64TilingNoiseHighFreq" 3587
"../../../Engine/Content/EngineMaterials/Good64x64TilingNoiseHighFreq.uasset" 3588
"/Engine/EngineMaterials/DefaultBokeh" 3589
"../../../Engine/Content/EngineMaterials/DefaultBokeh.uasset" 3590
"/Engine/EngineMaterials/MiniFont" 3591
"../../../Engine/Content/EngineMaterials/MiniFont.uasset" 3592
"/Engine/EngineMaterials/WeightMapPlaceholderTexture" 3593
"../../../Engine/Content/EngineMaterials/WeightMapPlaceholderTexture.uasset" 3594
"/Engine/EngineMaterials/WeightMapArrayPlaceholderTexture" 3595
"../../../Engine/Content/EngineMaterials/WeightMapArrayPlaceholderTexture.uasset" 3596
"/Engine/EngineMaterials/DefaultWhiteGrid" 3597
"../../../Engine/Content/EngineMaterials/DefaultWhiteGrid.uasset" 3598
"/Engine/EngineMaterials/PreintegratedSkinBRDF" 3599
"../../../Engine/Content/EngineMaterials/PreintegratedSkinBRDF.uasset" 3600
"/Engine/EngineMaterials/LTC/GGX_LTCAmp" 3601
"../../../Engine/Content/EngineMaterials/LTC/GGX_LTCAmp.uasset" 3602
"/Engine/EngineMaterials/LTC/GGX_LTCMat" 3603
"../../../Engine/Content/EngineMaterials/LTC/GGX_LTCMat.uasset" 3604
"/Engine/EngineMaterials/LTC/Sheen_LTC" 3605
"../../../Engine/Content/EngineMaterials/LTC/Sheen_LTC.uasset" 3606
"/Engine/EngineMaterials/EnergyConservation/GGX_ReflectionEnergy" 3607
"../../../Engine/Content/EngineMaterials/EnergyConservation/GGX_ReflectionEnergy.uasset" 3608
"/Engine/EngineMaterials/EnergyConservation/GGX_TransmissionEnergyArray" 3609
"../../../Engine/Content/EngineMaterials/EnergyConservation/GGX_TransmissionEnergyArray.uasset" 3610
"/Engine/EngineMaterials/EnergyConservation/Sheen_Energy" 3611
"../../../Engine/Content/EngineMaterials/EnergyConservation/Sheen_Energy.uasset" 3612
"/Engine/EngineMaterials/EnergyConservation/Diffuse_Energy" 3613
"../../../Engine/Content/EngineMaterials/EnergyConservation/Diffuse_Energy.uasset" 3614
"/Engine/EngineMaterials/DefaultPhysicalMaterial" 3615
"../../../Engine/Content/EngineMaterials/DefaultPhysicalMaterial.uasset" 3616
"/Engine/EngineMaterials/DefaultDestructiblePhysicalMaterial" 3617
"../../../Engine/Content/EngineMaterials/DefaultDestructiblePhysicalMaterial.uasset" 3618
"C:/Users/meliss/AppData/Local/UnrealEngine/5.7/Saved/AutoLoadProject.txt" 3619
"/Niagara/ParameterDefinitions/CoreParameters" 3620
"../../Plugins/FX/Niagara/Content/ParameterDefinitions/CoreParameters.uasset" 3621
"/Niagara/ParameterDefinitions/DecalRenderer" 3622
"../../Plugins/FX/Niagara/Content/ParameterDefinitions/DecalRenderer.uasset" 3623
"/Niagara/ParameterDefinitions/LightRenderer" 3624
"../../Plugins/FX/Niagara/Content/ParameterDefinitions/LightRenderer.uasset" 3625
"/Niagara/ParameterDefinitions/MeshRenderer" 3626
"../../Plugins/FX/Niagara/Content/ParameterDefinitions/MeshRenderer.uasset" 3627
"/Niagara/ParameterDefinitions/RibbonRenderer" 3628
"../../Plugins/FX/Niagara/Content/ParameterDefinitions/RibbonRenderer.uasset" 3629
"/Niagara/ParameterDefinitions/SpriteRenderer" 3630
"../../Plugins/FX/Niagara/Content/ParameterDefinitions/SpriteRenderer.uasset" 3631
"/DeformerGraph/Deformers/DG_LinearBlendSkin_Morph_Cloth" 3632
"../../Plugins/Animation/DeformerGraph/Content/Deformers/DG_LinearBlendSkin_Morph_Cloth.uasset" 3633
"../../Plugins/Animation/DeformerGraph/Content/DeformerFunctions/DG_Function_LinearBlendSkin_Morph_Cloth.uasset" 3634
"/DeformerGraph/Deformers/DG_LinearBlendSkin_Morph_Cloth_RecomputeNormals" 3635
"../../Plugins/Animation/DeformerGraph/Content/Deformers/DG_LinearBlendSkin_Morph_Cloth_RecomputeNormals.uasset" 3636
"../../Plugins/Animation/DeformerGraph/Content/DeformerFunctions/DG_Function_ComputeNormalsTangents.uasset" 3637
"../../Plugins/Animation/DeformerGraph/Content/DeformerFunctions/DG_Function_LinearBlendSkin_Morph_Cloth_PositionOnly.uasset" 3638
"/Engine/BasicShapes/Cube" 3639
"../../../Engine/Content/BasicShapes/Cube.uasset" 3640
"/Engine/BasicShapes/Sphere" 3641
"../../../Engine/Content/BasicShapes/Sphere.uasset" 3642
"../../../Engine/Content/EngineMaterials/DefaultMaterial.uasset" 3643
"/Engine/BasicShapes/Cylinder" 3644
"../../../Engine/Content/BasicShapes/Cylinder.uasset" 3645
"/Engine/BasicShapes/Cone" 3646
"../../../Engine/Content/BasicShapes/Cone.uasset" 3647
"/Engine/BasicShapes/Plane" 3648
"../../../Engine/Content/BasicShapes/Plane.uasset" 3649
"../../../Engine/Documentation/Source/Shared/Types/ABrush/ABrush.INT.udn" 3650
"../../../Engine/Content/Internationalization/icudt64l/brkitr/pt.res" 3651
"../../../Engine/Content/Internationalization/icudt64l/brkitr/root.res" 3652
"../../../Engine/Content/Internationalization/icudt64l/brkitr/char.brk" 3653
"../../../Engine/Content/Internationalization/icudt64l/brkitr/word.brk" 3654
"/Engine/EditorResources/SequenceRecorder/Countdown" 3655
"../../../Engine/Content/EditorResources/SequenceRecorder/Countdown.uasset" 3656
"/Engine/EditorResources/SequenceRecorder/RecordingIndicator" 3657
"../../../Engine/Content/EditorResources/SequenceRecorder/RecordingIndicator.uasset" 3658
"/Engine/EditorMaterials/PhAT_UnselectedMaterial" 3659
"../../../Engine/Content/EditorMaterials/PhAT_UnselectedMaterial.uasset" 3660
"/Engine/EditorMaterials/PhAT_NoCollisionMaterial" 3661
"../../../Engine/Content/EditorMaterials/PhAT_NoCollisionMaterial.uasset" 3662
"../../../Engine/Plugins/FX/Niagara/Shaders/Private/NiagaraDataInterfaceTexture2DArrayTemplate.ush" 3663
"../../../Engine/Plugins/FX/Niagara/Shaders/Private/NiagaraDataInterfaceActorComponentTemplate.ush" 3664
"../../../Engine/Plugins/FX/Niagara/Shaders/Private/NiagaraDataInterfaceArrayTemplate.ush" 3665
"../../../Engine/Plugins/FX/Niagara/Shaders/Private/NiagaraDataInterfaceArrayRWTemplate.ush" 3666
"../../../Engine/Plugins/FX/Niagara/Shaders/Private/NiagaraDataInterfaceArrayDistributionIntTemplate.ush" 3667
"../../../Engine/Plugins/FX/Niagara/Shaders/Private/NiagaraDataInterfaceAsyncGpuTrace.ush" 3668
"../../../Engine/Plugins/FX/Niagara/Shaders/Private/NiagaraDataInterfaceAsyncGpuTraceTemplate.ush" 3669
"../../../Engine/Plugins/FX/Niagara/Shaders/Private/NiagaraDataInterfaceCamera.ush" 3670
"../../../Engine/Plugins/Experimental/ChaosNiagara/Shaders/NiagaraDataInterfaceChaosDestruction.ush" 3671
"../../../Engine/Plugins/FX/Niagara/Shaders/Private/NiagaraDataInterfaceCollisionQuery.ush" 3672
"C:/MeuProjeto1/Intermediate/ShaderAutogen/PCD3D_SM5/AutogenShaderHeaders.ush" 3673
"../../../Engine/Plugins/FX/Niagara/Shaders/Private/NiagaraDataInterfaceCollisionQueryTemplate.ush" 3674
"../../../Engine/Plugins/FX/Niagara/Shaders/Private/NiagaraDataInterfaceCurveTemplate.ush" 3675
"../../../Engine/Plugins/FX/Niagara/Shaders/Private/NiagaraDataInterfaceCubeTextureTemplate.ush" 3676
"../../../Engine/Plugins/FX/Niagara/Shaders/Private/DataChannel/NiagaraDataInterfaceDataChannelCommon.ush" 3677
"../../../Engine/Plugins/FX/Niagara/Shaders/Private/DataChannel/NiagaraDataInterfaceDataChannelTemplateCommon.ush" 3678
"../../../Engine/Plugins/FX/Niagara/Shaders/Private/DataChannel/NiagaraDataInterfaceDataChannelTemplateReadCommon.ush" 3679
"../../../Engine/Plugins/FX/Niagara/Shaders/Private/DataChannel/NiagaraDataInterfaceDataChannelTemplate_Read.ush" 3680
"../../../Engine/Plugins/FX/Niagara/Shaders/Private/DataChannel/NiagaraDataInterfaceDataChannelTemplate_Consume.ush" 3681
"../../../Engine/Plugins/FX/Niagara/Shaders/Private/DataChannel/NiagaraDataInterfaceDataChannelTemplateWriteCommon.ush" 3682
"../../../Engine/Plugins/FX/Niagara/Shaders/Private/DataChannel/NiagaraDataInterfaceDataChannelTemplate_Append.ush" 3683
"../../../Engine/Plugins/FX/Niagara/Shaders/Private/NiagaraDataInterfaceDataTableTemplate.ush" 3684
"../../../Engine/Plugins/FX/Niagara/Shaders/Private/NiagaraDataInterfaceDebugDraw.ush" 3685
"../../../Engine/Plugins/FX/Niagara/Shaders/Private/NiagaraDataInterfaceDebugDrawTemplate.ush" 3686
"../../../Engine/Plugins/FX/Niagara/Shaders/Private/NiagaraDataInterfaceDynamicMeshTemplate.ush" 3687
"../../../Engine/Plugins/FX/Niagara/Shaders/Private/NiagaraDataInterfaceEmitterPropertiesTemplate.ush" 3688
"../../../Engine/Plugins/FX/Niagara/Shaders/Private/NiagaraDataInterfaceExportTemplate.ush" 3689
"../../../Engine/Plugins/FX/Niagara/Shaders/Private/NiagaraDataInterfaceGBufferTemplate.ush" 3690
"../../../Engine/Plugins/Experimental/ChaosNiagara/Shaders/NiagaraDataInterfaceGeometryCollection.ush" 3691
"../../../Engine/Plugins/FX/Niagara/Shaders/Private/NiagaraTransformUtils.ush" 3692
"../../../Engine/Plugins/Runtime/HairStrands/Shaders/Private/NiagaraStrandsExternalForce.ush" 3693
"../../../Engine/Plugins/Runtime/HairStrands/Shaders/Private/NiagaraHookeSpringMaterial.ush" 3694
"../../../Engine/Plugins/Runtime/HairStrands/Shaders/Private/NiagaraAngularSpringMaterial.ush" 3695
"../../../Engine/Plugins/Runtime/HairStrands/Shaders/Private/NiagaraConstantVolumeMaterial.ush" 3696
"../../../Engine/Plugins/Runtime/HairStrands/Shaders/Private/NiagaraCosseratRodMaterial.ush" 3697
"../../../Engine/Plugins/Runtime/HairStrands/Shaders/Private/NiagaraStaticCollisionConstraint.ush" 3698
"../../../Engine/Plugins/Runtime/HairStrands/Shaders/Private/NiagaraDataInterfaceHairStrands.ush" 3699
"../../../Engine/Plugins/Runtime/HairStrands/Shaders/Private/NiagaraDataInterfaceHairStrandsTemplate.ush" 3700
"../../../Engine/Plugins/FX/Niagara/Shaders/Private/NiagaraDataInterfaceIntRenderTarget2D.ush" 3701
"../../../Engine/Plugins/FX/Niagara/Shaders/Private/NiagaraDataInterfaceLandscape.ush" 3702
"../../../Engine/Plugins/FX/Niagara/Shaders/Private/NiagaraDataInterfaceMemoryBufferTemplate.ush" 3703
"../../../Engine/Plugins/FX/Niagara/Shaders/Private/NiagaraDataInterfaceMeshRendererInfoTemplate.ush" 3704
"../../../Engine/Plugins/FX/Niagara/Shaders/Private/NiagaraDataInterfaceOcclusion.ush" 3705
"../../../Engine/Plugins/FX/Niagara/Shaders/Private/NiagaraDataInterfacePhysicsAsset.ush" 3706
"../../../Engine/Plugins/Experimental/ChaosNiagara/Shaders/NiagaraDataInterfacePhysicsField.ush" 3707
"../../../Engine/Plugins/FX/Niagara/Shaders/Private/NiagaraDataInterfacePlatformSetTemplate.ush" 3708
"../../../Engine/Plugins/Runtime/HairStrands/Shaders/Private/NiagaraDataInterfaceVelocityGrid.ush" 3709
"../../../Engine/Plugins/Runtime/HairStrands/Shaders/Private/NiagaraDataInterfaceVelocityGridTemplate.ush" 3710
"../../../Engine/Plugins/Runtime/HairStrands/Shaders/Private/NiagaraDataInterfacePressureGrid.ush" 3711
"../../../Engine/Plugins/Runtime/HairStrands/Shaders/Private/NiagaraDataInterfacePressureGridTemplate.ush" 3712
"../../../Engine/Plugins/FX/Niagara/Shaders/Private/NiagaraDataInterfaceRenderTarget2DTemplate.ush" 3713
"../../../Engine/Plugins/FX/Niagara/Shaders/Private/NiagaraDataInterfaceRenderTarget2DArrayTemplate.ush" 3714
"../../../Engine/Plugins/FX/Niagara/Shaders/Private/NiagaraDataInterfaceRenderTargetCubeTemplate.ush" 3715
"../../../Engine/Plugins/FX/Niagara/Shaders/Private/NiagaraDataInterfaceRenderTargetVolumeTemplate.ush" 3716
"../../../Engine/Plugins/FX/Niagara/Shaders/Private/NiagaraDataInterfaceRigidMeshCollisionQuery.ush" 3717
"../../../Engine/Plugins/FX/Niagara/Shaders/Private/NiagaraDistanceFieldQueries.ush" 3718
"../../../Engine/Plugins/FX/Niagara/Shaders/Private/NiagaraDataInterfaceSceneCapture2DTemplate.ush" 3719
"../../../Engine/Plugins/FX/Niagara/Shaders/Private/NiagaraDataInterfaceSimCacheReaderTemplate.ush" 3720
"../../../Engine/Plugins/FX/Niagara/Shaders/Private/NiagaraDataInterfaceSimpleCounterTemplate.ush" 3721
"../../../Engine/Plugins/FX/Niagara/Shaders/Private/NiagaraDataInterfaceSkeletalMesh.ush" 3722
"../../../Engine/Plugins/FX/Niagara/Shaders/Private/NiagaraBaryCentricUtils.ush" 3723
"../../../Engine/Plugins/FX/Niagara/Shaders/Private/NiagaraDataInterfaceSkeletalMeshTemplate.ush" 3724
"../../../Engine/Plugins/FX/Niagara/Shaders/Private/NiagaraDataInterfaceSocketReaderTemplate.ush" 3725
"../../../Engine/Plugins/FX/Niagara/Shaders/Private/NiagaraDataInterfaceSparseVolumeTextureTemplate.ush" 3726
"../../../Engine/Plugins/FX/Niagara/Shaders/Private/NiagaraDataInterfaceSplineTemplate.ush" 3727
"../../../Engine/Plugins/FX/Niagara/Shaders/Private/NiagaraDataInterfaceSpriteRendererInfoTemplate.ush" 3728
"../../../Engine/Plugins/FX/Niagara/Shaders/Private/NiagaraDataInterfaceStaticMeshTemplate.ush" 3729
"../../../Engine/Plugins/FX/Niagara/Shaders/Private/NiagaraDataInterfaceTextureTemplate.ush" 3730
"../../../Engine/Plugins/FX/Niagara/Shaders/Private/NiagaraDataInterfaceVirtualTexture.ush" 3731
"../../../Engine/Plugins/FX/Niagara/Shaders/Private/NiagaraDataInterfaceVirtualTextureTemplate.ush" 3732
"../../../Engine/Plugins/FX/Niagara/Shaders/Private/NiagaraDataInterfaceVirtualTextureSampleTemplate.ush" 3733
"../../../Engine/Plugins/FX/Niagara/Shaders/Private/NiagaraDataInterfaceVolumeCache.ush" 3734
"../../../Engine/Plugins/FX/Niagara/Shaders/Private/NiagaraDataInterfaceVolumeTextureTemplate.ush" 3735
"../../../Engine/Content/EngineSounds/Submixes/MasterReverbEffectPreset.uasset" 3736
"C:/MeuProjeto1/Content/Fab/Megascans/Surfaces/Stucco_Wall_vigrejf/Low/vigrejf_tier_3/Textures/T_vigrejf_1K_N.uasset" 3737
"../../../Engine/Content/EngineSounds/Submixes/MasterReverbSubmixDefault.uasset" 3738
"C:/MeuProjeto1/Content/Menus/w_SanityBar.uasset" 3739
"../../../Engine/Plugins/Fab/Content/Textures/Standard/T_DefaultDisplacement.uasset" 3740
"../../../Engine/Content/EngineSounds/Submixes/MasterSubmixDefault.uasset" 3741
"C:/MeuProjeto1/Content/Fab/Megascans/Surfaces/Stucco_Wall_vigrejf/Low/vigrejf_tier_3/Textures/T_vigrejf_1K_B.uasset" 3742
"../../../Engine/Plugins/Fab/Content/Textures/Standard/T_DefaultNormal.uasset" 3743
"../../../Engine/Content/EngineSounds/Submixes/MasterEQEffectPreset.uasset" 3744
"C:/MeuProjeto1/Content/Fab/Megascans/Surfaces/Stucco_Wall_vigrejf/Low/vigrejf_tier_3/Textures/T_vigrejf_1K_ORM.uasset" 3745
"../../../Engine/Plugins/Fab/Content/Textures/Standard/T_DefaultMasks.uasset" 3746
"../../../Engine/Content/EngineSounds/Submixes/MasterEQSubmixDefault.uasset" 3747
"../../../Engine/Plugins/Fab/Content/Textures/Standard/T_DefaultColor.uasset" 3748
"../../../Engine/Plugins/Fab/Content/MaterialFunctions/QMF_NormalAdjustments.uasset" 3749
"../../../Engine/Plugins/Fab/Content/MaterialFunctions/QMF_BaseColorAdjustments.uasset" 3750
"../../../Engine/Plugins/Fab/Content/MaterialFunctions/QMF_RoughnessAdjustments.uasset" 3751
"../../../Engine/Plugins/Fab/Content/MaterialFunctions/QMF_AOAdjustments.uasset" 3752
"../../../Engine/Plugins/Fab/Content/MaterialFunctions/QMF_Tiling.uasset" 3753
"../../../Engine/Plugins/Fab/Content/Materials/Standard/M_MS_Srf.uasset" 3754
"C:/MeuProjeto1/Content/Fab/Megascans/Surfaces/Stucco_Wall_vigrejf/Low/vigrejf_tier_3/Materials/MI_vigrejf.uasset" 3755
"C:/MeuProjeto1/Content/Fab/021_Sprayed_facade_tile?Material___SeamlessTexture___Instance___Blueprint?/Mat_021_Sprayed-facade-tile/Textures/021_basecolor.uasset" 3756
"C:/MeuProjeto1/Content/Fab/021_Sprayed_facade_tile?Material___SeamlessTexture___Instance___Blueprint?/Mat_021_Sprayed-facade-tile/Textures/021_basecolor_Mat.uasset" 3757
"C:/MeuProjeto1/Content/M_ChaoMadeira.uasset" 3758
"C:/MeuProjeto1/Content/Pack_Bonus/Textures/Wooden_Floor_3/T_Pack_Bonus_Wooden_Floor_3_basecolor.uasset" 3759
"C:/MeuProjeto1/Content/M_ChaoMadeira_Inst.uasset" 3760
"../../../Engine/Content/MobileResources/HUD/VirtualJoystick_Thumb.uasset" 3761
"../../../Engine/Content/MobileResources/HUD/VirtualJoystick_Background.uasset" 3762
"C:/MeuProjeto1/Content/Input/Touch/UI_Thumbstick.uasset" 3763
"C:/MeuProjeto1/Content/Input/Touch/UI_TouchSimple.uasset" 3764
"C:/MeuProjeto1/Content/__ExternalActors__/Mapa_MyMindIsBroken/C/IJ/K1N6F5C3UYAZRN7OCSTJ4X.uasset" 3765
"C:/MeuProjeto1/Content/Input/IMC_MouseLook.uasset" 3766
"C:/MeuProjeto1/Content/Input/IMC_Default.uasset" 3767
"/Engine/EngineSounds/Submixes/MasterReverbEffectPreset" 3768
"/Engine/EngineSounds/Submixes/MasterEQEffectPreset" 3769
"/Engine/EngineSounds/Submixes/MasterEQSubmixDefault" 3770
"/Game/Fab/Megascans/Surfaces/Stucco_Wall_vigrejf/Low/vigrejf_tier_3/Textures/T_vigrejf_1K_ORM" 3771
"/Game/Fab/Megascans/Surfaces/Stucco_Wall_vigrejf/Low/vigrejf_tier_3/Textures/T_vigrejf_1K_N" 3772
"/Game/Fab/Megascans/Surfaces/Stucco_Wall_vigrejf/Low/vigrejf_tier_3/Textures/T_vigrejf_1K_B" 3773
"/Game/Fab/021_Sprayed_facade_tile?Material___SeamlessTexture___Instance___Blueprint?/Mat_021_Sprayed-facade-tile/Textures/021_basecolor" 3774
"/Game/Input/Touch/UI_TouchSimple" 3775
"../../../../../../MeuProjeto1/Content/Input/Touch/BPI_TouchInterface.uasset" 3776
"/Fab/Textures/Standard/T_DefaultMasks" 3777
"/Game/Input/IMC_MouseLook" 3778
"../../../../../../MeuProjeto1/Content/Input/Actions/IA_MouseLook.uasset" 3779
"/Game/Input/IMC_Default" 3780
"../../../../../../MeuProjeto1/Content/Input/Actions/IA_Jump.uasset" 3781
"../../../../../../MeuProjeto1/Content/Input/Actions/IA_Look.uasset" 3782
"../../../../../../MeuProjeto1/Content/Input/Actions/IA_Move.uasset" 3783
"/Fab/MaterialFunctions/QMF_Tiling" 3784
"/Fab/MaterialFunctions/QMF_RoughnessAdjustments" 3785
"/Fab/MaterialFunctions/QMF_NormalAdjustments" 3786
"/Fab/MaterialFunctions/QMF_BaseColorAdjustments" 3787
"/Fab/MaterialFunctions/QMF_AOAdjustments" 3788
"/Fab/Materials/Standard/M_MS_Srf" 3789
"/Game/Fab/Megascans/Surfaces/Stucco_Wall_vigrejf/Low/vigrejf_tier_3/Materials/MI_vigrejf" 3790
"/Game/Menus/w_SanityBar" 3791
"../../../../../../MeuProjeto1/Content/ThirdPerson/Blueprints/BP_ThirdPersonCharacter.uasset" 3792
"../../../../../../MeuProjeto1/Content/Characters/Mannequins/Anims/Unarmed/ABP_Unarmed.uasset" 3793
"../../../../../../MeuProjeto1/Content/BPI_Interacao.uasset" 3794
"../../../../../../MeuProjeto1/Content/Characters/Mannequins/Meshes/SKM_Quinn_Simple.uasset" 3795
"../../../../../../MeuProjeto1/Content/Menus/W_Options.uasset" 3796
"../../../../../../MeuProjeto1/Content/Characters/Mannequins/Anims/Unarmed/Jump/MM_Fall_Loop.uasset" 3797
"../../../../../../MeuProjeto1/Content/Characters/Mannequins/Anims/Unarmed/Jump/MM_Jump.uasset" 3798
"../../../../../../MeuProjeto1/Content/Characters/Mannequins/Anims/Unarmed/Jump/MM_Land.uasset" 3799
"../../../../../../MeuProjeto1/Content/Characters/Mannequins/Anims/Unarmed/MM_Idle.uasset" 3800
"../../../../../../MeuProjeto1/Content/Characters/Mannequins/Anims/Unarmed/BS_Idle_Walk_Run.uasset" 3801
"../../../../../../MeuProjeto1/Content/Characters/Mannequins/Rigs/CR_Mannequin_FootIK.uasset" 3802
"../../../../../../MeuProjeto1/Content/Characters/Mannequins/Meshes/SK_Mannequin.uasset" 3803
"../../../../../../MeuProjeto1/Content/Characters/Mannequins/Materials/Quinn/MI_Quinn_01.uasset" 3804
"../../../../../../MeuProjeto1/Content/Characters/Mannequins/Materials/Quinn/MI_Quinn_02.uasset" 3805
"../../../../../../MeuProjeto1/Content/Characters/Mannequins/Rigs/PA_Mannequin.uasset" 3806
"../../../Engine/Content/EngineFonts/wind_Font.uasset" 3807
"../../../Engine/Content/Animation/DefaultAnimBoneCompressionSettings.uasset" 3808
"../../../Engine/Content/Animation/DefaultAnimCurveCompressionSettings.uasset" 3809
"../../../../../../MeuProjeto1/Content/Characters/Mannequins/Anims/Unarmed/Jog/MF_Unarmed_Jog_Bwd.uasset" 3810
"../../../../../../MeuProjeto1/Content/Characters/Mannequins/Anims/Unarmed/Jog/MF_Unarmed_Jog_Bwd_Left.uasset" 3811
"../../../../../../MeuProjeto1/Content/Characters/Mannequins/Anims/Unarmed/Jog/MF_Unarmed_Jog_Bwd_Right.uasset" 3812
"../../../../../../MeuProjeto1/Content/Characters/Mannequins/Anims/Unarmed/Jog/MF_Unarmed_Jog_Fwd.uasset" 3813
"../../../../../../MeuProjeto1/Content/Characters/Mannequins/Anims/Unarmed/Jog/MF_Unarmed_Jog_Fwd_Left.uasset" 3814
"../../../../../../MeuProjeto1/Content/Characters/Mannequins/Anims/Unarmed/Jog/MF_Unarmed_Jog_Fwd_Right.uasset" 3815
"../../../../../../MeuProjeto1/Content/Characters/Mannequins/Anims/Unarmed/Jog/MF_Unarmed_Jog_Left.uasset" 3816
"../../../../../../MeuProjeto1/Content/Characters/Mannequins/Anims/Unarmed/Jog/MF_Unarmed_Jog_Right.uasset" 3817
"../../../../../../MeuProjeto1/Content/Characters/Mannequins/Anims/Unarmed/Walk/MF_Unarmed_Walk_Bwd.uasset" 3818
"../../../../../../MeuProjeto1/Content/Characters/Mannequins/Anims/Unarmed/Walk/MF_Unarmed_Walk_Bwd_Left.uasset" 3819
"../../../../../../MeuProjeto1/Content/Characters/Mannequins/Anims/Unarmed/Walk/MF_Unarmed_Walk_Bwd_Right.uasset" 3820
"../../../../../../MeuProjeto1/Content/Characters/Mannequins/Anims/Unarmed/Walk/MF_Unarmed_Walk_Fwd.uasset" 3821
"../../../../../../MeuProjeto1/Content/Characters/Mannequins/Anims/Unarmed/Walk/MF_Unarmed_Walk_Fwd_Left.uasset" 3822
"../../../../../../MeuProjeto1/Content/Characters/Mannequins/Anims/Unarmed/Walk/MF_Unarmed_Walk_Fwd_Right.uasset" 3823
"../../../../../../MeuProjeto1/Content/Characters/Mannequins/Anims/Unarmed/Walk/MF_Unarmed_Walk_Left.uasset" 3824
"../../../../../../MeuProjeto1/Content/Characters/Mannequins/Anims/Unarmed/Walk/MF_Unarmed_Walk_Right.uasset" 3825
"../../../../../../MeuProjeto1/Content/Characters/Mannequins/Materials/M_Mannequin.uasset" 3826
"../../../../../../MeuProjeto1/Content/Characters/Mannequins/Textures/Quinn/T_Quinn_01_D.uasset" 3827
"../../../../../../MeuProjeto1/Content/Characters/Mannequins/Textures/Quinn/T_Quinn_01_MRA.uasset" 3828
"../../../../../../MeuProjeto1/Content/Characters/Mannequins/Textures/Quinn/T_Quinn_01_N.uasset" 3829
"../../../../../../MeuProjeto1/Content/Characters/Mannequins/Textures/Quinn/T_Quinn_02_D.uasset" 3830
"../../../../../../MeuProjeto1/Content/Characters/Mannequins/Textures/Quinn/T_Quinn_02_MRA.uasset" 3831
"../../../../../../MeuProjeto1/Content/Characters/Mannequins/Textures/Quinn/T_Quinn_02_N.uasset" 3832
"../../../Engine/Content/EngineFonts/wind.uasset" 3833
"../../../../../../MeuProjeto1/Content/Characters/Mannequins/Textures/Manny/T_Manny_01_BN.uasset" 3834
"../../../../../../MeuProjeto1/Content/Characters/Mannequins/Textures/Manny/T_Manny_01_D.uasset" 3835
"../../../../../../MeuProjeto1/Content/Characters/Mannequins/Textures/Manny/T_Manny_01_MRA.uasset" 3836
"../../../../../../MeuProjeto1/Content/Characters/Mannequins/Textures/Shared/T_UE_Logo_M.uasset" 3837
"/Game/Fab/021_Sprayed_facade_tile?Material___SeamlessTexture___Instance___Blueprint?/Mat_021_Sprayed-facade-tile/Textures/021_basecolor_Mat" 3838
"/Game/M_ChaoMadeira" 3839
"/Game/M_ChaoMadeira_Inst" 3840
"/Game/__ExternalActors__/Mapa_MyMindIsBroken/C/IJ/K1N6F5C3UYAZRN7OCSTJ4X" 3841
"../../../../../../MeuProjeto1/Content/Mapa_MyMindIsBroken.umap" 3842
"../../../../../../MeuProjeto1/Content/ThirdPerson/Blueprints/BP_ThirdPersonGameMode.uasset" 3843
"../../../../../../MeuProjeto1/Content/ThirdPerson/Blueprints/BP_ThirdPersonPlayerController.uasset" 3844
"../../../Engine/Plugins/Interchange/Assets/Content/Functions/MF_IridescenceNoLUT.uasset" 3845
"../../../Engine/Plugins/Interchange/Assets/Content/gltf/MaterialFunctions/MF_SpecularAnisotropy.uasset" 3846
"../../../Engine/Plugins/Interchange/Assets/Content/gltf/MaterialFunctions/MF_IOR.uasset" 3847
"../../../Engine/Plugins/Interchange/Assets/Content/gltf/MaterialFunctions/MF_Iridescence.uasset" 3848
"../../../Engine/Plugins/Interchange/Assets/Content/gltf/MaterialFunctions/MF_RotateV2.uasset" 3849
"../../../Engine/Plugins/Interchange/Assets/Content/gltf/MaterialFunctions/MF_MetallicRoughness.uasset" 3850
"../../../Engine/Plugins/Interchange/Assets/Content/gltf/Textures/T_White_Linear.uasset" 3851
"../../../Engine/Plugins/Interchange/Assets/Content/gltf/MaterialFunctions/MF_Specular.uasset" 3852
"../../../Engine/Plugins/Interchange/Assets/Content/gltf/MaterialFunctions/MF_Normals.uasset" 3853
"../../../Engine/Plugins/Interchange/Assets/Content/gltf/MaterialFunctions/MF_Occlusion.uasset" 3854
"../../../Engine/Plugins/Interchange/Assets/Content/gltf/MaterialFunctions/MF_TransformUVs.uasset" 3855
"../../../Engine/Plugins/Interchange/Assets/Content/gltf/Textures/T_White_srgb.uasset" 3856
"../../../Engine/Plugins/Interchange/Assets/Content/gltf/MaterialFunctions/MF_ScaleNormal.uasset" 3857
"../../../Engine/Plugins/Interchange/Assets/Content/gltf/MaterialFunctions/MF_RotateNormals_TS.uasset" 3858
"../../../Engine/Plugins/Interchange/Assets/Content/gltf/MaterialFunctions/MF_Clearcoat.uasset" 3859
"../../../Engine/Plugins/Interchange/Assets/Content/gltf/MaterialBodies/MF_ClearCoat_Body.uasset" 3860
"../../../Engine/Plugins/Interchange/Assets/Content/gltf/MaterialFunctions/MF_Emissive.uasset" 3861
"../../../Engine/Plugins/Interchange/Assets/Content/gltf/MaterialFunctions/MF_BaseColor.uasset" 3862
"../../../Engine/Content/Functions/Engine_MaterialFunctions03/Math/RemapValueRange.uasset" 3863
"../../../Engine/Plugins/Interchange/Assets/Content/Utilities/New_LUT.uasset" 3864
"../../../Engine/Plugins/Interchange/Assets/Content/Functions/MF_Iridescence.uasset" 3865
"../../../Engine/Plugins/Interchange/Assets/Content/gltf/Textures/T_Anisotropy_Direction_Linear.uasset" 3866
"../../../Engine/Plugins/Interchange/Assets/Content/gltf/Textures/T_Generic_N.uasset" 3867
"../../../Engine/Content/Functions/Engine_MaterialFunctions01/Texturing/FlattenNormal.uasset" 3868
"../../../Engine/Plugins/Interchange/Assets/Content/gltf/MaterialInstances/MI_ClearCoat_Opaque.uasset" 3869
"../../../Engine/Plugins/Interchange/Assets/Content/gltf/M_ClearCoat.uasset" 3870
"../../../Engine/Plugins/Interchange/Assets/Content/gltf/MaterialInstances/MI_ClearCoat_Mask.uasset" 3871
"../../../Engine/Plugins/Interchange/Assets/Content/gltf/MaterialInstances/MI_ClearCoat_Blend.uasset" 3872
"../../../Engine/Plugins/Interchange/Assets/Content/gltf/MaterialInstances/MI_ClearCoat_Opaque_DS.uasset" 3873
"../../../Engine/Plugins/Interchange/Assets/Content/gltf/MaterialInstances/MI_ClearCoat_Mask_DS.uasset" 3874
"../../../Engine/Plugins/Interchange/Assets/Content/gltf/MaterialInstances/MI_ClearCoat_Blend_DS.uasset" 3875
"../../../Engine/Plugins/Interchange/Assets/Content/gltf/MaterialBodies/MF_Default_Body.uasset" 3876
"/InterchangeAssets/gltf/MaterialFunctions/MF_RotateV2" 3877
"/InterchangeAssets/gltf/MaterialFunctions/MF_TransformUVs" 3878
"/InterchangeAssets/gltf/MaterialFunctions/MF_ScaleNormal" 3879
"/InterchangeAssets/Functions/MF_IridescenceNoLUT" 3880
"/InterchangeAssets/gltf/MaterialFunctions/MF_IOR" 3881
"/InterchangeAssets/gltf/MaterialFunctions/MF_RotateNormals_TS" 3882
"../../../Engine/Plugins/Interchange/Assets/Content/gltf/M_Default.uasset" 3883
"../../../Engine/Plugins/Interchange/Assets/Content/gltf/MaterialInstances/MI_Default_Opaque_DS.uasset" 3884
"/InterchangeAssets/gltf/Textures/T_Anisotropy_Direction_Linear" 3885
"../../../Engine/Plugins/Interchange/Assets/Content/gltf/MaterialInstances/MI_Default_Mask_DS.uasset" 3886
"../../../Engine/Plugins/Interchange/Assets/Content/gltf/MaterialInstances/MI_Default_Mask.uasset" 3887
"../../../Engine/Plugins/Interchange/Assets/Content/gltf/MaterialInstances/MI_Default_Blend.uasset" 3888
"../../../Engine/Plugins/Interchange/Assets/Content/gltf/MaterialInstances/MI_Default_Opaque.uasset" 3889
"/InterchangeAssets/gltf/MaterialFunctions/MF_SpecularAnisotropy" 3890
"/InterchangeAssets/gltf/MaterialFunctions/MF_Specular" 3891
"/InterchangeAssets/gltf/MaterialFunctions/MF_Occlusion" 3892
"/InterchangeAssets/gltf/MaterialFunctions/MF_Normals" 3893
"/InterchangeAssets/gltf/MaterialFunctions/MF_MetallicRoughness" 3894
"/InterchangeAssets/gltf/MaterialFunctions/MF_Iridescence" 3895
"/InterchangeAssets/gltf/MaterialFunctions/MF_Emissive" 3896
"/InterchangeAssets/gltf/MaterialFunctions/MF_Clearcoat" 3897
"/InterchangeAssets/gltf/MaterialFunctions/MF_BaseColor" 3898
"/InterchangeAssets/gltf/MaterialBodies/MF_ClearCoat_Body" 3899
"/Engine/Functions/Engine_MaterialFunctions03/Math/RemapValueRange" 3900
"/InterchangeAssets/Utilities/New_LUT" 3901
"/InterchangeAssets/Functions/MF_Iridescence" 3902
"/InterchangeAssets/gltf/M_ClearCoat" 3903
"/InterchangeAssets/gltf/MaterialInstances/MI_ClearCoat_Opaque" 3904
"/InterchangeAssets/gltf/MaterialInstances/MI_ClearCoat_Mask" 3905
"/InterchangeAssets/gltf/MaterialInstances/MI_ClearCoat_Blend" 3906
"/InterchangeAssets/gltf/MaterialInstances/MI_ClearCoat_Opaque_DS" 3907
"/InterchangeAssets/gltf/MaterialInstances/MI_ClearCoat_Mask_DS" 3908
"/InterchangeAssets/gltf/MaterialInstances/MI_ClearCoat_Blend_DS" 3909
"/InterchangeAssets/gltf/MaterialBodies/MF_Default_Body" 3910
"../../../Engine/Plugins/Interchange/Assets/Content/gltf/MaterialBodies/MF_Sheen_Body.uasset" 3911
"../../../Engine/Plugins/Interchange/Assets/Content/gltf/MaterialFunctions/MF_Temporal_Blur.uasset" 3912
"../../../Engine/Plugins/Interchange/Assets/Content/gltf/MaterialInstances/MI_Sheen_Opaque_DS.uasset" 3913
"../../../Engine/Plugins/Interchange/Assets/Content/gltf/M_Sheen.uasset" 3914
"../../../Engine/Plugins/Interchange/Assets/Content/gltf/MaterialInstances/MI_Sheen_Opaque.uasset" 3915
"../../../Engine/Plugins/Interchange/Assets/Content/gltf/MaterialInstances/MI_Sheen_Blend_DS.uasset" 3916
"../../../Engine/Plugins/Interchange/Assets/Content/gltf/MaterialBodies/MF_Transmission_Body.uasset" 3917
"../../../Engine/Plugins/Interchange/Assets/Content/gltf/MaterialInstances/MI_Sheen_Mask_DS.uasset" 3918
"../../../Engine/Plugins/Interchange/Assets/Content/gltf/MaterialInstances/MI_Default_Blend_DS.uasset" 3919
"../../../Engine/Plugins/Interchange/Assets/Content/gltf/MaterialInstances/MI_Sheen_Blend.uasset" 3920
"../../../Engine/Plugins/Interchange/Assets/Content/gltf/MaterialFunctions/MF_Fresnel_DS.uasset" 3921
"/InterchangeAssets/gltf/MaterialInstances/MI_Default_Mask_DS" 3922
"../../../Engine/Plugins/Interchange/Assets/Content/gltf/MaterialInstances/MI_Sheen_Mask.uasset" 3923
"../../../Engine/Plugins/Interchange/Assets/Content/gltf/MaterialFunctions/MF_Transmission.uasset" 3924
"../../../Engine/Plugins/Interchange/Assets/Content/gltf/MaterialFunctions/MF_Sheen.uasset" 3925
"/InterchangeAssets/gltf/MaterialInstances/MI_Default_Opaque_DS" 3926
"/InterchangeAssets/gltf/MaterialInstances/MI_Default_Blend" 3927
"/InterchangeAssets/gltf/MaterialInstances/MI_Default_Mask" 3928
"/InterchangeAssets/gltf/MaterialInstances/MI_Default_Opaque" 3929
"../../../Engine/Content/Functions/Engine_MaterialFunctions02/Texturing/ScreenAlignedPixelToPixelUVs.uasset" 3930
"../../../Engine/Plugins/Interchange/Assets/Content/gltf/M_Transmission.uasset" 3931
"../../../Engine/Plugins/Interchange/Assets/Content/gltf/MaterialInstances/MI_Transmission.uasset" 3932
"../../../Engine/Plugins/Interchange/Assets/Content/gltf/MaterialInstances/MI_Transmission_DS.uasset" 3933
"../../../Engine/Content/Functions/Engine_MaterialFunctions02/Math/AddComponents.uasset" 3934
"../../../Engine/Plugins/Interchange/Assets/Content/gltf/MaterialFunctions/MF_PerceivedBrightness.uasset" 3935
"../../../Engine/Plugins/Interchange/Assets/Content/gltf/MaterialFunctions/MF_SpecGlossToMetalRoughness.uasset" 3936
"../../../Engine/Plugins/Interchange/Assets/Content/gltf/MaterialFunctions/MF_MaxComponentValue.uasset" 3937
"../../../Engine/Plugins/Interchange/Assets/Content/gltf/MaterialFunctions/MF_DiffuseSpecGloss.uasset" 3938
"../../../Engine/Plugins/Interchange/Assets/Content/gltf/MaterialBodies/MF_SpecularGlossiness_Body.uasset" 3939
"../../../Engine/Plugins/Interchange/Assets/Content/gltf/M_SpecularGlossiness.uasset" 3940
"../../../Engine/Plugins/Interchange/Assets/Content/gltf/MaterialInstances/MI_SpecularGlossiness_Opaque.uasset" 3941
"../../../Engine/Plugins/Interchange/Assets/Shaders/ThinFilmFunctions.usf" 3942
"/Game/__ExternalActors__/Mapa_MyMindIsBroken/0/5V/YOJ924U2VCBOODRS1OAT5R" 3943
"../../../../../../MeuProjeto1/Content/__ExternalActors__/Mapa_MyMindIsBroken/0/5V/YOJ924U2VCBOODRS1OAT5R.uasset" 3944
"/Game/__ExternalActors__/Mapa_MyMindIsBroken/0/6W/UCAIDY85Y4DAP4S2WJZMB2" 3945
"../../../../../../MeuProjeto1/Content/__ExternalActors__/Mapa_MyMindIsBroken/0/6W/UCAIDY85Y4DAP4S2WJZMB2.uasset" 3946
"/Game/__ExternalActors__/Mapa_MyMindIsBroken/0/79/I8PGJWRG6QWBGLWLMVRNQ8" 3947
"../../../../../../MeuProjeto1/Content/__ExternalActors__/Mapa_MyMindIsBroken/0/79/I8PGJWRG6QWBGLWLMVRNQ8.uasset" 3948
"/Game/__ExternalActors__/Mapa_MyMindIsBroken/0/CK/SUDMWELBOIB1YLB2PGMTU9" 3949
"../../../../../../MeuProjeto1/Content/__ExternalActors__/Mapa_MyMindIsBroken/0/CK/SUDMWELBOIB1YLB2PGMTU9.uasset" 3950
"/Game/__ExternalActors__/Mapa_MyMindIsBroken/0/E4/UD7P2LLBGBJEO86QBCHLJ5" 3951
"../../../../../../MeuProjeto1/Content/__ExternalActors__/Mapa_MyMindIsBroken/0/E4/UD7P2LLBGBJEO86QBCHLJ5.uasset" 3952
"../../../../../../MeuProjeto1/Content/Fab/Round_Table_And_Chairs/round_table_and_chairs/StaticMeshes/round_table_and_chairs.uasset" 3953
"../../../../../../MeuProjeto1/Content/Fab/Round_Table_And_Chairs/round_table_and_chairs/Materials/Chair.uasset" 3954
"../../../../../../MeuProjeto1/Content/Fab/Round_Table_And_Chairs/round_table_and_chairs/Materials/Round_table.uasset" 3955
"../../../../../../MeuProjeto1/Content/Fab/Round_Table_And_Chairs/round_table_and_chairs/Textures/round_table_and_chairs_texture_3.uasset" 3956
"../../../../../../MeuProjeto1/Content/Fab/Round_Table_And_Chairs/round_table_and_chairs/Textures/round_table_and_chairs_texture_4.uasset" 3957
"../../../../../../MeuProjeto1/Content/Fab/Round_Table_And_Chairs/round_table_and_chairs/Textures/round_table_and_chairs_texture_5.uasset" 3958
"../../../../../../MeuProjeto1/Content/Fab/Round_Table_And_Chairs/round_table_and_chairs/Textures/round_table_and_chairs_texture_0.uasset" 3959
"../../../../../../MeuProjeto1/Content/Fab/Round_Table_And_Chairs/round_table_and_chairs/Textures/round_table_and_chairs_texture_1.uasset" 3960
"../../../../../../MeuProjeto1/Content/Fab/Round_Table_And_Chairs/round_table_and_chairs/Textures/round_table_and_chairs_texture_2.uasset" 3961
"/Game/__ExternalActors__/Mapa_MyMindIsBroken/0/E6/9IBHF9W0OX19X4OLLIXTUV" 3962
"../../../../../../MeuProjeto1/Content/__ExternalActors__/Mapa_MyMindIsBroken/0/E6/9IBHF9W0OX19X4OLLIXTUV.uasset" 3963
"../../../../../../MeuProjeto1/Content/ThirdPerson/Lvl_ThirdPerson_sharedassets/Dirt_LayerInfo.uasset" 3964
"../../../../../../MeuProjeto1/Content/ThirdPerson/Lvl_ThirdPerson_sharedassets/grass_LayerInfo.uasset" 3965
"../../../../../../MeuProjeto1/Content/ThirdPerson/Lvl_ThirdPerson_sharedassets/Rock_LayerInfo.uasset" 3966
"/Game/__ExternalActors__/Mapa_MyMindIsBroken/0/ED/OQJO0M9OYOWRM3DYIT8UV9" 3967
"../../../../../../MeuProjeto1/Content/__ExternalActors__/Mapa_MyMindIsBroken/0/ED/OQJO0M9OYOWRM3DYIT8UV9.uasset" 3968
"/Game/__ExternalActors__/Mapa_MyMindIsBroken/0/IQ/73DZF229TJBYXRVFLV2C2J" 3969
"../../../../../../MeuProjeto1/Content/__ExternalActors__/Mapa_MyMindIsBroken/0/IQ/73DZF229TJBYXRVFLV2C2J.uasset" 3970
"/Game/__ExternalActors__/Mapa_MyMindIsBroken/0/JM/YMHIQAPZ380KQC8OQR1OOF" 3971
"../../../../../../MeuProjeto1/Content/__ExternalActors__/Mapa_MyMindIsBroken/0/JM/YMHIQAPZ380KQC8OQR1OOF.uasset" 3972
"/Game/__ExternalActors__/Mapa_MyMindIsBroken/0/K0/HP0USQ98IHM8OONG858J5G" 3973
"../../../../../../MeuProjeto1/Content/__ExternalActors__/Mapa_MyMindIsBroken/0/K0/HP0USQ98IHM8OONG858J5G.uasset" 3974
"/Game/__ExternalActors__/Mapa_MyMindIsBroken/0/K5/0DGYJZP49F299JDKHH44HO" 3975
"../../../../../../MeuProjeto1/Content/__ExternalActors__/Mapa_MyMindIsBroken/0/K5/0DGYJZP49F299JDKHH44HO.uasset" 3976
"/Game/__ExternalActors__/Mapa_MyMindIsBroken/0/Q8/O0CAZT8HACO6H1U0QFIUIA" 3977
"../../../../../../MeuProjeto1/Content/__ExternalActors__/Mapa_MyMindIsBroken/0/Q8/O0CAZT8HACO6H1U0QFIUIA.uasset" 3978
"/Game/__ExternalActors__/Mapa_MyMindIsBroken/0/QC/USII7HMQJVJYXGP6CBN6P0" 3979
"../../../../../../MeuProjeto1/Content/__ExternalActors__/Mapa_MyMindIsBroken/0/QC/USII7HMQJVJYXGP6CBN6P0.uasset" 3980
"/Game/__ExternalActors__/Mapa_MyMindIsBroken/0/QF/TUSR5EZLKHMD75WK5QHB80" 3981
"../../../../../../MeuProjeto1/Content/__ExternalActors__/Mapa_MyMindIsBroken/0/QF/TUSR5EZLKHMD75WK5QHB80.uasset" 3982
"/Game/__ExternalActors__/Mapa_MyMindIsBroken/1/0L/D5PCVD00MTGTSQYRE5KZB7" 3983
"../../../../../../MeuProjeto1/Content/__ExternalActors__/Mapa_MyMindIsBroken/1/0L/D5PCVD00MTGTSQYRE5KZB7.uasset" 3984
"/Game/__ExternalActors__/Mapa_MyMindIsBroken/1/1X/02XZXI89IICD483WS6CVDE" 3985
"../../../../../../MeuProjeto1/Content/__ExternalActors__/Mapa_MyMindIsBroken/1/1X/02XZXI89IICD483WS6CVDE.uasset" 3986
"/Game/__ExternalActors__/Mapa_MyMindIsBroken/1/4X/6WXRU4RLKKXWBI41ES8H6J" 3987
"../../../../../../MeuProjeto1/Content/__ExternalActors__/Mapa_MyMindIsBroken/1/4X/6WXRU4RLKKXWBI41ES8H6J.uasset" 3988
"/Game/__ExternalActors__/Mapa_MyMindIsBroken/1/84/F86LMHUPKQK9DQZCO9BCSV" 3989
"../../../../../../MeuProjeto1/Content/__ExternalActors__/Mapa_MyMindIsBroken/1/84/F86LMHUPKQK9DQZCO9BCSV.uasset" 3990
"/Game/__ExternalActors__/Mapa_MyMindIsBroken/1/87/W66VUVBLG51DEHC7INHKPX" 3991
"../../../../../../MeuProjeto1/Content/__ExternalActors__/Mapa_MyMindIsBroken/1/87/W66VUVBLG51DEHC7INHKPX.uasset" 3992
"/Game/__ExternalActors__/Mapa_MyMindIsBroken/1/FT/V64ZPV8K3L7LMYGW6IGF1Q" 3993
"../../../../../../MeuProjeto1/Content/__ExternalActors__/Mapa_MyMindIsBroken/1/FT/V64ZPV8K3L7LMYGW6IGF1Q.uasset" 3994
"/Game/__ExternalActors__/Mapa_MyMindIsBroken/1/G3/D5XM75GMI29SA6FXVN9EHV" 3995
"../../../../../../MeuProjeto1/Content/__ExternalActors__/Mapa_MyMindIsBroken/1/G3/D5XM75GMI29SA6FXVN9EHV.uasset" 3996
"/Game/__ExternalActors__/Mapa_MyMindIsBroken/1/GV/0LE2I1TF1U8EIDKR2870OU" 3997
"../../../../../../MeuProjeto1/Content/__ExternalActors__/Mapa_MyMindIsBroken/1/GV/0LE2I1TF1U8EIDKR2870OU.uasset" 3998
"/Game/__ExternalActors__/Mapa_MyMindIsBroken/1/I4/CRYHMJ61X8KDV7HG9NYN6L" 3999
"../../../../../../MeuProjeto1/Content/__ExternalActors__/Mapa_MyMindIsBroken/1/I4/CRYHMJ61X8KDV7HG9NYN6L.uasset" 4000
"/Game/__ExternalActors__/Mapa_MyMindIsBroken/1/IB/2P5PS0WN1ZIJH6Q4MDQVGQ" 4001
"../../../../../../MeuProjeto1/Content/__ExternalActors__/Mapa_MyMindIsBroken/1/IB/2P5PS0WN1ZIJH6Q4MDQVGQ.uasset" 4002
"/Game/__ExternalActors__/Mapa_MyMindIsBroken/1/Q2/QJJ1VL2DFERUI59XY4VH9D" 4003
"../../../../../../MeuProjeto1/Content/__ExternalActors__/Mapa_MyMindIsBroken/1/Q2/QJJ1VL2DFERUI59XY4VH9D.uasset" 4004
"/Game/__ExternalActors__/Mapa_MyMindIsBroken/1/SE/SGBMZIKG77LQ6PPG50GLX1" 4005
"../../../../../../MeuProjeto1/Content/__ExternalActors__/Mapa_MyMindIsBroken/1/SE/SGBMZIKG77LQ6PPG50GLX1.uasset" 4006
"/Game/__ExternalActors__/Mapa_MyMindIsBroken/1/TU/X24T6DAV6X6IQX15ZA1CYD" 4007
"../../../../../../MeuProjeto1/Content/__ExternalActors__/Mapa_MyMindIsBroken/1/TU/X24T6DAV6X6IQX15ZA1CYD.uasset" 4008
"/Game/__ExternalActors__/Mapa_MyMindIsBroken/1/UO/30VMUXS2CEG0IQ0GST117E" 4009
"../../../../../../MeuProjeto1/Content/__ExternalActors__/Mapa_MyMindIsBroken/1/UO/30VMUXS2CEG0IQ0GST117E.uasset" 4010
"/Game/__ExternalActors__/Mapa_MyMindIsBroken/1/XP/N6DHKIMBYQDFE5OC1W3BFD" 4011
"../../../../../../MeuProjeto1/Content/__ExternalActors__/Mapa_MyMindIsBroken/1/XP/N6DHKIMBYQDFE5OC1W3BFD.uasset" 4012
"/Game/__ExternalActors__/Mapa_MyMindIsBroken/1/YE/0OI0Q2T3H8TGXUHAB8N5JJ" 4013
"../../../../../../MeuProjeto1/Content/__ExternalActors__/Mapa_MyMindIsBroken/1/YE/0OI0Q2T3H8TGXUHAB8N5JJ.uasset" 4014
"/Game/__ExternalActors__/Mapa_MyMindIsBroken/1/ZQ/N312JSD9ACOZOI6BVN4UCA" 4015
"../../../../../../MeuProjeto1/Content/__ExternalActors__/Mapa_MyMindIsBroken/1/ZQ/N312JSD9ACOZOI6BVN4UCA.uasset" 4016
"../../../../../../MeuProjeto1/Content/Fab/Damage_Door/damage_door/StaticMeshes/damage_door.uasset" 4017
"../../../../../../MeuProjeto1/Content/Fab/Damage_Door/damage_door/Materials/Door_Material.uasset" 4018
"../../../../../../MeuProjeto1/Content/Fab/Damage_Door/damage_door/Textures/damage_door_texture_0.uasset" 4019
"../../../../../../MeuProjeto1/Content/Fab/Damage_Door/damage_door/Textures/damage_door_texture_1.uasset" 4020
"../../../../../../MeuProjeto1/Content/Fab/Damage_Door/damage_door/Textures/damage_door_texture_2.uasset" 4021
"../../../../../../MeuProjeto1/Content/Fab/Damage_Door/damage_door/Textures/damage_door_texture_3.uasset" 4022
"/Game/__ExternalActors__/Mapa_MyMindIsBroken/2/1M/3YWOTIZFOHL2AYG3XYZLQY" 4023
"../../../../../../MeuProjeto1/Content/__ExternalActors__/Mapa_MyMindIsBroken/2/1M/3YWOTIZFOHL2AYG3XYZLQY.uasset" 4024
"../../../Engine/Content/EngineSky/VolumetricClouds/m_SimpleVolumetricCloud_Inst.uasset" 4025
"../../../Engine/Content/EngineSky/VolumetricClouds/m_SimpleVolumetricCloud.uasset" 4026
"../../../Engine/Content/EngineSky/VolumetricClouds/T_CloudMask.uasset" 4027
"../../../Engine/Content/EngineSky/VolumetricClouds/T_CloudPattern.uasset" 4028
"../../../Engine/Content/EngineSky/VolumetricClouds/T_Profile_08.uasset" 4029
"../../../Engine/Content/EngineSky/VolumetricClouds/VT_PerlinWorley_Balanced.uasset" 4030
"../../../Engine/Content/Functions/Engine_MaterialFunctions01/Units/Km-to-Cm.uasset" 4031
"../../../Engine/Content/Functions/Engine_MaterialFunctions02/Utility/BreakOutFloat4Components.uasset" 4032
"../../../Engine/Content/Functions/Engine_MaterialFunctions02/Utility/MakeFloat4.uasset" 4033
"../../../Engine/Content/EngineSky/VolumetricClouds/VT_Lightning.uasset" 4034
"/Game/__ExternalActors__/Mapa_MyMindIsBroken/2/35/GB728FF1WY1B2I9YFCPIAZ" 4035
"../../../../../../MeuProjeto1/Content/__ExternalActors__/Mapa_MyMindIsBroken/2/35/GB728FF1WY1B2I9YFCPIAZ.uasset" 4036
"/Game/__ExternalActors__/Mapa_MyMindIsBroken/2/6O/SHVJVXFKBXTYNV8QSE0TVU" 4037
"../../../../../../MeuProjeto1/Content/__ExternalActors__/Mapa_MyMindIsBroken/2/6O/SHVJVXFKBXTYNV8QSE0TVU.uasset" 4038
"/Game/__ExternalActors__/Mapa_MyMindIsBroken/2/FO/CTX4WNFQT90FNTD06WJ2JH" 4039
"../../../../../../MeuProjeto1/Content/__ExternalActors__/Mapa_MyMindIsBroken/2/FO/CTX4WNFQT90FNTD06WJ2JH.uasset" 4040
"/Game/__ExternalActors__/Mapa_MyMindIsBroken/2/GR/8WWIF8MUGC5PJN7QS5PSYM" 4041
"../../../../../../MeuProjeto1/Content/__ExternalActors__/Mapa_MyMindIsBroken/2/GR/8WWIF8MUGC5PJN7QS5PSYM.uasset" 4042
"/Game/__ExternalActors__/Mapa_MyMindIsBroken/2/JC/ZCWPDFDNCGRUZBO3SHZJVU" 4043
"../../../../../../MeuProjeto1/Content/__ExternalActors__/Mapa_MyMindIsBroken/2/JC/ZCWPDFDNCGRUZBO3SHZJVU.uasset" 4044
"/Game/__ExternalActors__/Mapa_MyMindIsBroken/2/JX/FTG5XPFOTIP0R75T5XO21R" 4045
"../../../../../../MeuProjeto1/Content/__ExternalActors__/Mapa_MyMindIsBroken/2/JX/FTG5XPFOTIP0R75T5XO21R.uasset" 4046
"/Game/__ExternalActors__/Mapa_MyMindIsBroken/2/MG/OSGDF3Q6QG4PPNJY8GZWS7" 4047
"../../../../../../MeuProjeto1/Content/__ExternalActors__/Mapa_MyMindIsBroken/2/MG/OSGDF3Q6QG4PPNJY8GZWS7.uasset" 4048
"/Game/__ExternalActors__/Mapa_MyMindIsBroken/2/T8/PUIWNMGVCAVB1L4QFE725H" 4049
"../../../../../../MeuProjeto1/Content/__ExternalActors__/Mapa_MyMindIsBroken/2/T8/PUIWNMGVCAVB1L4QFE725H.uasset" 4050
"/Game/__ExternalActors__/Mapa_MyMindIsBroken/2/U3/60DN8O1HJSOIHEYP6MOI72" 4051
"../../../../../../MeuProjeto1/Content/__ExternalActors__/Mapa_MyMindIsBroken/2/U3/60DN8O1HJSOIHEYP6MOI72.uasset" 4052
"/Game/__ExternalActors__/Mapa_MyMindIsBroken/2/ZQ/NU3O4G8FBSKDCNRNJAURJL" 4053
"../../../../../../MeuProjeto1/Content/__ExternalActors__/Mapa_MyMindIsBroken/2/ZQ/NU3O4G8FBSKDCNRNJAURJL.uasset" 4054
"/Game/__ExternalActors__/Mapa_MyMindIsBroken/3/5N/BRYCNNOU0W7MQ9YI8DOCHB" 4055
"../../../../../../MeuProjeto1/Content/__ExternalActors__/Mapa_MyMindIsBroken/3/5N/BRYCNNOU0W7MQ9YI8DOCHB.uasset" 4056
"/Game/__ExternalActors__/Mapa_MyMindIsBroken/3/5P/RHNVGZ6LP9QO4RRADNOBXC" 4057
"../../../../../../MeuProjeto1/Content/__ExternalActors__/Mapa_MyMindIsBroken/3/5P/RHNVGZ6LP9QO4RRADNOBXC.uasset" 4058
"/Game/__ExternalActors__/Mapa_MyMindIsBroken/3/63/VVC7DJ2WLEZAB7ODQ6HOQW" 4059
"../../../../../../MeuProjeto1/Content/__ExternalActors__/Mapa_MyMindIsBroken/3/63/VVC7DJ2WLEZAB7ODQ6HOQW.uasset" 4060
"/Game/__ExternalActors__/Mapa_MyMindIsBroken/3/7V/OWCN6JVQK8050907NW4TW5" 4061
"../../../../../../MeuProjeto1/Content/__ExternalActors__/Mapa_MyMindIsBroken/3/7V/OWCN6JVQK8050907NW4TW5.uasset" 4062
"/Game/__ExternalActors__/Mapa_MyMindIsBroken/3/BJ/1D387NNFWDCTVNAR2S60NR" 4063
"../../../../../../MeuProjeto1/Content/__ExternalActors__/Mapa_MyMindIsBroken/3/BJ/1D387NNFWDCTVNAR2S60NR.uasset" 4064
"/Game/__ExternalActors__/Mapa_MyMindIsBroken/3/BO/5YD0CIC6W974NAX9B6KEZ8" 4065
"../../../../../../MeuProjeto1/Content/__ExternalActors__/Mapa_MyMindIsBroken/3/BO/5YD0CIC6W974NAX9B6KEZ8.uasset" 4066
"/Game/__ExternalActors__/Mapa_MyMindIsBroken/3/IB/76T6Z80HZT9GYZQUWO2OTJ" 4067
"../../../../../../MeuProjeto1/Content/__ExternalActors__/Mapa_MyMindIsBroken/3/IB/76T6Z80HZT9GYZQUWO2OTJ.uasset" 4068
"/Game/__ExternalActors__/Mapa_MyMindIsBroken/3/IH/EJCTC1KHW16WY4G617165V" 4069
"../../../../../../MeuProjeto1/Content/__ExternalActors__/Mapa_MyMindIsBroken/3/IH/EJCTC1KHW16WY4G617165V.uasset" 4070
"/Game/__ExternalActors__/Mapa_MyMindIsBroken/3/K4/4ZGSC3UC4D65973J6IPXHU" 4071
"../../../../../../MeuProjeto1/Content/__ExternalActors__/Mapa_MyMindIsBroken/3/K4/4ZGSC3UC4D65973J6IPXHU.uasset" 4072
"/Game/__ExternalActors__/Mapa_MyMindIsBroken/3/M2/0Q3C0VGDMXVFTSFTYCX3U8" 4073
"../../../../../../MeuProjeto1/Content/__ExternalActors__/Mapa_MyMindIsBroken/3/M2/0Q3C0VGDMXVFTSFTYCX3U8.uasset" 4074
"/Game/__ExternalActors__/Mapa_MyMindIsBroken/3/N0/H36GW3UWHA6FNYC2U694JO" 4075
"../../../../../../MeuProjeto1/Content/__ExternalActors__/Mapa_MyMindIsBroken/3/N0/H36GW3UWHA6FNYC2U694JO.uasset" 4076
"/Game/__ExternalActors__/Mapa_MyMindIsBroken/3/RC/D8Z72AHYDSPOBDBSBRN1LP" 4077
"../../../../../../MeuProjeto1/Content/__ExternalActors__/Mapa_MyMindIsBroken/3/RC/D8Z72AHYDSPOBDBSBRN1LP.uasset" 4078
"/Game/__ExternalActors__/Mapa_MyMindIsBroken/3/SQ/TFOBG7BA7Y020VQE9FK5DE" 4079
"../../../../../../MeuProjeto1/Content/__ExternalActors__/Mapa_MyMindIsBroken/3/SQ/TFOBG7BA7Y020VQE9FK5DE.uasset" 4080
"../../../../../../MeuProjeto1/Content/Colecionaveis/BP_Estante.uasset" 4081
"../../../Engine/Content/EditorBlueprintResources/StandardMacros.uasset" 4082
"../../../../../../MeuProjeto1/Content/armario.uasset" 4083
"../../../../../../MeuProjeto1/Content/gaveta1_001.uasset" 4084
"../../../../../../MeuProjeto1/Content/Material.uasset" 4085
"../../../../../../MeuProjeto1/Content/Materiais_003.uasset" 4086
"../../Plugins/Interchange/Assets/Content/Materials/FBXLegacyPhongSurfaceMaterial.uasset" 4087
"../../../Engine/Content/Functions/Engine_MaterialFunctions03/Procedurals/NormalFromHeightmap.uasset" 4088
"../../Plugins/Interchange/Assets/Content/Functions/MF_PhongToMetalRoughness.uasset" 4089
"../../../Engine/Content/EngineMaterials/DefaultNormal.uasset" 4090
"/Game/__ExternalActors__/Mapa_MyMindIsBroken/3/TR/IYD881AD99LTEY8SZEELD4" 4091
"../../../../../../MeuProjeto1/Content/__ExternalActors__/Mapa_MyMindIsBroken/3/TR/IYD881AD99LTEY8SZEELD4.uasset" 4092
"/Game/__ExternalActors__/Mapa_MyMindIsBroken/3/U6/FH9QZSXSQPVOZ77N4SMVA5" 4093
"../../../../../../MeuProjeto1/Content/__ExternalActors__/Mapa_MyMindIsBroken/3/U6/FH9QZSXSQPVOZ77N4SMVA5.uasset" 4094
"/Game/__ExternalActors__/Mapa_MyMindIsBroken/3/U7/45MYPL6RXWOUAAOZB3K2VR" 4095
"../../../../../../MeuProjeto1/Content/__ExternalActors__/Mapa_MyMindIsBroken/3/U7/45MYPL6RXWOUAAOZB3K2VR.uasset" 4096
"/Game/__ExternalActors__/Mapa_MyMindIsBroken/3/VA/LEV5GMEK42M98WODDX87FT" 4097
"../../../../../../MeuProjeto1/Content/__ExternalActors__/Mapa_MyMindIsBroken/3/VA/LEV5GMEK42M98WODDX87FT.uasset" 4098
"/Game/__ExternalActors__/Mapa_MyMindIsBroken/3/WF/0OC57FENI9IEGW9NO8QCF4" 4099
"../../../../../../MeuProjeto1/Content/__ExternalActors__/Mapa_MyMindIsBroken/3/WF/0OC57FENI9IEGW9NO8QCF4.uasset" 4100
"/Game/__ExternalActors__/Mapa_MyMindIsBroken/3/WX/Q9A1O5XHW5GZYDJA97878J" 4101
"../../../../../../MeuProjeto1/Content/__ExternalActors__/Mapa_MyMindIsBroken/3/WX/Q9A1O5XHW5GZYDJA97878J.uasset" 4102
"/Game/__ExternalActors__/Mapa_MyMindIsBroken/3/ZU/JR4IE7011BOWYY2OINW0R8" 4103
"../../../../../../MeuProjeto1/Content/__ExternalActors__/Mapa_MyMindIsBroken/3/ZU/JR4IE7011BOWYY2OINW0R8.uasset" 4104
"/Game/__ExternalActors__/Mapa_MyMindIsBroken/4/0Q/8YQ5U0O4IRO5W0CU7GXSKV" 4105
"../../../../../../MeuProjeto1/Content/__ExternalActors__/Mapa_MyMindIsBroken/4/0Q/8YQ5U0O4IRO5W0CU7GXSKV.uasset" 4106
"/Game/__ExternalActors__/Mapa_MyMindIsBroken/4/38/TQU7DJM318O65A30G9DIBL" 4107
"../../../../../../MeuProjeto1/Content/__ExternalActors__/Mapa_MyMindIsBroken/4/38/TQU7DJM318O65A30G9DIBL.uasset" 4108
"/Game/__ExternalActors__/Mapa_MyMindIsBroken/4/3K/SOHITJIOL1JCNIM5ZW4GTM" 4109
"../../../../../../MeuProjeto1/Content/__ExternalActors__/Mapa_MyMindIsBroken/4/3K/SOHITJIOL1JCNIM5ZW4GTM.uasset" 4110
"/Game/__ExternalActors__/Mapa_MyMindIsBroken/4/4E/GCQ5BUU6ALDKFSKWOFQKC3" 4111
"../../../../../../MeuProjeto1/Content/__ExternalActors__/Mapa_MyMindIsBroken/4/4E/GCQ5BUU6ALDKFSKWOFQKC3.uasset" 4112
"/Game/__ExternalActors__/Mapa_MyMindIsBroken/4/7C/TAPIQX9P74E37UVT7W5WJR" 4113
"../../../../../../MeuProjeto1/Content/__ExternalActors__/Mapa_MyMindIsBroken/4/7C/TAPIQX9P74E37UVT7W5WJR.uasset" 4114
"/Game/__ExternalActors__/Mapa_MyMindIsBroken/4/7K/IIEKHYY884L7JWVMB2PF19" 4115
"../../../../../../MeuProjeto1/Content/__ExternalActors__/Mapa_MyMindIsBroken/4/7K/IIEKHYY884L7JWVMB2PF19.uasset" 4116
"/Game/__ExternalActors__/Mapa_MyMindIsBroken/4/8M/GTXC64NQRNDH21J9E0I34L" 4117
"../../../../../../MeuProjeto1/Content/__ExternalActors__/Mapa_MyMindIsBroken/4/8M/GTXC64NQRNDH21J9E0I34L.uasset" 4118
"/Game/__ExternalActors__/Mapa_MyMindIsBroken/4/CK/S97STAKT3CYNRJUX68E1WV" 4119
"../../../../../../MeuProjeto1/Content/__ExternalActors__/Mapa_MyMindIsBroken/4/CK/S97STAKT3CYNRJUX68E1WV.uasset" 4120
"/Game/__ExternalActors__/Mapa_MyMindIsBroken/4/CO/PVQNUL95WH0QCVNHF90MLI" 4121
"../../../../../../MeuProjeto1/Content/__ExternalActors__/Mapa_MyMindIsBroken/4/CO/PVQNUL95WH0QCVNHF90MLI.uasset" 4122
"/Game/__ExternalActors__/Mapa_MyMindIsBroken/4/E3/45ATO2EA1IGQECVOAPVTAK" 4123
"../../../../../../MeuProjeto1/Content/__ExternalActors__/Mapa_MyMindIsBroken/4/E3/45ATO2EA1IGQECVOAPVTAK.uasset" 4124
"/Game/__ExternalActors__/Mapa_MyMindIsBroken/4/ER/XKHZP7CCG3Y2L5RR5CKTN6" 4125
"../../../../../../MeuProjeto1/Content/__ExternalActors__/Mapa_MyMindIsBroken/4/ER/XKHZP7CCG3Y2L5RR5CKTN6.uasset" 4126
"/Game/__ExternalActors__/Mapa_MyMindIsBroken/4/F6/KT0SQT5S5IAFY0PME3A8R0" 4127
"../../../../../../MeuProjeto1/Content/__ExternalActors__/Mapa_MyMindIsBroken/4/F6/KT0SQT5S5IAFY0PME3A8R0.uasset" 4128
"/Game/__ExternalActors__/Mapa_MyMindIsBroken/4/FO/EQGUCK2HEPRIKYQYJAIQNE" 4129
"../../../../../../MeuProjeto1/Content/__ExternalActors__/Mapa_MyMindIsBroken/4/FO/EQGUCK2HEPRIKYQYJAIQNE.uasset" 4130
"/Game/__ExternalActors__/Mapa_MyMindIsBroken/4/I8/ZFEHIRYUAV636AVGP70Y3K" 4131
"../../../../../../MeuProjeto1/Content/__ExternalActors__/Mapa_MyMindIsBroken/4/I8/ZFEHIRYUAV636AVGP70Y3K.uasset" 4132
"/Game/__ExternalActors__/Mapa_MyMindIsBroken/4/IT/D3U1HRG116S1NWRTOIC0F3" 4133
"../../../../../../MeuProjeto1/Content/__ExternalActors__/Mapa_MyMindIsBroken/4/IT/D3U1HRG116S1NWRTOIC0F3.uasset" 4134
"/Game/__ExternalActors__/Mapa_MyMindIsBroken/4/JP/4QRUUE5DW2Z1ZF6F81H99X" 4135
"../../../../../../MeuProjeto1/Content/__ExternalActors__/Mapa_MyMindIsBroken/4/JP/4QRUUE5DW2Z1ZF6F81H99X.uasset" 4136
"/Game/__ExternalActors__/Mapa_MyMindIsBroken/4/ME/YU7BL8VV89DDGKT329100M" 4137
"../../../../../../MeuProjeto1/Content/__ExternalActors__/Mapa_MyMindIsBroken/4/ME/YU7BL8VV89DDGKT329100M.uasset" 4138
"/Game/__ExternalActors__/Mapa_MyMindIsBroken/4/MU/MQ533IMB0PZ1M133AMON5D" 4139
"../../../../../../MeuProjeto1/Content/__ExternalActors__/Mapa_MyMindIsBroken/4/MU/MQ533IMB0PZ1M133AMON5D.uasset" 4140
"/Game/__ExternalActors__/Mapa_MyMindIsBroken/4/Q2/A36WRYTJP1FD2BGTY1AM1Q" 4141
"../../../../../../MeuProjeto1/Content/__ExternalActors__/Mapa_MyMindIsBroken/4/Q2/A36WRYTJP1FD2BGTY1AM1Q.uasset" 4142
"/Game/__ExternalActors__/Mapa_MyMindIsBroken/4/SB/W2Y57H6ZU355B9HYVHEIVN" 4143
"../../../../../../MeuProjeto1/Content/__ExternalActors__/Mapa_MyMindIsBroken/4/SB/W2Y57H6ZU355B9HYVHEIVN.uasset" 4144
"/Game/__ExternalActors__/Mapa_MyMindIsBroken/4/ST/T8M1Z4IRPREX0DH1LFZMQV" 4145
"../../../../../../MeuProjeto1/Content/__ExternalActors__/Mapa_MyMindIsBroken/4/ST/T8M1Z4IRPREX0DH1LFZMQV.uasset" 4146
"../../../Engine/Content/EngineSky/M_SimpleSkyDome.uasset" 4147
"../../../Engine/Content/EngineSky/SM_SkySphere.uasset" 4148
"../../../Engine/Content/EngineSky/M_Sky_Panning_Clouds2.uasset" 4149
"../../../Engine/Content/EngineSky/T_Sky_Blue.uasset" 4150
"../../../Engine/Content/EngineSky/T_Sky_Clouds_M.uasset" 4151
"../../../Engine/Content/EngineSky/T_Sky_Stars.uasset" 4152
"/Game/__ExternalActors__/Mapa_MyMindIsBroken/4/TI/EC52BN35HB1VT08KDCBS7N" 4153
"../../../../../../MeuProjeto1/Content/__ExternalActors__/Mapa_MyMindIsBroken/4/TI/EC52BN35HB1VT08KDCBS7N.uasset" 4154
"/Game/__ExternalActors__/Mapa_MyMindIsBroken/4/TU/R3Q7Q0VICF32W5BFWUAC0H" 4155
"../../../../../../MeuProjeto1/Content/__ExternalActors__/Mapa_MyMindIsBroken/4/TU/R3Q7Q0VICF32W5BFWUAC0H.uasset" 4156
"/Game/__ExternalActors__/Mapa_MyMindIsBroken/4/UK/CC1AR5DNMKMNAE508J9NFO" 4157
"../../../../../../MeuProjeto1/Content/__ExternalActors__/Mapa_MyMindIsBroken/4/UK/CC1AR5DNMKMNAE508J9NFO.uasset" 4158
"/Game/__ExternalActors__/Mapa_MyMindIsBroken/4/X3/QNDD9NJV0IERG6VEWXMFG8" 4159
"../../../../../../MeuProjeto1/Content/__ExternalActors__/Mapa_MyMindIsBroken/4/X3/QNDD9NJV0IERG6VEWXMFG8.uasset" 4160
"/Game/__ExternalActors__/Mapa_MyMindIsBroken/4/XG/DOXD8OIG010K321R1CZ1ZT" 4161
"../../../../../../MeuProjeto1/Content/__ExternalActors__/Mapa_MyMindIsBroken/4/XG/DOXD8OIG010K321R1CZ1ZT.uasset" 4162
"/Game/__ExternalActors__/Mapa_MyMindIsBroken/4/Y7/0AM873MABLWMH9Y7DISFC1" 4163
"../../../../../../MeuProjeto1/Content/__ExternalActors__/Mapa_MyMindIsBroken/4/Y7/0AM873MABLWMH9Y7DISFC1.uasset" 4164
"/Game/__ExternalActors__/Mapa_MyMindIsBroken/4/YM/TBOW2R6W3FGBW5BZHIIFR0" 4165
"../../../../../../MeuProjeto1/Content/__ExternalActors__/Mapa_MyMindIsBroken/4/YM/TBOW2R6W3FGBW5BZHIIFR0.uasset" 4166
"/Game/__ExternalActors__/Mapa_MyMindIsBroken/4/ZZ/ER8M3FHO94G5PG7HJPVK9B" 4167
"../../../../../../MeuProjeto1/Content/__ExternalActors__/Mapa_MyMindIsBroken/4/ZZ/ER8M3FHO94G5PG7HJPVK9B.uasset" 4168
"/Game/__ExternalActors__/Mapa_MyMindIsBroken/5/8O/CDNWMPDL46T8EZALOK76B7" 4169
"../../../../../../MeuProjeto1/Content/__ExternalActors__/Mapa_MyMindIsBroken/5/8O/CDNWMPDL46T8EZALOK76B7.uasset" 4170
"/Game/__ExternalActors__/Mapa_MyMindIsBroken/5/9N/05T1YPA97GYLKNJUI611BY" 4171
"../../../../../../MeuProjeto1/Content/__ExternalActors__/Mapa_MyMindIsBroken/5/9N/05T1YPA97GYLKNJUI611BY.uasset" 4172
"/Game/__ExternalActors__/Mapa_MyMindIsBroken/5/BH/7CU6305Z6K5DMA6XS1UTUQ" 4173
"../../../../../../MeuProjeto1/Content/__ExternalActors__/Mapa_MyMindIsBroken/5/BH/7CU6305Z6K5DMA6XS1UTUQ.uasset" 4174
"/Game/__ExternalActors__/Mapa_MyMindIsBroken/5/DJ/MUXUG2V5RNMT7IMKQHXWH5" 4175
"../../../../../../MeuProjeto1/Content/__ExternalActors__/Mapa_MyMindIsBroken/5/DJ/MUXUG2V5RNMT7IMKQHXWH5.uasset" 4176
"/Game/__ExternalActors__/Mapa_MyMindIsBroken/5/DL/8057MET5ND7P6GEJ6SK7YO" 4177
"../../../../../../MeuProjeto1/Content/__ExternalActors__/Mapa_MyMindIsBroken/5/DL/8057MET5ND7P6GEJ6SK7YO.uasset" 4178
"/Game/__ExternalActors__/Mapa_MyMindIsBroken/5/DQ/FZBLPU284HFCMSHO4FB0AV" 4179
"../../../../../../MeuProjeto1/Content/__ExternalActors__/Mapa_MyMindIsBroken/5/DQ/FZBLPU284HFCMSHO4FB0AV.uasset" 4180
"/Game/__ExternalActors__/Mapa_MyMindIsBroken/5/HK/9T922TXJKMGJXEXFF0EYQG" 4181
"../../../../../../MeuProjeto1/Content/__ExternalActors__/Mapa_MyMindIsBroken/5/HK/9T922TXJKMGJXEXFF0EYQG.uasset" 4182
"/Game/__ExternalActors__/Mapa_MyMindIsBroken/5/HU/3OPMG0BZ7LLSVPMYD35ZX7" 4183
"../../../../../../MeuProjeto1/Content/__ExternalActors__/Mapa_MyMindIsBroken/5/HU/3OPMG0BZ7LLSVPMYD35ZX7.uasset" 4184
"/Game/__ExternalActors__/Mapa_MyMindIsBroken/5/OR/UOA4GJJ9WGIVX1Q01NWL2U" 4185
"../../../../../../MeuProjeto1/Content/__ExternalActors__/Mapa_MyMindIsBroken/5/OR/UOA4GJJ9WGIVX1Q01NWL2U.uasset" 4186
"/Game/__ExternalActors__/Mapa_MyMindIsBroken/5/RY/IYKQVQNKUARX7HZU6JAX5W" 4187
"../../../../../../MeuProjeto1/Content/__ExternalActors__/Mapa_MyMindIsBroken/5/RY/IYKQVQNKUARX7HZU6JAX5W.uasset" 4188
"/Game/__ExternalActors__/Mapa_MyMindIsBroken/5/TD/SE9YRMZ8O3Q2TR0HWFK2NN" 4189
"../../../../../../MeuProjeto1/Content/__ExternalActors__/Mapa_MyMindIsBroken/5/TD/SE9YRMZ8O3Q2TR0HWFK2NN.uasset" 4190
"/Game/__ExternalActors__/Mapa_MyMindIsBroken/5/TK/NDRD16302DQUO0VPBMB0IN" 4191
"../../../../../../MeuProjeto1/Content/__ExternalActors__/Mapa_MyMindIsBroken/5/TK/NDRD16302DQUO0VPBMB0IN.uasset" 4192
"/Game/__ExternalActors__/Mapa_MyMindIsBroken/5/UJ/RHGSLGOW4AUD8HIM1CQJF2" 4193
"../../../../../../MeuProjeto1/Content/__ExternalActors__/Mapa_MyMindIsBroken/5/UJ/RHGSLGOW4AUD8HIM1CQJF2.uasset" 4194
"/Game/__ExternalActors__/Mapa_MyMindIsBroken/6/13/LNW6V122MSPHG8BJ8C0XQN" 4195
"../../../../../../MeuProjeto1/Content/__ExternalActors__/Mapa_MyMindIsBroken/6/13/LNW6V122MSPHG8BJ8C0XQN.uasset" 4196
"/Game/__ExternalActors__/Mapa_MyMindIsBroken/6/1B/GTPBDNRSMG5DT8X9SSVQ70" 4197
"../../../../../../MeuProjeto1/Content/__ExternalActors__/Mapa_MyMindIsBroken/6/1B/GTPBDNRSMG5DT8X9SSVQ70.uasset" 4198
"/Game/__ExternalActors__/Mapa_MyMindIsBroken/6/2G/44J0EF350RXPZLEGJ6V4WA" 4199
"../../../../../../MeuProjeto1/Content/__ExternalActors__/Mapa_MyMindIsBroken/6/2G/44J0EF350RXPZLEGJ6V4WA.uasset" 4200
"/Game/__ExternalActors__/Mapa_MyMindIsBroken/6/3F/UBIWGNENFB63HTGY8IC3CJ" 4201
"../../../../../../MeuProjeto1/Content/__ExternalActors__/Mapa_MyMindIsBroken/6/3F/UBIWGNENFB63HTGY8IC3CJ.uasset" 4202
"/Game/__ExternalActors__/Mapa_MyMindIsBroken/6/7S/83IE8847Y451Y2TOG2734S" 4203
"../../../../../../MeuProjeto1/Content/__ExternalActors__/Mapa_MyMindIsBroken/6/7S/83IE8847Y451Y2TOG2734S.uasset" 4204
"/Game/__ExternalActors__/Mapa_MyMindIsBroken/6/91/8RR1I6B4HHDFYLV2QDPGTM" 4205
"../../../../../../MeuProjeto1/Content/__ExternalActors__/Mapa_MyMindIsBroken/6/91/8RR1I6B4HHDFYLV2QDPGTM.uasset" 4206
"/Game/__ExternalActors__/Mapa_MyMindIsBroken/6/B9/RJR1SIVIJFN8SHJ985FF2T" 4207
"../../../../../../MeuProjeto1/Content/__ExternalActors__/Mapa_MyMindIsBroken/6/B9/RJR1SIVIJFN8SHJ985FF2T.uasset" 4208
"/Game/__ExternalActors__/Mapa_MyMindIsBroken/6/BJ/HM4KGTCRUQTGVFT8UN6IE1" 4209
"../../../../../../MeuProjeto1/Content/__ExternalActors__/Mapa_MyMindIsBroken/6/BJ/HM4KGTCRUQTGVFT8UN6IE1.uasset" 4210
"/Game/__ExternalActors__/Mapa_MyMindIsBroken/6/D9/2QI1SX1W0ASDOEAUQRRTJI" 4211
"../../../../../../MeuProjeto1/Content/__ExternalActors__/Mapa_MyMindIsBroken/6/D9/2QI1SX1W0ASDOEAUQRRTJI.uasset" 4212
"/Game/__ExternalActors__/Mapa_MyMindIsBroken/6/DI/QLMARNMFUOV9IIL9Y4SZV3" 4213
"../../../../../../MeuProjeto1/Content/__ExternalActors__/Mapa_MyMindIsBroken/6/DI/QLMARNMFUOV9IIL9Y4SZV3.uasset" 4214
"/Game/__ExternalActors__/Mapa_MyMindIsBroken/6/K2/J760GAGKZWIO88DMW00HJL" 4215
"../../../../../../MeuProjeto1/Content/__ExternalActors__/Mapa_MyMindIsBroken/6/K2/J760GAGKZWIO88DMW00HJL.uasset" 4216
"/Game/__ExternalActors__/Mapa_MyMindIsBroken/6/KK/5553ZADFC0LFMFY22GJR9D" 4217
"../../../../../../MeuProjeto1/Content/__ExternalActors__/Mapa_MyMindIsBroken/6/KK/5553ZADFC0LFMFY22GJR9D.uasset" 4218
"/Game/__ExternalActors__/Mapa_MyMindIsBroken/6/LI/L4QFGDVKDF9JBDQ9XXKEJ0" 4219
"../../../../../../MeuProjeto1/Content/__ExternalActors__/Mapa_MyMindIsBroken/6/LI/L4QFGDVKDF9JBDQ9XXKEJ0.uasset" 4220
"/Game/__ExternalActors__/Mapa_MyMindIsBroken/6/LN/PK10OV43PZCGBXBZTBENQ9" 4221
"../../../../../../MeuProjeto1/Content/__ExternalActors__/Mapa_MyMindIsBroken/6/LN/PK10OV43PZCGBXBZTBENQ9.uasset" 4222
"/Game/__ExternalActors__/Mapa_MyMindIsBroken/6/P6/IIW908PRXB3EXKCJRNP2ZK" 4223
"../../../../../../MeuProjeto1/Content/__ExternalActors__/Mapa_MyMindIsBroken/6/P6/IIW908PRXB3EXKCJRNP2ZK.uasset" 4224
"/Game/__ExternalActors__/Mapa_MyMindIsBroken/6/PR/P2Z9YBXT4TS43SO2YRH9SP" 4225
"../../../../../../MeuProjeto1/Content/__ExternalActors__/Mapa_MyMindIsBroken/6/PR/P2Z9YBXT4TS43SO2YRH9SP.uasset" 4226
"/Game/__ExternalActors__/Mapa_MyMindIsBroken/6/T2/Y3DLB7GCMZPH69WQ836JKH" 4227
"../../../../../../MeuProjeto1/Content/__ExternalActors__/Mapa_MyMindIsBroken/6/T2/Y3DLB7GCMZPH69WQ836JKH.uasset" 4228
"/Game/__ExternalActors__/Mapa_MyMindIsBroken/6/UG/NQ6EYFZPUYY22XYZWAR851" 4229
"../../../../../../MeuProjeto1/Content/__ExternalActors__/Mapa_MyMindIsBroken/6/UG/NQ6EYFZPUYY22XYZWAR851.uasset" 4230
"../../../../../../MeuProjeto1/Content/Colecionaveis/BP_ItemInterativo_Cura.uasset" 4231
"../../../../../../MeuProjeto1/Content/Colecionaveis/BP_ItemInterativo_Pai.uasset" 4232
"../../../../../../MeuProjeto1/Content/Fab/Mona_Lisa/monalisa/StaticMeshes/monalisa.uasset" 4233
"../../../../../../MeuProjeto1/Content/Fab/Mona_Lisa/monalisa/Materials/Materiais.uasset" 4234
"../../../../../../MeuProjeto1/Content/Fab/Mona_Lisa/monalisa/Materials/Materiais_001.uasset" 4235
"../../../../../../MeuProjeto1/Content/Fab/Mona_Lisa/monalisa/Materials/Materiais_002.uasset" 4236
"../../../../../../MeuProjeto1/Content/Fab/Mona_Lisa/monalisa/Textures/Captura_de_tela_2026-06-08_165331.uasset" 4237
"../../../../../../MeuProjeto1/Content/Fab/Mona_Lisa/monalisa/Textures/Wood025_2K-JPG_Color.uasset" 4238
"../../../../../../MeuProjeto1/Content/Fab/Mona_Lisa/monalisa/Textures/Wood025_2K-JPG_NormalGL.uasset" 4239
"../../../../../../MeuProjeto1/Content/Fab/Mona_Lisa/monalisa/Textures/Wood025_2K-JPG_Roughness.uasset" 4240
"/Game/__ExternalActors__/Mapa_MyMindIsBroken/6/Y1/DKDHB82ABQT8TNMV4122VV" 4241
"../../../../../../MeuProjeto1/Content/__ExternalActors__/Mapa_MyMindIsBroken/6/Y1/DKDHB82ABQT8TNMV4122VV.uasset" 4242
"/Game/__ExternalActors__/Mapa_MyMindIsBroken/6/YL/F1VLCG0J2F6D20UZY3NCO8" 4243
"../../../../../../MeuProjeto1/Content/__ExternalActors__/Mapa_MyMindIsBroken/6/YL/F1VLCG0J2F6D20UZY3NCO8.uasset" 4244
"/Game/__ExternalActors__/Mapa_MyMindIsBroken/6/Z7/CHKG0A9AD2I15GUUR8JRSP" 4245
"../../../../../../MeuProjeto1/Content/__ExternalActors__/Mapa_MyMindIsBroken/6/Z7/CHKG0A9AD2I15GUUR8JRSP.uasset" 4246
"../../../../../../MeuProjeto1/Content/Fab/PSX_Washing_Machine/Texture__jpg_Mat.uasset" 4247
"../../../../../../MeuProjeto1/Content/Fab/PSX_Washing_Machine/PSX_Washing_Machine.uasset" 4248
"../../../../../../MeuProjeto1/Content/Fab/PSX_Washing_Machine/Texture__jpg.uasset" 4249
"../../../../../../MeuProjeto1/Content/Fab/PSX_Washing_Machine/Texture.uasset" 4250
"/Game/__ExternalActors__/Mapa_MyMindIsBroken/7/46/CUI6OA0DYVSOJ2MGAHLK7Z" 4251
"../../../../../../MeuProjeto1/Content/__ExternalActors__/Mapa_MyMindIsBroken/7/46/CUI6OA0DYVSOJ2MGAHLK7Z.uasset" 4252
"/Game/__ExternalActors__/Mapa_MyMindIsBroken/7/55/9XEP1W297EZGH9AMN4S3JB" 4253
"../../../../../../MeuProjeto1/Content/__ExternalActors__/Mapa_MyMindIsBroken/7/55/9XEP1W297EZGH9AMN4S3JB.uasset" 4254
"/Game/__ExternalActors__/Mapa_MyMindIsBroken/7/9G/R0WNP6PS8G0AJYNB38HMO4" 4255
"../../../../../../MeuProjeto1/Content/__ExternalActors__/Mapa_MyMindIsBroken/7/9G/R0WNP6PS8G0AJYNB38HMO4.uasset" 4256
"/Game/__ExternalActors__/Mapa_MyMindIsBroken/7/C2/VGPP0I1MR50WF0MO54MD74" 4257
"../../../../../../MeuProjeto1/Content/__ExternalActors__/Mapa_MyMindIsBroken/7/C2/VGPP0I1MR50WF0MO54MD74.uasset" 4258
"/Game/__ExternalActors__/Mapa_MyMindIsBroken/7/D6/M4G87YBTWLUAAZFO41UXB5" 4259
"../../../../../../MeuProjeto1/Content/__ExternalActors__/Mapa_MyMindIsBroken/7/D6/M4G87YBTWLUAAZFO41UXB5.uasset" 4260
"/Game/__ExternalActors__/Mapa_MyMindIsBroken/7/DT/FGU94KUJFYS2TQ3L81BT06" 4261
"../../../../../../MeuProjeto1/Content/__ExternalActors__/Mapa_MyMindIsBroken/7/DT/FGU94KUJFYS2TQ3L81BT06.uasset" 4262
"/Game/__ExternalActors__/Mapa_MyMindIsBroken/7/JT/29OSM93ID01KIHAHIBTK50" 4263
"../../../../../../MeuProjeto1/Content/__ExternalActors__/Mapa_MyMindIsBroken/7/JT/29OSM93ID01KIHAHIBTK50.uasset" 4264
"/Game/__ExternalActors__/Mapa_MyMindIsBroken/7/LF/SHYCUX4ZAGGF35BT0LTSGR" 4265
"../../../../../../MeuProjeto1/Content/__ExternalActors__/Mapa_MyMindIsBroken/7/LF/SHYCUX4ZAGGF35BT0LTSGR.uasset" 4266
"/Game/__ExternalActors__/Mapa_MyMindIsBroken/7/NE/2L1WRB0WF3NIOIUOLKGPJY" 4267
"../../../../../../MeuProjeto1/Content/__ExternalActors__/Mapa_MyMindIsBroken/7/NE/2L1WRB0WF3NIOIUOLKGPJY.uasset" 4268
"/Game/__ExternalActors__/Mapa_MyMindIsBroken/7/R6/IT5UWRMCA7PHMTY59Y232O" 4269
"../../../../../../MeuProjeto1/Content/__ExternalActors__/Mapa_MyMindIsBroken/7/R6/IT5UWRMCA7PHMTY59Y232O.uasset" 4270
"/Game/__ExternalActors__/Mapa_MyMindIsBroken/7/UF/PFWJG8HRSI2TZ1VXY7LZMS" 4271
"../../../../../../MeuProjeto1/Content/__ExternalActors__/Mapa_MyMindIsBroken/7/UF/PFWJG8HRSI2TZ1VXY7LZMS.uasset" 4272
"/Game/__ExternalActors__/Mapa_MyMindIsBroken/7/UY/PZ9F4UMYNF1KB9DNKZYN7H" 4273
"../../../../../../MeuProjeto1/Content/__ExternalActors__/Mapa_MyMindIsBroken/7/UY/PZ9F4UMYNF1KB9DNKZYN7H.uasset" 4274
"/Game/__ExternalActors__/Mapa_MyMindIsBroken/7/VB/ZGMW6ZPIMC03WWRJBUBXVS" 4275
"../../../../../../MeuProjeto1/Content/__ExternalActors__/Mapa_MyMindIsBroken/7/VB/ZGMW6ZPIMC03WWRJBUBXVS.uasset" 4276
"/Game/__ExternalActors__/Mapa_MyMindIsBroken/7/VW/2E5GL1BK6BM4F8UT31ZUQN" 4277
"../../../../../../MeuProjeto1/Content/__ExternalActors__/Mapa_MyMindIsBroken/7/VW/2E5GL1BK6BM4F8UT31ZUQN.uasset" 4278
"/Game/__ExternalActors__/Mapa_MyMindIsBroken/7/XE/QCZS9DC7LSKNR34PEWSLS6" 4279
"../../../../../../MeuProjeto1/Content/__ExternalActors__/Mapa_MyMindIsBroken/7/XE/QCZS9DC7LSKNR34PEWSLS6.uasset" 4280
"/Game/__ExternalActors__/Mapa_MyMindIsBroken/7/YW/7PBJYCVHFACZLRN6AYP6TN" 4281
"../../../../../../MeuProjeto1/Content/__ExternalActors__/Mapa_MyMindIsBroken/7/YW/7PBJYCVHFACZLRN6AYP6TN.uasset" 4282
"/Game/__ExternalActors__/Mapa_MyMindIsBroken/8/38/NPWVSVY8PP2XEYO2FM86ZI" 4283
"../../../../../../MeuProjeto1/Content/__ExternalActors__/Mapa_MyMindIsBroken/8/38/NPWVSVY8PP2XEYO2FM86ZI.uasset" 4284
"/Game/__ExternalActors__/Mapa_MyMindIsBroken/8/4T/1N544H9FFTCWJFJRSTW57X" 4285
"../../../../../../MeuProjeto1/Content/__ExternalActors__/Mapa_MyMindIsBroken/8/4T/1N544H9FFTCWJFJRSTW57X.uasset" 4286
"/Game/__ExternalActors__/Mapa_MyMindIsBroken/8/5V/XY8VDPRB7ZQKJ9GDO7I4Z2" 4287
"../../../../../../MeuProjeto1/Content/__ExternalActors__/Mapa_MyMindIsBroken/8/5V/XY8VDPRB7ZQKJ9GDO7I4Z2.uasset" 4288
"/Game/__ExternalActors__/Mapa_MyMindIsBroken/8/AU/U5GU9SI08Y8ZBCFVFQEV4B" 4289
"../../../../../../MeuProjeto1/Content/__ExternalActors__/Mapa_MyMindIsBroken/8/AU/U5GU9SI08Y8ZBCFVFQEV4B.uasset" 4290
"/Game/__ExternalActors__/Mapa_MyMindIsBroken/8/B2/W0KXGGYZTZ9IDR8D1D24X1" 4291
"../../../../../../MeuProjeto1/Content/__ExternalActors__/Mapa_MyMindIsBroken/8/B2/W0KXGGYZTZ9IDR8D1D24X1.uasset" 4292
"/Game/__ExternalActors__/Mapa_MyMindIsBroken/8/D2/L68VA97WG38FCV2JQKYMNY" 4293
"../../../../../../MeuProjeto1/Content/__ExternalActors__/Mapa_MyMindIsBroken/8/D2/L68VA97WG38FCV2JQKYMNY.uasset" 4294
"/Game/__ExternalActors__/Mapa_MyMindIsBroken/8/DZ/O2APQKU243ENJTFIED0GPM" 4295
"../../../../../../MeuProjeto1/Content/__ExternalActors__/Mapa_MyMindIsBroken/8/DZ/O2APQKU243ENJTFIED0GPM.uasset" 4296
"/Game/__ExternalActors__/Mapa_MyMindIsBroken/8/FG/CR7GFRWTBN1HQJ4ZE9E6KO" 4297
"../../../../../../MeuProjeto1/Content/__ExternalActors__/Mapa_MyMindIsBroken/8/FG/CR7GFRWTBN1HQJ4ZE9E6KO.uasset" 4298
"/Game/__ExternalActors__/Mapa_MyMindIsBroken/8/I4/TYH6UJ0LMRDZOH5W4KMYKN" 4299
"../../../../../../MeuProjeto1/Content/__ExternalActors__/Mapa_MyMindIsBroken/8/I4/TYH6UJ0LMRDZOH5W4KMYKN.uasset" 4300
"/Game/__ExternalActors__/Mapa_MyMindIsBroken/8/JE/R8XGXY9AYG0JBVD6ELHK9K" 4301
"../../../../../../MeuProjeto1/Content/__ExternalActors__/Mapa_MyMindIsBroken/8/JE/R8XGXY9AYG0JBVD6ELHK9K.uasset" 4302
"/Game/__ExternalActors__/Mapa_MyMindIsBroken/8/MQ/7CKRSW7UX9D9599UFR1RC7" 4303
"../../../../../../MeuProjeto1/Content/__ExternalActors__/Mapa_MyMindIsBroken/8/MQ/7CKRSW7UX9D9599UFR1RC7.uasset" 4304
"/Game/__ExternalActors__/Mapa_MyMindIsBroken/8/NY/HO4W7IY7D2T2TYNVZDPIRG" 4305
"../../../../../../MeuProjeto1/Content/__ExternalActors__/Mapa_MyMindIsBroken/8/NY/HO4W7IY7D2T2TYNVZDPIRG.uasset" 4306
"/Game/__ExternalActors__/Mapa_MyMindIsBroken/8/ON/QKL5QUO7C19HRUV2IBW4S0" 4307
"../../../../../../MeuProjeto1/Content/__ExternalActors__/Mapa_MyMindIsBroken/8/ON/QKL5QUO7C19HRUV2IBW4S0.uasset" 4308
"/Game/__ExternalActors__/Mapa_MyMindIsBroken/8/RA/WNVYYLV95M6LCB0XB8ANFF" 4309
"../../../../../../MeuProjeto1/Content/__ExternalActors__/Mapa_MyMindIsBroken/8/RA/WNVYYLV95M6LCB0XB8ANFF.uasset" 4310
"/Game/__ExternalActors__/Mapa_MyMindIsBroken/8/VL/Z3TTO8JKL7MCHULW0MIV80" 4311
"../../../../../../MeuProjeto1/Content/__ExternalActors__/Mapa_MyMindIsBroken/8/VL/Z3TTO8JKL7MCHULW0MIV80.uasset" 4312
"/Game/__ExternalActors__/Mapa_MyMindIsBroken/8/Y2/DV3V0YAWOIX0S6C9ZWU1US" 4313
"../../../../../../MeuProjeto1/Content/__ExternalActors__/Mapa_MyMindIsBroken/8/Y2/DV3V0YAWOIX0S6C9ZWU1US.uasset" 4314
"/Game/__ExternalActors__/Mapa_MyMindIsBroken/9/2F/A8BGU1OVQ77TK1L32CJ2M0" 4315
"../../../../../../MeuProjeto1/Content/__ExternalActors__/Mapa_MyMindIsBroken/9/2F/A8BGU1OVQ77TK1L32CJ2M0.uasset" 4316
"/Game/__ExternalActors__/Mapa_MyMindIsBroken/9/DE/8PAN3ZP1WQWCZZ1MXVRDFE" 4317
"../../../../../../MeuProjeto1/Content/__ExternalActors__/Mapa_MyMindIsBroken/9/DE/8PAN3ZP1WQWCZZ1MXVRDFE.uasset" 4318
"/Game/__ExternalActors__/Mapa_MyMindIsBroken/9/IR/862H5UEV0RQG1L64X6GGSN" 4319
"../../../../../../MeuProjeto1/Content/__ExternalActors__/Mapa_MyMindIsBroken/9/IR/862H5UEV0RQG1L64X6GGSN.uasset" 4320
"/Game/__ExternalActors__/Mapa_MyMindIsBroken/9/JZ/IC1IZXTJKG884VQMWBD1ZK" 4321
"../../../../../../MeuProjeto1/Content/__ExternalActors__/Mapa_MyMindIsBroken/9/JZ/IC1IZXTJKG884VQMWBD1ZK.uasset" 4322
"/Game/__ExternalActors__/Mapa_MyMindIsBroken/9/LA/5FM4DDNXB784SG8T7LHI7H" 4323
"../../../../../../MeuProjeto1/Content/__ExternalActors__/Mapa_MyMindIsBroken/9/LA/5FM4DDNXB784SG8T7LHI7H.uasset" 4324
"/Game/__ExternalActors__/Mapa_MyMindIsBroken/9/LM/GNHAQH7W7K2D58NV3NGGSH" 4325
"../../../../../../MeuProjeto1/Content/__ExternalActors__/Mapa_MyMindIsBroken/9/LM/GNHAQH7W7K2D58NV3NGGSH.uasset" 4326
"/Game/__ExternalActors__/Mapa_MyMindIsBroken/9/WA/31WUH9K90NW7FCNY9XDBZS" 4327
"../../../../../../MeuProjeto1/Content/__ExternalActors__/Mapa_MyMindIsBroken/9/WA/31WUH9K90NW7FCNY9XDBZS.uasset" 4328
"/Game/__ExternalActors__/Mapa_MyMindIsBroken/9/ZF/VQ6U9IFIK43J80CS0M3XOB" 4329
"../../../../../../MeuProjeto1/Content/__ExternalActors__/Mapa_MyMindIsBroken/9/ZF/VQ6U9IFIK43J80CS0M3XOB.uasset" 4330
"/Game/__ExternalActors__/Mapa_MyMindIsBroken/9/ZY/EWXB5UL92HKILA196F6THV" 4331
"../../../../../../MeuProjeto1/Content/__ExternalActors__/Mapa_MyMindIsBroken/9/ZY/EWXB5UL92HKILA196F6THV.uasset" 4332
"/Game/__ExternalActors__/Mapa_MyMindIsBroken/A/1Y/GL4DSPNT19NKIPDZ1AEYP6" 4333
"../../../../../../MeuProjeto1/Content/__ExternalActors__/Mapa_MyMindIsBroken/A/1Y/GL4DSPNT19NKIPDZ1AEYP6.uasset" 4334
"/Game/__ExternalActors__/Mapa_MyMindIsBroken/A/1Y/ZQAV6E4DI1FK2IM8OCW4FZ" 4335
"../../../../../../MeuProjeto1/Content/__ExternalActors__/Mapa_MyMindIsBroken/A/1Y/ZQAV6E4DI1FK2IM8OCW4FZ.uasset" 4336
"/Game/__ExternalActors__/Mapa_MyMindIsBroken/A/25/F8ET8PRZO7Y6JNK5P7MCHG" 4337
"../../../../../../MeuProjeto1/Content/__ExternalActors__/Mapa_MyMindIsBroken/A/25/F8ET8PRZO7Y6JNK5P7MCHG.uasset" 4338
"/Game/__ExternalActors__/Mapa_MyMindIsBroken/A/4N/4P14NEG7DB8E89BW9GCU5J" 4339
"../../../../../../MeuProjeto1/Content/__ExternalActors__/Mapa_MyMindIsBroken/A/4N/4P14NEG7DB8E89BW9GCU5J.uasset" 4340
"/Game/__ExternalActors__/Mapa_MyMindIsBroken/A/6A/MIILRYYRKI3PID13TRYGZ7" 4341
"../../../../../../MeuProjeto1/Content/__ExternalActors__/Mapa_MyMindIsBroken/A/6A/MIILRYYRKI3PID13TRYGZ7.uasset" 4342
"/Game/__ExternalActors__/Mapa_MyMindIsBroken/A/6Z/AIXWR4Z0J9NV6JDLRXF6PP" 4343
"../../../../../../MeuProjeto1/Content/__ExternalActors__/Mapa_MyMindIsBroken/A/6Z/AIXWR4Z0J9NV6JDLRXF6PP.uasset" 4344
"/Game/__ExternalActors__/Mapa_MyMindIsBroken/A/7R/WGELZXR0ZT6VPQGX32EPMQ" 4345
"../../../../../../MeuProjeto1/Content/__ExternalActors__/Mapa_MyMindIsBroken/A/7R/WGELZXR0ZT6VPQGX32EPMQ.uasset" 4346
"/Game/__ExternalActors__/Mapa_MyMindIsBroken/A/7X/1DZTYDKS4Z17AQV04SZC6D" 4347
"../../../../../../MeuProjeto1/Content/__ExternalActors__/Mapa_MyMindIsBroken/A/7X/1DZTYDKS4Z17AQV04SZC6D.uasset" 4348
"/Game/__ExternalActors__/Mapa_MyMindIsBroken/A/8V/AW4B7R78ZJXGPCNMN6EYM5" 4349
"../../../../../../MeuProjeto1/Content/__ExternalActors__/Mapa_MyMindIsBroken/A/8V/AW4B7R78ZJXGPCNMN6EYM5.uasset" 4350
"/Game/__ExternalActors__/Mapa_MyMindIsBroken/A/8W/MT1SHR7KQ8J0YMGQX53L3D" 4351
"../../../../../../MeuProjeto1/Content/__ExternalActors__/Mapa_MyMindIsBroken/A/8W/MT1SHR7KQ8J0YMGQX53L3D.uasset" 4352
"/Game/__ExternalActors__/Mapa_MyMindIsBroken/A/BP/0KM5V3OUFMZ7BM3RFGPTIT" 4353
"../../../../../../MeuProjeto1/Content/__ExternalActors__/Mapa_MyMindIsBroken/A/BP/0KM5V3OUFMZ7BM3RFGPTIT.uasset" 4354
"/Game/__ExternalActors__/Mapa_MyMindIsBroken/A/C2/EPG014JC141XSMZP4E898R" 4355
"../../../../../../MeuProjeto1/Content/__ExternalActors__/Mapa_MyMindIsBroken/A/C2/EPG014JC141XSMZP4E898R.uasset" 4356
"/Game/__ExternalActors__/Mapa_MyMindIsBroken/A/CS/HYOQOJ2JGHMQKA0CW1WIRN" 4357
"../../../../../../MeuProjeto1/Content/__ExternalActors__/Mapa_MyMindIsBroken/A/CS/HYOQOJ2JGHMQKA0CW1WIRN.uasset" 4358
"/Game/__ExternalActors__/Mapa_MyMindIsBroken/A/D1/Q8R57EIVDR6ITNX60XJKBN" 4359
"../../../../../../MeuProjeto1/Content/__ExternalActors__/Mapa_MyMindIsBroken/A/D1/Q8R57EIVDR6ITNX60XJKBN.uasset" 4360
"/Game/__ExternalActors__/Mapa_MyMindIsBroken/A/FU/PI3VLDEU6ECBZZ35L68CRZ" 4361
"../../../../../../MeuProjeto1/Content/__ExternalActors__/Mapa_MyMindIsBroken/A/FU/PI3VLDEU6ECBZZ35L68CRZ.uasset" 4362
"/Game/__ExternalActors__/Mapa_MyMindIsBroken/A/HM/FN8JU9TD24LOK8GIFTDGJL" 4363
"../../../../../../MeuProjeto1/Content/__ExternalActors__/Mapa_MyMindIsBroken/A/HM/FN8JU9TD24LOK8GIFTDGJL.uasset" 4364
"/Game/__ExternalActors__/Mapa_MyMindIsBroken/A/IP/UJYJTGBY0WD4OH6CZ42HCQ" 4365
"../../../../../../MeuProjeto1/Content/__ExternalActors__/Mapa_MyMindIsBroken/A/IP/UJYJTGBY0WD4OH6CZ42HCQ.uasset" 4366
"/Game/__ExternalActors__/Mapa_MyMindIsBroken/A/PZ/KDHVBFF6M21TI5OIT16G9K" 4367
"../../../../../../MeuProjeto1/Content/__ExternalActors__/Mapa_MyMindIsBroken/A/PZ/KDHVBFF6M21TI5OIT16G9K.uasset" 4368
"/Game/__ExternalActors__/Mapa_MyMindIsBroken/A/R2/8DHB5GTLSPW2XC0SQ45UOQ" 4369
"../../../../../../MeuProjeto1/Content/__ExternalActors__/Mapa_MyMindIsBroken/A/R2/8DHB5GTLSPW2XC0SQ45UOQ.uasset" 4370
"/Game/__ExternalActors__/Mapa_MyMindIsBroken/A/RU/EHJ4UJC1NAFN281YPW2KER" 4371
"../../../../../../MeuProjeto1/Content/__ExternalActors__/Mapa_MyMindIsBroken/A/RU/EHJ4UJC1NAFN281YPW2KER.uasset" 4372
"/Game/__ExternalActors__/Mapa_MyMindIsBroken/A/SE/PTNR8OYZLIWSAME6A6K4ZR" 4373
"../../../../../../MeuProjeto1/Content/__ExternalActors__/Mapa_MyMindIsBroken/A/SE/PTNR8OYZLIWSAME6A6K4ZR.uasset" 4374
"/Game/__ExternalActors__/Mapa_MyMindIsBroken/A/UY/A07FLDCAZGTNUI1P1SQGPV" 4375
"../../../../../../MeuProjeto1/Content/__ExternalActors__/Mapa_MyMindIsBroken/A/UY/A07FLDCAZGTNUI1P1SQGPV.uasset" 4376
"/Game/__ExternalActors__/Mapa_MyMindIsBroken/A/VD/FSE28Q3J7CZCMLF2Z1K28Z" 4377
"../../../../../../MeuProjeto1/Content/__ExternalActors__/Mapa_MyMindIsBroken/A/VD/FSE28Q3J7CZCMLF2Z1K28Z.uasset" 4378
"/Game/__ExternalActors__/Mapa_MyMindIsBroken/A/VS/ZEM14FOEXUYNW90A4JQV6Z" 4379
"../../../../../../MeuProjeto1/Content/__ExternalActors__/Mapa_MyMindIsBroken/A/VS/ZEM14FOEXUYNW90A4JQV6Z.uasset" 4380
"/Game/__ExternalActors__/Mapa_MyMindIsBroken/A/VY/U1EOHSYPIFN5GKFKW5WW8F" 4381
"../../../../../../MeuProjeto1/Content/__ExternalActors__/Mapa_MyMindIsBroken/A/VY/U1EOHSYPIFN5GKFKW5WW8F.uasset" 4382
"/Game/__ExternalActors__/Mapa_MyMindIsBroken/A/ZH/O1ONNTJ4AFVOYIEY9BPRRT" 4383
"../../../../../../MeuProjeto1/Content/__ExternalActors__/Mapa_MyMindIsBroken/A/ZH/O1ONNTJ4AFVOYIEY9BPRRT.uasset" 4384
"/Game/__ExternalActors__/Mapa_MyMindIsBroken/B/3K/10NF31006MVTEMD2WAN5O9" 4385
"../../../../../../MeuProjeto1/Content/__ExternalActors__/Mapa_MyMindIsBroken/B/3K/10NF31006MVTEMD2WAN5O9.uasset" 4386
"/Game/__ExternalActors__/Mapa_MyMindIsBroken/B/8W/67AGNES69UG0W1QGLYTE84" 4387
"../../../../../../MeuProjeto1/Content/__ExternalActors__/Mapa_MyMindIsBroken/B/8W/67AGNES69UG0W1QGLYTE84.uasset" 4388
"/Game/__ExternalActors__/Mapa_MyMindIsBroken/B/B0/O4FWVB2MJX1J7FXHZA4TTN" 4389
"../../../../../../MeuProjeto1/Content/__ExternalActors__/Mapa_MyMindIsBroken/B/B0/O4FWVB2MJX1J7FXHZA4TTN.uasset" 4390
"/Game/__ExternalActors__/Mapa_MyMindIsBroken/B/CF/9SMY2CGDGJDJMWDM8XAOEI" 4391
"../../../../../../MeuProjeto1/Content/__ExternalActors__/Mapa_MyMindIsBroken/B/CF/9SMY2CGDGJDJMWDM8XAOEI.uasset" 4392
"/Game/__ExternalActors__/Mapa_MyMindIsBroken/B/GK/US6K548SY5QWPGKLRIEDFV" 4393
"../../../../../../MeuProjeto1/Content/__ExternalActors__/Mapa_MyMindIsBroken/B/GK/US6K548SY5QWPGKLRIEDFV.uasset" 4394
"/Game/__ExternalActors__/Mapa_MyMindIsBroken/B/IH/SWW8WXU1L40KHQZ1CNJ6JY" 4395
"../../../../../../MeuProjeto1/Content/__ExternalActors__/Mapa_MyMindIsBroken/B/IH/SWW8WXU1L40KHQZ1CNJ6JY.uasset" 4396
"/Game/__ExternalActors__/Mapa_MyMindIsBroken/B/JE/DN8OPRSKMUFQ3V42UG8XWY" 4397
"../../../../../../MeuProjeto1/Content/__ExternalActors__/Mapa_MyMindIsBroken/B/JE/DN8OPRSKMUFQ3V42UG8XWY.uasset" 4398
"/Game/__ExternalActors__/Mapa_MyMindIsBroken/B/KM/7AU0OUKTQ1WQMRPHPJREL8" 4399
"../../../../../../MeuProjeto1/Content/__ExternalActors__/Mapa_MyMindIsBroken/B/KM/7AU0OUKTQ1WQMRPHPJREL8.uasset" 4400
"/Game/__ExternalActors__/Mapa_MyMindIsBroken/B/OX/TLRH4QFWMBCZET6ZHENGSK" 4401
"../../../../../../MeuProjeto1/Content/__ExternalActors__/Mapa_MyMindIsBroken/B/OX/TLRH4QFWMBCZET6ZHENGSK.uasset" 4402
"/Game/__ExternalActors__/Mapa_MyMindIsBroken/B/PM/QTUI7K7P5KQVNQ0R173B67" 4403
"../../../../../../MeuProjeto1/Content/__ExternalActors__/Mapa_MyMindIsBroken/B/PM/QTUI7K7P5KQVNQ0R173B67.uasset" 4404
"/Game/__ExternalActors__/Mapa_MyMindIsBroken/B/PZ/XOAAVWUM6LJG8AAAZHLQ7T" 4405
"../../../../../../MeuProjeto1/Content/__ExternalActors__/Mapa_MyMindIsBroken/B/PZ/XOAAVWUM6LJG8AAAZHLQ7T.uasset" 4406
"/Game/__ExternalActors__/Mapa_MyMindIsBroken/B/R2/M476P6L6QB5DG0R4ZPOCAJ" 4407
"../../../../../../MeuProjeto1/Content/__ExternalActors__/Mapa_MyMindIsBroken/B/R2/M476P6L6QB5DG0R4ZPOCAJ.uasset" 4408
"/Game/__ExternalActors__/Mapa_MyMindIsBroken/B/WH/F1CIC4PPWFAPRK0TEYTLXC" 4409
"../../../../../../MeuProjeto1/Content/__ExternalActors__/Mapa_MyMindIsBroken/B/WH/F1CIC4PPWFAPRK0TEYTLXC.uasset" 4410
"/Game/__ExternalActors__/Mapa_MyMindIsBroken/B/XV/QSFE1K3RPAA5ANBXILDN48" 4411
"../../../../../../MeuProjeto1/Content/__ExternalActors__/Mapa_MyMindIsBroken/B/XV/QSFE1K3RPAA5ANBXILDN48.uasset" 4412
"/Game/__ExternalActors__/Mapa_MyMindIsBroken/B/ZJ/22GWIY48QPIB1TUWT142AN" 4413
"../../../../../../MeuProjeto1/Content/__ExternalActors__/Mapa_MyMindIsBroken/B/ZJ/22GWIY48QPIB1TUWT142AN.uasset" 4414
"/Game/__ExternalActors__/Mapa_MyMindIsBroken/C/0U/2SGD70RUCXMXMXWFUO2PHJ" 4415
"../../../../../../MeuProjeto1/Content/__ExternalActors__/Mapa_MyMindIsBroken/C/0U/2SGD70RUCXMXMXWFUO2PHJ.uasset" 4416
"/Game/__ExternalActors__/Mapa_MyMindIsBroken/C/3V/JXC59W70RRY5T43TPEX24I" 4417
"../../../../../../MeuProjeto1/Content/__ExternalActors__/Mapa_MyMindIsBroken/C/3V/JXC59W70RRY5T43TPEX24I.uasset" 4418
"/Game/__ExternalActors__/Mapa_MyMindIsBroken/C/6L/NVDHAQRQEPL2SHMPCUISNS" 4419
"../../../../../../MeuProjeto1/Content/__ExternalActors__/Mapa_MyMindIsBroken/C/6L/NVDHAQRQEPL2SHMPCUISNS.uasset" 4420
"/Game/__ExternalActors__/Mapa_MyMindIsBroken/C/8W/W5FH8CLFIPPCMGEJL9LKDM" 4421
"../../../../../../MeuProjeto1/Content/__ExternalActors__/Mapa_MyMindIsBroken/C/8W/W5FH8CLFIPPCMGEJL9LKDM.uasset" 4422
"/Game/__ExternalActors__/Mapa_MyMindIsBroken/C/9Y/HRJCK655TBNKHW8G7A7NN0" 4423
"../../../../../../MeuProjeto1/Content/__ExternalActors__/Mapa_MyMindIsBroken/C/9Y/HRJCK655TBNKHW8G7A7NN0.uasset" 4424
"/Game/__ExternalActors__/Mapa_MyMindIsBroken/C/A0/0GNB5T3B4G0PEKSOZQWWC9" 4425
"../../../../../../MeuProjeto1/Content/__ExternalActors__/Mapa_MyMindIsBroken/C/A0/0GNB5T3B4G0PEKSOZQWWC9.uasset" 4426
"/Game/__ExternalActors__/Mapa_MyMindIsBroken/C/BW/BPFN13SP348GCB29X6LUUV" 4427
"../../../../../../MeuProjeto1/Content/__ExternalActors__/Mapa_MyMindIsBroken/C/BW/BPFN13SP348GCB29X6LUUV.uasset" 4428
"/Game/__ExternalActors__/Mapa_MyMindIsBroken/C/DD/PH71HRXUDV1440MLQ0LL8V" 4429
"../../../../../../MeuProjeto1/Content/__ExternalActors__/Mapa_MyMindIsBroken/C/DD/PH71HRXUDV1440MLQ0LL8V.uasset" 4430
"/Game/__ExternalActors__/Mapa_MyMindIsBroken/C/ID/XSW8IGIYZIHUW12VC34H42" 4431
"../../../../../../MeuProjeto1/Content/__ExternalActors__/Mapa_MyMindIsBroken/C/ID/XSW8IGIYZIHUW12VC34H42.uasset" 4432
"/Game/__ExternalActors__/Mapa_MyMindIsBroken/C/JN/H0YDYGGZJW9BZ3VMKBXMHL" 4433
"../../../../../../MeuProjeto1/Content/__ExternalActors__/Mapa_MyMindIsBroken/C/JN/H0YDYGGZJW9BZ3VMKBXMHL.uasset" 4434
"/Game/__ExternalActors__/Mapa_MyMindIsBroken/C/K7/YKHGWCVIL6BZYISFD4UVVJ" 4435
"../../../../../../MeuProjeto1/Content/__ExternalActors__/Mapa_MyMindIsBroken/C/K7/YKHGWCVIL6BZYISFD4UVVJ.uasset" 4436
"/Game/__ExternalActors__/Mapa_MyMindIsBroken/C/M1/0IZR8LFZY9MAW3TH9M4MQC" 4437
"../../../../../../MeuProjeto1/Content/__ExternalActors__/Mapa_MyMindIsBroken/C/M1/0IZR8LFZY9MAW3TH9M4MQC.uasset" 4438
"/Game/__ExternalActors__/Mapa_MyMindIsBroken/C/P4/LCEU7QFRJ3W8EBWDO63Z94" 4439
"../../../../../../MeuProjeto1/Content/__ExternalActors__/Mapa_MyMindIsBroken/C/P4/LCEU7QFRJ3W8EBWDO63Z94.uasset" 4440
"/Game/__ExternalActors__/Mapa_MyMindIsBroken/C/VS/EGJEJ18MAP9VO1BOSDKIRA" 4441
"../../../../../../MeuProjeto1/Content/__ExternalActors__/Mapa_MyMindIsBroken/C/VS/EGJEJ18MAP9VO1BOSDKIRA.uasset" 4442
"/Game/__ExternalActors__/Mapa_MyMindIsBroken/C/W6/3OFK9FUDFA7WE40HS7ZIVJ" 4443
"../../../../../../MeuProjeto1/Content/__ExternalActors__/Mapa_MyMindIsBroken/C/W6/3OFK9FUDFA7WE40HS7ZIVJ.uasset" 4444
"/Game/__ExternalActors__/Mapa_MyMindIsBroken/C/W7/MSQLM4LM0T54OUUTZSC5I5" 4445
"../../../../../../MeuProjeto1/Content/__ExternalActors__/Mapa_MyMindIsBroken/C/W7/MSQLM4LM0T54OUUTZSC5I5.uasset" 4446
"/Game/__ExternalActors__/Mapa_MyMindIsBroken/C/WE/8VGST4ZGQJETQ66TX7VD5D" 4447
"../../../../../../MeuProjeto1/Content/__ExternalActors__/Mapa_MyMindIsBroken/C/WE/8VGST4ZGQJETQ66TX7VD5D.uasset" 4448
"/Game/__ExternalActors__/Mapa_MyMindIsBroken/C/WP/8GWM2CA7XPXVVUK6HW6O68" 4449
"../../../../../../MeuProjeto1/Content/__ExternalActors__/Mapa_MyMindIsBroken/C/WP/8GWM2CA7XPXVVUK6HW6O68.uasset" 4450
"/Game/__ExternalActors__/Mapa_MyMindIsBroken/C/XT/J3JK0O5WYG9RS2GDOD9DD8" 4451
"../../../../../../MeuProjeto1/Content/__ExternalActors__/Mapa_MyMindIsBroken/C/XT/J3JK0O5WYG9RS2GDOD9DD8.uasset" 4452
"/Game/__ExternalActors__/Mapa_MyMindIsBroken/C/YI/EJNO8YRGPOHGNPWBNZWLF2" 4453
"../../../../../../MeuProjeto1/Content/__ExternalActors__/Mapa_MyMindIsBroken/C/YI/EJNO8YRGPOHGNPWBNZWLF2.uasset" 4454
"../../../../../../MeuProjeto1/Content/ThirdPerson/Lvl_ThirdPerson_sharedassets/Layer_0_LayerInfo.uasset" 4455
"/Game/__ExternalActors__/Mapa_MyMindIsBroken/C/YI/I68APMDZ7O9C1YI1CTAFXQ" 4456
"../../../../../../MeuProjeto1/Content/__ExternalActors__/Mapa_MyMindIsBroken/C/YI/I68APMDZ7O9C1YI1CTAFXQ.uasset" 4457
"/Game/__ExternalActors__/Mapa_MyMindIsBroken/D/4E/FCCJR5PPI4BV5H32DZ18ND" 4458
"../../../../../../MeuProjeto1/Content/__ExternalActors__/Mapa_MyMindIsBroken/D/4E/FCCJR5PPI4BV5H32DZ18ND.uasset" 4459
"/Game/__ExternalActors__/Mapa_MyMindIsBroken/D/6R/VH35H63S444DHBM1PXEY62" 4460
"../../../../../../MeuProjeto1/Content/__ExternalActors__/Mapa_MyMindIsBroken/D/6R/VH35H63S444DHBM1PXEY62.uasset" 4461
"/Game/__ExternalActors__/Mapa_MyMindIsBroken/D/AO/R0DTWZWO2SHTEM6ULAW8FZ" 4462
"../../../../../../MeuProjeto1/Content/__ExternalActors__/Mapa_MyMindIsBroken/D/AO/R0DTWZWO2SHTEM6ULAW8FZ.uasset" 4463
"/Game/__ExternalActors__/Mapa_MyMindIsBroken/D/AS/ROR6QT8J2Y53UJ64GWKCTZ" 4464
"../../../../../../MeuProjeto1/Content/__ExternalActors__/Mapa_MyMindIsBroken/D/AS/ROR6QT8J2Y53UJ64GWKCTZ.uasset" 4465
"/Game/__ExternalActors__/Mapa_MyMindIsBroken/D/FT/WOSJPVG4JJTKSJVP1PNIS6" 4466
"../../../../../../MeuProjeto1/Content/__ExternalActors__/Mapa_MyMindIsBroken/D/FT/WOSJPVG4JJTKSJVP1PNIS6.uasset" 4467
"/Game/__ExternalActors__/Mapa_MyMindIsBroken/D/I0/IGIK693R07846LNUSXXJF2" 4468
"../../../../../../MeuProjeto1/Content/__ExternalActors__/Mapa_MyMindIsBroken/D/I0/IGIK693R07846LNUSXXJF2.uasset" 4469
"/Game/__ExternalActors__/Mapa_MyMindIsBroken/D/I7/3M60Y9OF2C1M7AWREM4SPB" 4470
"../../../../../../MeuProjeto1/Content/__ExternalActors__/Mapa_MyMindIsBroken/D/I7/3M60Y9OF2C1M7AWREM4SPB.uasset" 4471
"/Game/__ExternalActors__/Mapa_MyMindIsBroken/D/JJ/A156AEJNZDJK2JMSSXUAXX" 4472
"../../../../../../MeuProjeto1/Content/__ExternalActors__/Mapa_MyMindIsBroken/D/JJ/A156AEJNZDJK2JMSSXUAXX.uasset" 4473
"/Game/__ExternalActors__/Mapa_MyMindIsBroken/D/JU/KKM0YW44AVCFLSRVQA662G" 4474
"../../../../../../MeuProjeto1/Content/__ExternalActors__/Mapa_MyMindIsBroken/D/JU/KKM0YW44AVCFLSRVQA662G.uasset" 4475
"/Game/__ExternalActors__/Mapa_MyMindIsBroken/D/KV/639HEEGEX4702TG5DW5X9P" 4476
"../../../../../../MeuProjeto1/Content/__ExternalActors__/Mapa_MyMindIsBroken/D/KV/639HEEGEX4702TG5DW5X9P.uasset" 4477
"/Game/__ExternalActors__/Mapa_MyMindIsBroken/D/NA/SVK8F47ASWYMU63XAJG41C" 4478
"../../../../../../MeuProjeto1/Content/__ExternalActors__/Mapa_MyMindIsBroken/D/NA/SVK8F47ASWYMU63XAJG41C.uasset" 4479
"/Game/__ExternalActors__/Mapa_MyMindIsBroken/D/S3/S1NRLPQCEWZYYRNVL6DPEF" 4480
"../../../../../../MeuProjeto1/Content/__ExternalActors__/Mapa_MyMindIsBroken/D/S3/S1NRLPQCEWZYYRNVL6DPEF.uasset" 4481
"/Game/__ExternalActors__/Mapa_MyMindIsBroken/D/U4/C5XUDQI4KWR8VFY3KG7B7Q" 4482
"../../../../../../MeuProjeto1/Content/__ExternalActors__/Mapa_MyMindIsBroken/D/U4/C5XUDQI4KWR8VFY3KG7B7Q.uasset" 4483
"/Game/__ExternalActors__/Mapa_MyMindIsBroken/D/XU/PT742VR3670U0VC47L8TI0" 4484
"../../../../../../MeuProjeto1/Content/__ExternalActors__/Mapa_MyMindIsBroken/D/XU/PT742VR3670U0VC47L8TI0.uasset" 4485
"/Game/__ExternalActors__/Mapa_MyMindIsBroken/D/ZV/OD1BPGKVB3VL95NSY5TDCK" 4486
"../../../../../../MeuProjeto1/Content/__ExternalActors__/Mapa_MyMindIsBroken/D/ZV/OD1BPGKVB3VL95NSY5TDCK.uasset" 4487
"/Game/__ExternalActors__/Mapa_MyMindIsBroken/E/5U/K6V5DSTE1Y0D7DWDF809TQ" 4488
"../../../../../../MeuProjeto1/Content/__ExternalActors__/Mapa_MyMindIsBroken/E/5U/K6V5DSTE1Y0D7DWDF809TQ.uasset" 4489
"/Game/__ExternalActors__/Mapa_MyMindIsBroken/E/5U/SPXK2K3PLVMIVIYXRQG6G7" 4490
"../../../../../../MeuProjeto1/Content/__ExternalActors__/Mapa_MyMindIsBroken/E/5U/SPXK2K3PLVMIVIYXRQG6G7.uasset" 4491
"/Game/__ExternalActors__/Mapa_MyMindIsBroken/E/6O/VDVQ9JRDQWWL0LX2MGV2OY" 4492
"../../../../../../MeuProjeto1/Content/__ExternalActors__/Mapa_MyMindIsBroken/E/6O/VDVQ9JRDQWWL0LX2MGV2OY.uasset" 4493
"/Game/__ExternalActors__/Mapa_MyMindIsBroken/E/6R/583162UPKB4JEPFO6XBM70" 4494
"../../../../../../MeuProjeto1/Content/__ExternalActors__/Mapa_MyMindIsBroken/E/6R/583162UPKB4JEPFO6XBM70.uasset" 4495
"/Game/__ExternalActors__/Mapa_MyMindIsBroken/E/7B/LF81B4EYGM25P2A9BI4U53" 4496
"../../../../../../MeuProjeto1/Content/__ExternalActors__/Mapa_MyMindIsBroken/E/7B/LF81B4EYGM25P2A9BI4U53.uasset" 4497
"/Game/__ExternalActors__/Mapa_MyMindIsBroken/E/96/BVXOJ6RQN9CLF1H6H22QD7" 4498
"../../../../../../MeuProjeto1/Content/__ExternalActors__/Mapa_MyMindIsBroken/E/96/BVXOJ6RQN9CLF1H6H22QD7.uasset" 4499
"/Game/__ExternalActors__/Mapa_MyMindIsBroken/E/A2/8E4BDESK53JP79T6S6U3BS" 4500
"../../../../../../MeuProjeto1/Content/__ExternalActors__/Mapa_MyMindIsBroken/E/A2/8E4BDESK53JP79T6S6U3BS.uasset" 4501
"/Game/__ExternalActors__/Mapa_MyMindIsBroken/E/AA/1YIKC551YYHOXOS9VEONGZ" 4502
"../../../../../../MeuProjeto1/Content/__ExternalActors__/Mapa_MyMindIsBroken/E/AA/1YIKC551YYHOXOS9VEONGZ.uasset" 4503
"/Game/__ExternalActors__/Mapa_MyMindIsBroken/E/AF/6571LXM16VEZM46J8UB75C" 4504
"../../../../../../MeuProjeto1/Content/__ExternalActors__/Mapa_MyMindIsBroken/E/AF/6571LXM16VEZM46J8UB75C.uasset" 4505
"/Game/__ExternalActors__/Mapa_MyMindIsBroken/E/AQ/Z049QSEAL5T5EZ06UDIJDY" 4506
"../../../../../../MeuProjeto1/Content/__ExternalActors__/Mapa_MyMindIsBroken/E/AQ/Z049QSEAL5T5EZ06UDIJDY.uasset" 4507
"/Game/__ExternalActors__/Mapa_MyMindIsBroken/E/EE/OOSP04Y7PHYN8Y6CSWZR7F" 4508
"../../../../../../MeuProjeto1/Content/__ExternalActors__/Mapa_MyMindIsBroken/E/EE/OOSP04Y7PHYN8Y6CSWZR7F.uasset" 4509
"/Game/__ExternalActors__/Mapa_MyMindIsBroken/E/ET/XC6WS8PB3VOG5MWWRLT568" 4510
"../../../../../../MeuProjeto1/Content/__ExternalActors__/Mapa_MyMindIsBroken/E/ET/XC6WS8PB3VOG5MWWRLT568.uasset" 4511
"/Game/__ExternalActors__/Mapa_MyMindIsBroken/E/K9/7MWRS1QV1SU1MKDMMWCMVI" 4512
"../../../../../../MeuProjeto1/Content/__ExternalActors__/Mapa_MyMindIsBroken/E/K9/7MWRS1QV1SU1MKDMMWCMVI.uasset" 4513
"/Game/__ExternalActors__/Mapa_MyMindIsBroken/E/L3/L5BZLBZPTE1585PIOZS0XC" 4514
"../../../../../../MeuProjeto1/Content/__ExternalActors__/Mapa_MyMindIsBroken/E/L3/L5BZLBZPTE1585PIOZS0XC.uasset" 4515
"/Game/__ExternalActors__/Mapa_MyMindIsBroken/E/NM/RBILV4UB66CF3D75KC9R2V" 4516
"../../../../../../MeuProjeto1/Content/__ExternalActors__/Mapa_MyMindIsBroken/E/NM/RBILV4UB66CF3D75KC9R2V.uasset" 4517
"/Game/__ExternalActors__/Mapa_MyMindIsBroken/E/OF/QEK7LJXF0I8PQKQP8FQX3B" 4518
"../../../../../../MeuProjeto1/Content/__ExternalActors__/Mapa_MyMindIsBroken/E/OF/QEK7LJXF0I8PQKQP8FQX3B.uasset" 4519
"/Game/__ExternalActors__/Mapa_MyMindIsBroken/E/P4/3G3ZHEYIVUZEF2897C8JCK" 4520
"../../../../../../MeuProjeto1/Content/__ExternalActors__/Mapa_MyMindIsBroken/E/P4/3G3ZHEYIVUZEF2897C8JCK.uasset" 4521
"/Game/__ExternalActors__/Mapa_MyMindIsBroken/E/Q8/1PXVMSXANVB518OAN7FDFI" 4522
"../../../../../../MeuProjeto1/Content/__ExternalActors__/Mapa_MyMindIsBroken/E/Q8/1PXVMSXANVB518OAN7FDFI.uasset" 4523
"/Game/__ExternalActors__/Mapa_MyMindIsBroken/E/QX/V2JRS18W5YB8LKVEISK62G" 4524
"../../../../../../MeuProjeto1/Content/__ExternalActors__/Mapa_MyMindIsBroken/E/QX/V2JRS18W5YB8LKVEISK62G.uasset" 4525
"/Game/__ExternalActors__/Mapa_MyMindIsBroken/E/QZ/5COD91QZLX629P03AXJI18" 4526
"../../../../../../MeuProjeto1/Content/__ExternalActors__/Mapa_MyMindIsBroken/E/QZ/5COD91QZLX629P03AXJI18.uasset" 4527
"/Game/__ExternalActors__/Mapa_MyMindIsBroken/E/VP/VK21L682S062X5XI6LY49F" 4528
"../../../../../../MeuProjeto1/Content/__ExternalActors__/Mapa_MyMindIsBroken/E/VP/VK21L682S062X5XI6LY49F.uasset" 4529
"/Game/__ExternalActors__/Mapa_MyMindIsBroken/E/X6/1TL20SEZCS1T3Y48NVBPEQ" 4530
"../../../../../../MeuProjeto1/Content/__ExternalActors__/Mapa_MyMindIsBroken/E/X6/1TL20SEZCS1T3Y48NVBPEQ.uasset" 4531
"/Game/__ExternalActors__/Mapa_MyMindIsBroken/E/YP/FRW24N4GWM84F768ME3XBT" 4532
"../../../../../../MeuProjeto1/Content/__ExternalActors__/Mapa_MyMindIsBroken/E/YP/FRW24N4GWM84F768ME3XBT.uasset" 4533
"/Game/__ExternalActors__/Mapa_MyMindIsBroken/F/18/7GQUNM2CKWNU72YD5CF979" 4534
"../../../../../../MeuProjeto1/Content/__ExternalActors__/Mapa_MyMindIsBroken/F/18/7GQUNM2CKWNU72YD5CF979.uasset" 4535
"/Engine/EditorResources/EmptyActor" 4536
"../../../Engine/Content/EditorResources/EmptyActor.uasset" 4537
"/Engine/EditorResources/LightIcons/S_LightError" 4538
"../../../Engine/Content/EditorResources/LightIcons/S_LightError.uasset" 4539
"/InterchangeAssets/gltf/MaterialInstances/MI_SpecularGlossiness_Opaque" 4540
"/InterchangeAssets/gltf/MaterialInstances/MI_Transmission_DS" 4541
"/InterchangeAssets/gltf/MaterialInstances/MI_Transmission" 4542
"/InterchangeAssets/gltf/MaterialInstances/MI_Sheen_Blend_DS" 4543
"/InterchangeAssets/gltf/MaterialInstances/MI_Sheen_Mask_DS" 4544
"/InterchangeAssets/gltf/MaterialInstances/MI_Sheen_Opaque_DS" 4545
"/InterchangeAssets/gltf/MaterialInstances/MI_Sheen_Blend" 4546
"/InterchangeAssets/gltf/MaterialInstances/MI_Sheen_Mask" 4547
"/InterchangeAssets/gltf/MaterialInstances/MI_Sheen_Opaque" 4548
"/InterchangeAssets/gltf/MaterialInstances/MI_Default_Blend_DS" 4549
"../../../Engine/Plugins/Interchange/Assets/Content/gltf/MaterialInstances/MI_SpecularGlossiness_Mask.uasset" 4550
"../../../Engine/Plugins/Interchange/Assets/Content/gltf/MaterialInstances/MI_SpecularGlossiness_Blend.uasset" 4551
"../../../Engine/Plugins/Interchange/Assets/Content/gltf/MaterialInstances/MI_SpecularGlossiness_Opaque_DS.uasset" 4552
"../../../Engine/Plugins/Interchange/Assets/Content/gltf/MaterialInstances/MI_SpecularGlossiness_Mask_DS.uasset" 4553
"../../../Engine/Plugins/Interchange/Assets/Content/gltf/MaterialInstances/MI_SpecularGlossiness_Blend_DS.uasset" 4554
"../../../Engine/Plugins/Interchange/Assets/Content/gltf/MaterialBodies/MF_Unlit_Body.uasset" 4555
"../../../Engine/Plugins/Interchange/Assets/Content/gltf/M_Unlit.uasset" 4556
"../../../Engine/Plugins/Interchange/Assets/Content/gltf/MaterialInstances/MI_Unlit_Opaque.uasset" 4557
"../../../Engine/Plugins/Interchange/Assets/Content/gltf/MaterialInstances/MI_Unlit_Mask.uasset" 4558
"../../../Engine/Plugins/Interchange/Assets/Content/gltf/MaterialInstances/MI_Unlit_Blend.uasset" 4559
"../../../Engine/Plugins/Interchange/Assets/Content/gltf/MaterialInstances/MI_Unlit_Opaque_DS.uasset" 4560
"../../../Engine/Plugins/Interchange/Assets/Content/gltf/MaterialInstances/MI_Unlit_Mask_DS.uasset" 4561
"../../../Engine/Plugins/Interchange/Assets/Content/gltf/MaterialInstances/MI_Unlit_Blend_DS.uasset" 4562
"C:/MeuProjeto1/Content/Menus/pngtree-chilling-cement-texture-a-terrifying-wall-background-for-horror-image_13598008.uasset" 4563
"C:/MeuProjeto1/Content/Menus/W_MainMenu.uasset" 4564
"C:/MeuProjeto1/Content/Mapa_MainMenu.umap" 4565
"../../../Engine/Content/Functions/Engine_MaterialFunctions01/Volumetrics/BeersLaw.uasset" 4566
"../../../Engine/Plugins/Interchange/Assets/Content/Functions/MX_Transmission.uasset" 4567
"../../../Engine/Content/Functions/Substrate/MF_SchlickInternal.uasset" 4568
"../../../Engine/Plugins/Interchange/Assets/Content/Functions/MF_OrenNayerView.uasset" 4569
"../../../Engine/Plugins/Interchange/Assets/Content/Functions/MX_StandardSurface.uasset" 4570
"../../../Engine/Plugins/Interchange/Assets/Content/Functions/MX_TransmissionSurface.uasset" 4571
"../../../Engine/Plugins/Interchange/Assets/Content/Functions/MX_OpenPBR_Translucent.uasset" 4572
"../../../Engine/Plugins/Interchange/Assets/Content/Functions/MX_OpenPBR_Opaque.uasset" 4573
"../../../Engine/Plugins/Animation/ControlRig/Content/Controls/ControlRig_Sphere_solid.uasset" 4574
"../../../Engine/Plugins/Animation/ControlRig/Content/Controls/ControlRig_Arrow2_1mm.uasset" 4575
"../../../Engine/Plugins/Animation/ControlRig/Content/Controls/ControlRig_Arrow2_3mm.uasset" 4576
"../../../Engine/Plugins/Animation/ControlRig/Content/Controls/ControlRig_Arrow2_solid.uasset" 4577
"../../../Engine/Plugins/Animation/ControlRig/Content/Controls/ControlRig_Arrow4_1mm.uasset" 4578
"../../../Engine/Plugins/Animation/ControlRig/Content/Controls/ControlRig_Arrow4_3mm.uasset" 4579
"/InterchangeAssets/gltf/MaterialBodies/MF_Unlit_Body" 4580
"/InterchangeAssets/gltf/MaterialInstances/MI_SpecularGlossiness_Blend_DS" 4581
"/ControlRig/Controls/ControlRig_Arrow4_3mm" 4582
"/ControlRig/Controls/ControlRig_Arrow4_1mm" 4583
"/ControlRig/Controls/ControlRig_Arrow2_solid" 4584
"/ControlRig/Controls/ControlRig_Arrow2_3mm" 4585
"/InterchangeAssets/gltf/MaterialInstances/MI_SpecularGlossiness_Mask_DS" 4586
"/ControlRig/Controls/ControlRig_Arrow2_1mm" 4587
"/ControlRig/Controls/ControlRig_Sphere_solid" 4588
"/InterchangeAssets/gltf/MaterialInstances/MI_SpecularGlossiness_Opaque_DS" 4589
"/InterchangeAssets/gltf/MaterialInstances/MI_SpecularGlossiness_Blend" 4590
"/InterchangeAssets/Functions/MX_OpenPBR_Opaque" 4591
"/InterchangeAssets/Functions/MX_OpenPBR_Translucent" 4592
"/InterchangeAssets/gltf/MaterialInstances/MI_SpecularGlossiness_Mask" 4593
"/Game/Mapa_MainMenu" 4594
"../../../../../../MeuProjeto1/Content/Mapa_MainMenu.umap" 4595
"/InterchangeAssets/gltf/MaterialInstances/MI_Unlit_Blend_DS" 4596
"/InterchangeAssets/gltf/MaterialInstances/MI_Unlit_Mask_DS" 4597
"/InterchangeAssets/gltf/MaterialInstances/MI_Unlit_Opaque_DS" 4598
"/InterchangeAssets/gltf/MaterialInstances/MI_Unlit_Blend" 4599
"/InterchangeAssets/gltf/MaterialInstances/MI_Unlit_Mask" 4600
"/InterchangeAssets/gltf/MaterialInstances/MI_Unlit_Opaque" 4601
"../../../Engine/Plugins/Animation/ControlRig/Content/Controls/ControlRig_Arrow4_solid.uasset" 4602
"../../../Engine/Plugins/Animation/ControlRig/Content/Controls/ControlRig_Arrow_1mm.uasset" 4603
"../../../Engine/Plugins/Animation/ControlRig/Content/Controls/ControlRig_Arrow_3mm.uasset" 4604
"../../../Engine/Plugins/Animation/ControlRig/Content/Controls/ControlRig_Arrow_solid.uasset" 4605
"../../../Engine/Plugins/Animation/ControlRig/Content/Controls/ControlRig_Box_1mm.uasset" 4606
"../../../Engine/Plugins/Animation/ControlRig/Content/Controls/ControlRig_Box_3mm.uasset" 4607
"../../../Engine/Plugins/Animation/ControlRig/Content/Controls/ControlRig_Box_solid.uasset" 4608
"../../../Engine/Plugins/Animation/ControlRig/Content/Controls/ControlRig_Circle_1mm.uasset" 4609
"../../../Engine/Plugins/Animation/ControlRig/Content/Controls/ControlRig_Circle_3mm.uasset" 4610
"../../../Engine/Plugins/Animation/ControlRig/Content/Controls/ControlRig_Circle_solid.uasset" 4611
"../../../Engine/Plugins/Animation/ControlRig/Content/Controls/ControlRig_Diamond_1mm.uasset" 4612
"../../../Engine/Plugins/Animation/ControlRig/Content/Controls/ControlRig_Diamond_3mm.uasset" 4613
"../../../Engine/Plugins/Animation/ControlRig/Content/Controls/ControlRig_Diamond_solid.uasset" 4614
"../../../Engine/Plugins/Animation/ControlRig/Content/Controls/ControlRig_HalfCircle_1mm.uasset" 4615
"../../../Engine/Plugins/Animation/ControlRig/Content/Controls/ControlRig_HalfCircle_3mm.uasset" 4616
"../../../Engine/Plugins/Animation/ControlRig/Content/Controls/ControlRig_HalfCircle_solid.uasset" 4617
"../../../Engine/Plugins/Animation/ControlRig/Content/Controls/ControlRig_Hexagon_1mm.uasset" 4618
"../../../Engine/Plugins/Animation/ControlRig/Content/Controls/ControlRig_Hexagon_3mm.uasset" 4619
"../../../Engine/Plugins/Animation/ControlRig/Content/Controls/ControlRig_Hexagon_solid.uasset" 4620
"../../../Engine/Plugins/Animation/ControlRig/Content/Controls/ControlRig_Octagon_1mm.uasset" 4621
"../../../Engine/Plugins/Animation/ControlRig/Content/Controls/ControlRig_Octagon_3mm.uasset" 4622
"../../../Engine/Plugins/Animation/ControlRig/Content/Controls/ControlRig_Octagon_solid.uasset" 4623
"../../../Engine/Plugins/Animation/ControlRig/Content/Controls/ControlRig_Pyramid_1mm.uasset" 4624
"../../../Engine/Plugins/Animation/ControlRig/Content/Controls/ControlRig_Pyramid_3mm.uasset" 4625
"../../../Engine/Plugins/Animation/ControlRig/Content/Controls/ControlRig_Pyramid_solid.uasset" 4626
"../../../Engine/Plugins/Animation/ControlRig/Content/Controls/ControlRig_QuarterCircle_1mm.uasset" 4627
"../../../Engine/Plugins/Animation/ControlRig/Content/Controls/ControlRig_QuarterCircle_3mm.uasset" 4628
"../../../Engine/Plugins/Animation/ControlRig/Content/Controls/ControlRig_QuarterCircle_solid.uasset" 4629
"../../../Engine/Plugins/Animation/ControlRig/Content/Controls/ControlRig_RoundedSquare_1mm.uasset" 4630
"../../../Engine/Plugins/Animation/ControlRig/Content/Controls/ControlRig_RoundedSquare_3mm.uasset" 4631
"../../../Engine/Plugins/Animation/ControlRig/Content/Controls/ControlRig_RoundedSquare_solid.uasset" 4632
"../../../Engine/Plugins/Animation/ControlRig/Content/Controls/ControlRig_RoundedTriangle_1mm.uasset" 4633
"/ControlRig/Controls/ControlRig_RoundedTriangle_1mm" 4634
"/ControlRig/Controls/ControlRig_RoundedSquare_solid" 4635
"/ControlRig/Controls/ControlRig_RoundedSquare_3mm" 4636
"/ControlRig/Controls/ControlRig_RoundedSquare_1mm" 4637
"/ControlRig/Controls/ControlRig_QuarterCircle_solid" 4638
"/ControlRig/Controls/ControlRig_QuarterCircle_3mm" 4639
"/ControlRig/Controls/ControlRig_QuarterCircle_1mm" 4640
"/ControlRig/Controls/ControlRig_Pyramid_solid" 4641
"/ControlRig/Controls/ControlRig_Pyramid_3mm" 4642
"/ControlRig/Controls/ControlRig_Pyramid_1mm" 4643
"/ControlRig/Controls/ControlRig_Octagon_solid" 4644
"/ControlRig/Controls/ControlRig_Octagon_3mm" 4645
"/ControlRig/Controls/ControlRig_Octagon_1mm" 4646
"/ControlRig/Controls/ControlRig_Hexagon_solid" 4647
"/ControlRig/Controls/ControlRig_Hexagon_3mm" 4648
"/ControlRig/Controls/ControlRig_Hexagon_1mm" 4649
"/ControlRig/Controls/ControlRig_HalfCircle_solid" 4650
"/ControlRig/Controls/ControlRig_HalfCircle_3mm" 4651
"/ControlRig/Controls/ControlRig_HalfCircle_1mm" 4652
"/ControlRig/Controls/ControlRig_Diamond_solid" 4653
"/ControlRig/Controls/ControlRig_Diamond_3mm" 4654
"/ControlRig/Controls/ControlRig_Diamond_1mm" 4655
"/ControlRig/Controls/ControlRig_Circle_solid" 4656
"/ControlRig/Controls/ControlRig_Circle_3mm" 4657
"/ControlRig/Controls/ControlRig_Circle_1mm" 4658
"/ControlRig/Controls/ControlRig_Box_solid" 4659
"/ControlRig/Controls/ControlRig_Box_3mm" 4660
"/ControlRig/Controls/ControlRig_Box_1mm" 4661
"/ControlRig/Controls/ControlRig_Arrow_solid" 4662
"/ControlRig/Controls/ControlRig_Arrow_3mm" 4663
"/ControlRig/Controls/ControlRig_Arrow_1mm" 4664
"/ControlRig/Controls/ControlRig_Arrow4_solid" 4665
"../../../Engine/Plugins/Animation/ControlRig/Content/Controls/ControlRig_RoundedTriangle_3mm.uasset" 4666
"../../../Engine/Plugins/Animation/ControlRig/Content/Controls/ControlRig_RoundedTriangle_solid.uasset" 4667
"../../../Engine/Plugins/Animation/ControlRig/Content/Controls/ControlRig_Sphere_1mm.uasset" 4668
"../../../Engine/Plugins/Animation/ControlRig/Content/Controls/ControlRig_Sphere_3mm.uasset" 4669
"../../../Engine/Plugins/Animation/ControlRig/Content/Controls/ControlRig_Square_1mm.uasset" 4670
"../../../Engine/Plugins/Animation/ControlRig/Content/Controls/ControlRig_Square_3mm.uasset" 4671
"../../../Engine/Plugins/Animation/ControlRig/Content/Controls/ControlRig_Square_solid.uasset" 4672
"../../../Engine/Plugins/Animation/ControlRig/Content/Controls/ControlRig_Star4_1mm.uasset" 4673
"../../../Engine/Plugins/Animation/ControlRig/Content/Controls/ControlRig_Star4_3mm.uasset" 4674
"../../../Engine/Plugins/Animation/ControlRig/Content/Controls/ControlRig_Star4_solid.uasset" 4675
"../../../Engine/Plugins/Animation/ControlRig/Content/Controls/ControlRig_Triangle_1mm.uasset" 4676
"../../../Engine/Plugins/Animation/ControlRig/Content/Controls/ControlRig_Triangle_solid.uasset" 4677
"../../../Engine/Plugins/Animation/ControlRig/Content/Controls/ControlRig_Triangle_3mm.uasset" 4678
"../../../Engine/Plugins/Animation/ControlRig/Content/Controls/ControlRig_Wedge_1mm.uasset" 4679
"../../../Engine/Plugins/Animation/ControlRig/Content/Controls/ControlRig_Wedge_3mm.uasset" 4680
"../../../Engine/Plugins/Animation/ControlRig/Content/Controls/ControlRig_Wedge_solid.uasset" 4681
"../../../Engine/Content/Maps/Entry_BuiltData.uasset" 4682
"../../../Engine/Content/Maps/Entry.umap" 4683
"/Engine/Maps/Entry" 4684
"/ControlRig/Controls/ControlRig_Wedge_solid" 4685
"/ControlRig/Controls/ControlRig_Wedge_3mm" 4686
"/ControlRig/Controls/ControlRig_Wedge_1mm" 4687
"/ControlRig/Controls/ControlRig_Triangle_solid" 4688
"/ControlRig/Controls/ControlRig_Triangle_3mm" 4689
"/ControlRig/Controls/ControlRig_Triangle_1mm" 4690
"/ControlRig/Controls/ControlRig_Star4_solid" 4691
"/ControlRig/Controls/ControlRig_Star4_3mm" 4692
"/ControlRig/Controls/ControlRig_Star4_1mm" 4693
"/ControlRig/Controls/ControlRig_Square_solid" 4694
"/ControlRig/Controls/ControlRig_Square_3mm" 4695
"/ControlRig/Controls/ControlRig_Square_1mm" 4696
"/ControlRig/Controls/ControlRig_Sphere_3mm" 4697
"/ControlRig/Controls/ControlRig_Sphere_1mm" 4698
"/ControlRig/Controls/ControlRig_RoundedTriangle_solid" 4699
"/ControlRig/Controls/ControlRig_RoundedTriangle_3mm" 4700
"../../../Engine/Content/EditorMaterials/PreviewShadowIndicator.uasset" 4701
"../../../Engine/Content/EditorMaterials/PreviewShadowIndicatorMaterial.uasset" 4702
"../../../Engine/Content/EngineMaterials/Substrate/GLints/dict_16_192_64_0p5_0p02_0063_0014.uasset" 4703
"../../../Engine/Content/EngineMaterials/Substrate/GLints/dict_16_192_64_0p5_0p02_0063_0015.uasset" 4704
"../../../Engine/Content/EngineMaterials/Substrate/GLints/dict_16_192_64_0p5_0p02_0063_0013.uasset" 4705
"../../../Engine/Content/EngineMaterials/Substrate/GLints/dict_16_192_64_0p5_0p02_0063_0010.uasset" 4706
"../../../Engine/Content/EngineMaterials/Substrate/GLints/dict_16_192_64_0p5_0p02_0063_0011.uasset" 4707
"../../../Engine/Content/EngineMaterials/Substrate/GLints/dict_16_192_64_0p5_0p02_0063_0012.uasset" 4708
"../../../Engine/Content/EngineMaterials/Substrate/GLints/dict_16_192_64_0p5_0p02_0063_0009.uasset" 4709
"../../../Engine/Content/EngineMaterials/Substrate/GLints/dict_16_192_64_0p5_0p02_0063_0007.uasset" 4710
"../../../Engine/Content/EngineMaterials/Substrate/GLints/dict_16_192_64_0p5_0p02_0063_0008.uasset" 4711
"../../../Engine/Content/EngineMaterials/Substrate/GLints/dict_16_192_64_0p5_0p02_0063_0005.uasset" 4712
"../../../Engine/Content/EngineMaterials/Substrate/GLints/dict_16_192_64_0p5_0p02_0063_0006.uasset" 4713
"../../../Engine/Content/EngineMaterials/Substrate/GLints/dict_16_192_64_0p5_0p02_0063_0004.uasset" 4714
"../../../Engine/Content/EngineMaterials/Substrate/GLints/dict_16_192_64_0p5_0p02_0063_0003.uasset" 4715
"../../../Engine/Content/EngineMaterials/Substrate/GLints/dict_16_192_64_0p5_0p02_0063_0002.uasset" 4716
"../../../Engine/Content/EngineMaterials/Substrate/GLints/dict_16_192_64_0p5_0p02_0063_0001.uasset" 4717
"../../../Engine/Content/EngineMaterials/Substrate/GLints/dict_16_192_64_0p5_0p02_0063_0000.uasset" 4718
"../../../Engine/Content/EngineMaterials/Substrate/GLints/dict_16_192_64_0p5_0p02_0062_0014.uasset" 4719
"../../../Engine/Content/EngineMaterials/Substrate/GLints/dict_16_192_64_0p5_0p02_0062_0015.uasset" 4720
"../../../Engine/Content/EngineMaterials/Substrate/GLints/dict_16_192_64_0p5_0p02_0062_0012.uasset" 4721
"../../../Engine/Content/EngineMaterials/Substrate/GLints/dict_16_192_64_0p5_0p02_0062_0013.uasset" 4722
"../../../Engine/Content/EngineMaterials/Substrate/GLints/dict_16_192_64_0p5_0p02_0062_0009.uasset" 4723
"../../../Engine/Content/EngineMaterials/Substrate/GLints/dict_16_192_64_0p5_0p02_0062_0010.uasset" 4724
"../../../Engine/Content/EngineMaterials/Substrate/GLints/dict_16_192_64_0p5_0p02_0062_0011.uasset" 4725
"../../../Engine/Content/EngineMaterials/Substrate/GLints/dict_16_192_64_0p5_0p02_0062_0007.uasset" 4726
"../../../Engine/Content/EngineMaterials/Substrate/GLints/dict_16_192_64_0p5_0p02_0062_0008.uasset" 4727
"../../../Engine/Content/EngineMaterials/Substrate/GLints/dict_16_192_64_0p5_0p02_0062_0002.uasset" 4728
"../../../Engine/Content/EngineMaterials/Substrate/GLints/dict_16_192_64_0p5_0p02_0062_0006.uasset" 4729
"../../../Engine/Content/EngineMaterials/Substrate/GLints/dict_16_192_64_0p5_0p02_0062_0004.uasset" 4730
"../../../Engine/Content/EngineMaterials/Substrate/GLints/dict_16_192_64_0p5_0p02_0062_0005.uasset" 4731
"../../../Engine/Content/EngineMaterials/Substrate/GLints/dict_16_192_64_0p5_0p02_0062_0003.uasset" 4732
"/Engine/EngineMaterials/Substrate/GLints/dict_16_192_64_0p5_0p02_0062_0002" 4733
"/Engine/EngineMaterials/Substrate/GLints/dict_16_192_64_0p5_0p02_0062_0003" 4734
"/Engine/EngineMaterials/Substrate/GLints/dict_16_192_64_0p5_0p02_0062_0004" 4735
"/Engine/EngineMaterials/Substrate/GLints/dict_16_192_64_0p5_0p02_0062_0005" 4736
"/Engine/EngineMaterials/Substrate/GLints/dict_16_192_64_0p5_0p02_0062_0006" 4737
"/Engine/EngineMaterials/Substrate/GLints/dict_16_192_64_0p5_0p02_0062_0007" 4738
"/Engine/EngineMaterials/Substrate/GLints/dict_16_192_64_0p5_0p02_0062_0008" 4739
"/Engine/EngineMaterials/Substrate/GLints/dict_16_192_64_0p5_0p02_0062_0009" 4740
"/Engine/EngineMaterials/Substrate/GLints/dict_16_192_64_0p5_0p02_0062_0010" 4741
"/Engine/EngineMaterials/Substrate/GLints/dict_16_192_64_0p5_0p02_0062_0011" 4742
"/Engine/EngineMaterials/Substrate/GLints/dict_16_192_64_0p5_0p02_0062_0012" 4743
"/Engine/EngineMaterials/Substrate/GLints/dict_16_192_64_0p5_0p02_0062_0013" 4744
"/Engine/EngineMaterials/Substrate/GLints/dict_16_192_64_0p5_0p02_0062_0014" 4745
"/Engine/EngineMaterials/Substrate/GLints/dict_16_192_64_0p5_0p02_0062_0015" 4746
"/Engine/EngineMaterials/Substrate/GLints/dict_16_192_64_0p5_0p02_0063_0000" 4747
"/Engine/EngineMaterials/Substrate/GLints/dict_16_192_64_0p5_0p02_0063_0001" 4748
"/Engine/EngineMaterials/Substrate/GLints/dict_16_192_64_0p5_0p02_0063_0002" 4749
"/Engine/EngineMaterials/Substrate/GLints/dict_16_192_64_0p5_0p02_0063_0003" 4750
"/Engine/EngineMaterials/Substrate/GLints/dict_16_192_64_0p5_0p02_0063_0004" 4751
"/Engine/EngineMaterials/Substrate/GLints/dict_16_192_64_0p5_0p02_0063_0005" 4752
"/Engine/EngineMaterials/Substrate/GLints/dict_16_192_64_0p5_0p02_0063_0006" 4753
"/Engine/EngineMaterials/Substrate/GLints/dict_16_192_64_0p5_0p02_0063_0007" 4754
"/Engine/EngineMaterials/Substrate/GLints/dict_16_192_64_0p5_0p02_0063_0008" 4755
"/Engine/EngineMaterials/Substrate/GLints/dict_16_192_64_0p5_0p02_0063_0009" 4756
"/Engine/EngineMaterials/Substrate/GLints/dict_16_192_64_0p5_0p02_0063_0010" 4757
"/Engine/EngineMaterials/Substrate/GLints/dict_16_192_64_0p5_0p02_0063_0011" 4758
"/Engine/EngineMaterials/Substrate/GLints/dict_16_192_64_0p5_0p02_0063_0012" 4759
"/Engine/EngineMaterials/Substrate/GLints/dict_16_192_64_0p5_0p02_0063_0013" 4760
"/Engine/EngineMaterials/Substrate/GLints/dict_16_192_64_0p5_0p02_0063_0014" 4761
"/Engine/EngineMaterials/Substrate/GLints/dict_16_192_64_0p5_0p02_0063_0015" 4762
"/Engine/EditorMaterials/PreviewShadowIndicatorMaterial" 4763
"../../../Engine/Content/EngineMaterials/Substrate/GLints/dict_16_192_64_0p5_0p02_0062_0001.uasset" 4764
"../../../Engine/Content/EngineMaterials/Substrate/GLints/dict_16_192_64_0p5_0p02_0062_0000.uasset" 4765
"../../../Engine/Content/EngineMaterials/Substrate/GLints/dict_16_192_64_0p5_0p02_0061_0015.uasset" 4766
"../../../Engine/Content/EngineMaterials/Substrate/GLints/dict_16_192_64_0p5_0p02_0061_0013.uasset" 4767
"../../../Engine/Content/EngineMaterials/Substrate/GLints/dict_16_192_64_0p5_0p02_0061_0014.uasset" 4768
"../../../Engine/Content/EngineMaterials/Substrate/GLints/dict_16_192_64_0p5_0p02_0061_0012.uasset" 4769
"../../../Engine/Content/EngineMaterials/Substrate/GLints/dict_16_192_64_0p5_0p02_0061_0011.uasset" 4770
"../../../Engine/Content/EngineMaterials/Substrate/GLints/dict_16_192_64_0p5_0p02_0061_0008.uasset" 4771
"../../../Engine/Content/EngineMaterials/Substrate/GLints/dict_16_192_64_0p5_0p02_0061_0010.uasset" 4772
"../../../Engine/Content/EngineMaterials/Substrate/GLints/dict_16_192_64_0p5_0p02_0061_0009.uasset" 4773
"../../../Engine/Content/EngineMaterials/Substrate/GLints/dict_16_192_64_0p5_0p02_0061_0005.uasset" 4774
"../../../Engine/Content/EngineMaterials/Substrate/GLints/dict_16_192_64_0p5_0p02_0061_0007.uasset" 4775
"../../../Engine/Content/EngineMaterials/Substrate/GLints/dict_16_192_64_0p5_0p02_0061_0006.uasset" 4776
"../../../Engine/Content/EngineMaterials/Substrate/GLints/dict_16_192_64_0p5_0p02_0061_0004.uasset" 4777
"../../../Engine/Content/EngineMaterials/Substrate/GLints/dict_16_192_64_0p5_0p02_0061_0003.uasset" 4778
"../../../Engine/Content/EngineMaterials/Substrate/GLints/dict_16_192_64_0p5_0p02_0061_0002.uasset" 4779
"../../../Engine/Content/EngineMaterials/Substrate/GLints/dict_16_192_64_0p5_0p02_0061_0001.uasset" 4780
"../../../Engine/Content/EngineMaterials/Substrate/GLints/dict_16_192_64_0p5_0p02_0060_0010.uasset" 4781
"../../../Engine/Content/EngineMaterials/Substrate/GLints/dict_16_192_64_0p5_0p02_0060_0008.uasset" 4782
"../../../Engine/Content/EngineMaterials/Substrate/GLints/dict_16_192_64_0p5_0p02_0060_0013.uasset" 4783
"../../../Engine/Content/EngineMaterials/Substrate/GLints/dict_16_192_64_0p5_0p02_0060_0012.uasset" 4784
"../../../Engine/Content/EngineMaterials/Substrate/GLints/dict_16_192_64_0p5_0p02_0061_0000.uasset" 4785
"../../../Engine/Content/EngineMaterials/Substrate/GLints/dict_16_192_64_0p5_0p02_0060_0011.uasset" 4786
"../../../Engine/Content/EngineMaterials/Substrate/GLints/dict_16_192_64_0p5_0p02_0060_0014.uasset" 4787
"../../../Engine/Content/EngineMaterials/Substrate/GLints/dict_16_192_64_0p5_0p02_0060_0009.uasset" 4788
"../../../Engine/Content/EngineMaterials/Substrate/GLints/dict_16_192_64_0p5_0p02_0060_0015.uasset" 4789
"../../../Engine/Content/EngineMaterials/Substrate/GLints/dict_16_192_64_0p5_0p02_0060_0005.uasset" 4790
"../../../Engine/Content/EngineMaterials/Substrate/GLints/dict_16_192_64_0p5_0p02_0060_0007.uasset" 4791
"../../../Engine/Content/EngineMaterials/Substrate/GLints/dict_16_192_64_0p5_0p02_0060_0006.uasset" 4792
"/Engine/EngineMaterials/Substrate/GLints/dict_16_192_64_0p5_0p02_0060_0005" 4793
"../../../Engine/Content/EngineMaterials/Substrate/GLints/dict_16_192_64_0p5_0p02_0060_0003.uasset" 4794
"/Engine/EngineMaterials/Substrate/GLints/dict_16_192_64_0p5_0p02_0060_0008" 4795
"../../../Engine/Content/EngineMaterials/Substrate/GLints/dict_16_192_64_0p5_0p02_0060_0002.uasset" 4796
"/Engine/EngineMaterials/Substrate/GLints/dict_16_192_64_0p5_0p02_0060_0009" 4797
"/Engine/EngineMaterials/Substrate/GLints/dict_16_192_64_0p5_0p02_0060_0010" 4798
"/Engine/EngineMaterials/Substrate/GLints/dict_16_192_64_0p5_0p02_0060_0011" 4799
"../../../Engine/Content/EngineMaterials/Substrate/GLints/dict_16_192_64_0p5_0p02_0060_0004.uasset" 4800
"/Engine/EngineMaterials/Substrate/GLints/dict_16_192_64_0p5_0p02_0060_0012" 4801
"/Engine/EngineMaterials/Substrate/GLints/dict_16_192_64_0p5_0p02_0060_0013" 4802
"/Engine/EngineMaterials/Substrate/GLints/dict_16_192_64_0p5_0p02_0060_0014" 4803
"/Engine/EngineMaterials/Substrate/GLints/dict_16_192_64_0p5_0p02_0060_0015" 4804
"/Engine/EngineMaterials/Substrate/GLints/dict_16_192_64_0p5_0p02_0061_0000" 4805
"/Engine/EngineMaterials/Substrate/GLints/dict_16_192_64_0p5_0p02_0061_0001" 4806
"/Engine/EngineMaterials/Substrate/GLints/dict_16_192_64_0p5_0p02_0061_0002" 4807
"/Engine/EngineMaterials/Substrate/GLints/dict_16_192_64_0p5_0p02_0061_0003" 4808
"/Engine/EngineMaterials/Substrate/GLints/dict_16_192_64_0p5_0p02_0061_0004" 4809
"/Engine/EngineMaterials/Substrate/GLints/dict_16_192_64_0p5_0p02_0061_0005" 4810
"/Engine/EngineMaterials/Substrate/GLints/dict_16_192_64_0p5_0p02_0061_0006" 4811
"/Engine/EngineMaterials/Substrate/GLints/dict_16_192_64_0p5_0p02_0061_0007" 4812
"/Engine/EngineMaterials/Substrate/GLints/dict_16_192_64_0p5_0p02_0061_0008" 4813
"/Engine/EngineMaterials/Substrate/GLints/dict_16_192_64_0p5_0p02_0061_0009" 4814
"/Engine/EngineMaterials/Substrate/GLints/dict_16_192_64_0p5_0p02_0061_0010" 4815
"/Engine/EngineMaterials/Substrate/GLints/dict_16_192_64_0p5_0p02_0061_0011" 4816
"/Engine/EngineMaterials/Substrate/GLints/dict_16_192_64_0p5_0p02_0061_0012" 4817
"/Engine/EngineMaterials/Substrate/GLints/dict_16_192_64_0p5_0p02_0061_0013" 4818
"/Engine/EngineMaterials/Substrate/GLints/dict_16_192_64_0p5_0p02_0061_0014" 4819
"/Engine/EngineMaterials/Substrate/GLints/dict_16_192_64_0p5_0p02_0061_0015" 4820
"/Engine/EngineMaterials/Substrate/GLints/dict_16_192_64_0p5_0p02_0062_0000" 4821
"/Engine/EngineMaterials/Substrate/GLints/dict_16_192_64_0p5_0p02_0062_0001" 4822
"/Engine/EngineMaterials/Substrate/GLints/dict_16_192_64_0p5_0p02_0060_0002" 4823
"/Engine/EngineMaterials/Substrate/GLints/dict_16_192_64_0p5_0p02_0060_0003" 4824
"/Engine/EngineMaterials/Substrate/GLints/dict_16_192_64_0p5_0p02_0060_0004" 4825
"/Engine/EngineMaterials/Substrate/GLints/dict_16_192_64_0p5_0p02_0060_0006" 4826
"/Engine/EngineMaterials/Substrate/GLints/dict_16_192_64_0p5_0p02_0060_0007" 4827
"../../../Engine/Content/EngineMaterials/Substrate/GLints/dict_16_192_64_0p5_0p02_0060_0001.uasset" 4828
"../../../Engine/Content/EngineMaterials/Substrate/GLints/dict_16_192_64_0p5_0p02_0060_0000.uasset" 4829
"../../../Engine/Content/EngineMaterials/Substrate/GLints/dict_16_192_64_0p5_0p02_0059_0015.uasset" 4830
"../../../Engine/Content/EngineMaterials/Substrate/GLints/dict_16_192_64_0p5_0p02_0059_0014.uasset" 4831
"../../../Engine/Content/EngineMaterials/Substrate/GLints/dict_16_192_64_0p5_0p02_0059_0013.uasset" 4832
"../../../Engine/Content/EngineMaterials/Substrate/GLints/dict_16_192_64_0p5_0p02_0059_0011.uasset" 4833
"../../../Engine/Content/EngineMaterials/Substrate/GLints/dict_16_192_64_0p5_0p02_0059_0012.uasset" 4834
"../../../Engine/Content/EngineMaterials/Substrate/GLints/dict_16_192_64_0p5_0p02_0059_0010.uasset" 4835
"../../../Engine/Content/EngineMaterials/Substrate/GLints/dict_16_192_64_0p5_0p02_0059_0009.uasset" 4836
"../../../Engine/Content/EngineMaterials/Substrate/GLints/dict_16_192_64_0p5_0p02_0059_0008.uasset" 4837
"../../../Engine/Content/EngineMaterials/Substrate/GLints/dict_16_192_64_0p5_0p02_0059_0007.uasset" 4838
"../../../Engine/Content/EngineMaterials/Substrate/GLints/dict_16_192_64_0p5_0p02_0059_0006.uasset" 4839
"../../../Engine/Content/EngineMaterials/Substrate/GLints/dict_16_192_64_0p5_0p02_0059_0001.uasset" 4840
"../../../Engine/Content/EngineMaterials/Substrate/GLints/dict_16_192_64_0p5_0p02_0058_0014.uasset" 4841
"../../../Engine/Content/EngineMaterials/Substrate/GLints/dict_16_192_64_0p5_0p02_0058_0013.uasset" 4842
"../../../Engine/Content/EngineMaterials/Substrate/GLints/dict_16_192_64_0p5_0p02_0059_0003.uasset" 4843
"../../../Engine/Content/EngineMaterials/Substrate/GLints/dict_16_192_64_0p5_0p02_0059_0005.uasset" 4844
"../../../Engine/Content/EngineMaterials/Substrate/GLints/dict_16_192_64_0p5_0p02_0059_0004.uasset" 4845
"../../../Engine/Content/EngineMaterials/Substrate/GLints/dict_16_192_64_0p5_0p02_0058_0015.uasset" 4846
"../../../Engine/Content/EngineMaterials/Substrate/GLints/dict_16_192_64_0p5_0p02_0059_0002.uasset" 4847
"../../../Engine/Content/EngineMaterials/Substrate/GLints/dict_16_192_64_0p5_0p02_0059_0000.uasset" 4848
"../../../Engine/Content/EngineMaterials/Substrate/GLints/dict_16_192_64_0p5_0p02_0058_0010.uasset" 4849
"../../../Engine/Content/EngineMaterials/Substrate/GLints/dict_16_192_64_0p5_0p02_0058_0011.uasset" 4850
"../../../Engine/Content/EngineMaterials/Substrate/GLints/dict_16_192_64_0p5_0p02_0058_0012.uasset" 4851
"../../../Engine/Content/EngineMaterials/Substrate/GLints/dict_16_192_64_0p5_0p02_0058_0003.uasset" 4852
"../../../Engine/Content/EngineMaterials/Substrate/GLints/dict_16_192_64_0p5_0p02_0058_0002.uasset" 4853
"../../../Engine/Content/EngineMaterials/Substrate/GLints/dict_16_192_64_0p5_0p02_0058_0007.uasset" 4854
"../../../Engine/Content/EngineMaterials/Substrate/GLints/dict_16_192_64_0p5_0p02_0058_0009.uasset" 4855
"../../../Engine/Content/EngineMaterials/Substrate/GLints/dict_16_192_64_0p5_0p02_0058_0008.uasset" 4856
"../../../Engine/Content/EngineMaterials/Substrate/GLints/dict_16_192_64_0p5_0p02_0058_0005.uasset" 4857
"../../../Engine/Content/EngineMaterials/Substrate/GLints/dict_16_192_64_0p5_0p02_0058_0004.uasset" 4858
"../../../Engine/Content/EngineMaterials/Substrate/GLints/dict_16_192_64_0p5_0p02_0058_0006.uasset" 4859
"../../../Engine/Plugins/Animation/DeformerGraph/Shaders/Private/DataInterfaceCustomComputeKernel.ush" 4860
"../../../Engine/Plugins/Animation/DeformerGraph/Shaders/Private/DataInterfaceCloth.ush" 4861
"../../../Engine/Plugins/Animation/DeformerGraph/Shaders/Private/DataInterfaceSkinnedMeshRead.ush" 4862
"../../../Engine/Plugins/Animation/DeformerGraph/Shaders/Private/DataInterfaceSkeleton.ush" 4863
"../../../Engine/Plugins/Animation/DeformerGraph/Shaders/Private/DataInterfaceSkeletonCommon.ush" 4864
"../../../Engine/Plugins/Animation/DeformerGraph/Shaders/Private/DataInterfaceMorphTarget.ush" 4865
"../../../Engine/Plugins/Animation/DeformerGraph/Shaders/Private/DataInterfaceSkinnedMeshWrite.ush" 4866
"../../../Engine/Plugins/Animation/DeformerGraph/Shaders/Private/DataInterfaceRawBuffer.ush" 4867
"../../../Engine/Plugins/Runtime/ComputeFramework/Shaders/Private/BufferAlias.ush" 4868
"../../../Engine/Plugins/Animation/DeformerGraph/Shaders/Private/DataInterfaceSkinnedMesh.ush" 4869
"../../../Engine/Plugins/Animation/DeformerGraph/Shaders/Private/DataInterfaceHalfEdge.ush" 4870
"C:/Users/meliss/AppData/Local/Temp/UnrealShaderWorkingDir/9CC9EE084FBF4362CACCF186E0FD62D6/2/WorkerOutputOnly.out" 4871
"C:/Users/meliss/AppData/Local/Temp/UnrealShaderWorkingDir/9CC9EE084FBF4362CACCF186E0FD62D6/5/WorkerOutputOnly.out" 4872
"C:/Users/meliss/AppData/Local/Temp/UnrealShaderWorkingDir/9CC9EE084FBF4362CACCF186E0FD62D6/1/WorkerOutputOnly.out" 4873
"C:/Users/meliss/AppData/Local/Temp/UnrealShaderWorkingDir/9CC9EE084FBF4362CACCF186E0FD62D6/3/WorkerOutputOnly.out" 4874
"C:/Users/meliss/AppData/Local/Temp/UnrealShaderWorkingDir/9CC9EE084FBF4362CACCF186E0FD62D6/4/WorkerOutputOnly.out" 4875
"C:/Users/meliss/AppData/Local/Temp/UnrealShaderWorkingDir/9CC9EE084FBF4362CACCF186E0FD62D6/0/WorkerOutputOnly.out" 4876
"/Engine/EngineMaterials/Substrate/GLints/dict_16_192_64_0p5_0p02_0058_0002" 4877
"/Engine/EngineMaterials/Substrate/GLints/dict_16_192_64_0p5_0p02_0058_0003" 4878
"/Engine/EngineMaterials/Substrate/GLints/dict_16_192_64_0p5_0p02_0058_0004" 4879
"/Engine/EngineMaterials/Substrate/GLints/dict_16_192_64_0p5_0p02_0058_0007" 4880
"/Engine/EngineMaterials/Substrate/GLints/dict_16_192_64_0p5_0p02_0058_0005" 4881
"/Engine/EngineMaterials/Substrate/GLints/dict_16_192_64_0p5_0p02_0058_0006" 4882
"/Engine/EngineMaterials/Substrate/GLints/dict_16_192_64_0p5_0p02_0058_0008" 4883
"/Engine/EngineMaterials/Substrate/GLints/dict_16_192_64_0p5_0p02_0058_0009" 4884
"/Engine/EngineMaterials/Substrate/GLints/dict_16_192_64_0p5_0p02_0058_0010" 4885
"/Engine/EngineMaterials/Substrate/GLints/dict_16_192_64_0p5_0p02_0058_0011" 4886
"/Engine/EngineMaterials/Substrate/GLints/dict_16_192_64_0p5_0p02_0058_0012" 4887
"/Engine/EngineMaterials/Substrate/GLints/dict_16_192_64_0p5_0p02_0058_0013" 4888
"/Engine/EngineMaterials/Substrate/GLints/dict_16_192_64_0p5_0p02_0058_0014" 4889
"/Engine/EngineMaterials/Substrate/GLints/dict_16_192_64_0p5_0p02_0058_0015" 4890
"/Engine/EngineMaterials/Substrate/GLints/dict_16_192_64_0p5_0p02_0059_0000" 4891
"/Engine/EngineMaterials/Substrate/GLints/dict_16_192_64_0p5_0p02_0059_0001" 4892
"/Engine/EngineMaterials/Substrate/GLints/dict_16_192_64_0p5_0p02_0059_0002" 4893
"/Engine/EngineMaterials/Substrate/GLints/dict_16_192_64_0p5_0p02_0059_0003" 4894
"/Engine/EngineMaterials/Substrate/GLints/dict_16_192_64_0p5_0p02_0059_0004" 4895
"/Engine/EngineMaterials/Substrate/GLints/dict_16_192_64_0p5_0p02_0059_0005" 4896
"/Engine/EngineMaterials/Substrate/GLints/dict_16_192_64_0p5_0p02_0059_0006" 4897
"/Engine/EngineMaterials/Substrate/GLints/dict_16_192_64_0p5_0p02_0059_0007" 4898
"/Engine/EngineMaterials/Substrate/GLints/dict_16_192_64_0p5_0p02_0059_0008" 4899
"/Engine/EngineMaterials/Substrate/GLints/dict_16_192_64_0p5_0p02_0059_0009" 4900
"/Engine/EngineMaterials/Substrate/GLints/dict_16_192_64_0p5_0p02_0059_0010" 4901
"/Engine/EngineMaterials/Substrate/GLints/dict_16_192_64_0p5_0p02_0059_0011" 4902
"/Engine/EngineMaterials/Substrate/GLints/dict_16_192_64_0p5_0p02_0059_0012" 4903
"/Engine/EngineMaterials/Substrate/GLints/dict_16_192_64_0p5_0p02_0059_0013" 4904
"/Engine/EngineMaterials/Substrate/GLints/dict_16_192_64_0p5_0p02_0059_0014" 4905
"/Engine/EngineMaterials/Substrate/GLints/dict_16_192_64_0p5_0p02_0059_0015" 4906
"/Engine/EngineMaterials/Substrate/GLints/dict_16_192_64_0p5_0p02_0060_0000" 4907
"/Engine/EngineMaterials/Substrate/GLints/dict_16_192_64_0p5_0p02_0060_0001" 4908
"../../../Engine/Content/EngineMaterials/Substrate/GLints/dict_16_192_64_0p5_0p02_0058_0001.uasset" 4909
"../../../Engine/Content/EngineMaterials/Substrate/GLints/dict_16_192_64_0p5_0p02_0058_0000.uasset" 4910
"../../../Engine/Content/EngineMaterials/Substrate/GLints/dict_16_192_64_0p5_0p02_0057_0015.uasset" 4911
"../../../Engine/Content/EngineMaterials/Substrate/GLints/dict_16_192_64_0p5_0p02_0057_0014.uasset" 4912
"../../../Engine/Content/EngineMaterials/Substrate/GLints/dict_16_192_64_0p5_0p02_0057_0013.uasset" 4913
"../../../Engine/Content/EngineMaterials/Substrate/GLints/dict_16_192_64_0p5_0p02_0057_0012.uasset" 4914
"../../../Engine/Content/EngineMaterials/Substrate/GLints/dict_16_192_64_0p5_0p02_0057_0011.uasset" 4915
"../../../Engine/Content/EngineMaterials/Substrate/GLints/dict_16_192_64_0p5_0p02_0057_0009.uasset" 4916
"../../../Engine/Content/EngineMaterials/Substrate/GLints/dict_16_192_64_0p5_0p02_0057_0008.uasset" 4917
"../../../Engine/Content/EngineMaterials/Substrate/GLints/dict_16_192_64_0p5_0p02_0057_0010.uasset" 4918
"../../../Engine/Content/EngineMaterials/Substrate/GLints/dict_16_192_64_0p5_0p02_0057_0007.uasset" 4919
"../../../Engine/Content/EngineMaterials/Substrate/GLints/dict_16_192_64_0p5_0p02_0057_0005.uasset" 4920
"../../../Engine/Content/EngineMaterials/Substrate/GLints/dict_16_192_64_0p5_0p02_0057_0006.uasset" 4921
"../../../Engine/Content/EngineMaterials/Substrate/GLints/dict_16_192_64_0p5_0p02_0057_0004.uasset" 4922
"../../../Engine/Content/EngineMaterials/Substrate/GLints/dict_16_192_64_0p5_0p02_0057_0003.uasset" 4923
"../../../Engine/Content/EngineMaterials/Substrate/GLints/dict_16_192_64_0p5_0p02_0057_0002.uasset" 4924
"../../../Engine/Content/EngineMaterials/Substrate/GLints/dict_16_192_64_0p5_0p02_0057_0001.uasset" 4925
"../../../Engine/Content/EngineMaterials/Substrate/GLints/dict_16_192_64_0p5_0p02_0057_0000.uasset" 4926
"../../../Engine/Content/EngineMaterials/Substrate/GLints/dict_16_192_64_0p5_0p02_0056_0014.uasset" 4927
"../../../Engine/Content/EngineMaterials/Substrate/GLints/dict_16_192_64_0p5_0p02_0056_0015.uasset" 4928
"../../../Engine/Content/EngineMaterials/Substrate/GLints/dict_16_192_64_0p5_0p02_0056_0013.uasset" 4929
"../../../Engine/Content/EngineMaterials/Substrate/GLints/dict_16_192_64_0p5_0p02_0056_0012.uasset" 4930
"../../../Engine/Content/EngineMaterials/Substrate/GLints/dict_16_192_64_0p5_0p02_0056_0010.uasset" 4931
"../../../Engine/Content/EngineMaterials/Substrate/GLints/dict_16_192_64_0p5_0p02_0056_0009.uasset" 4932
"../../../Engine/Content/EngineMaterials/Substrate/GLints/dict_16_192_64_0p5_0p02_0056_0008.uasset" 4933
"../../../Engine/Content/EngineMaterials/Substrate/GLints/dict_16_192_64_0p5_0p02_0056_0011.uasset" 4934
"../../../Engine/Content/EngineMaterials/Substrate/GLints/dict_16_192_64_0p5_0p02_0056_0006.uasset" 4935
"../../../Engine/Content/EngineMaterials/Substrate/GLints/dict_16_192_64_0p5_0p02_0056_0007.uasset" 4936
"../../../Engine/Content/EngineMaterials/Substrate/GLints/dict_16_192_64_0p5_0p02_0056_0004.uasset" 4937
"../../../Engine/Content/EngineMaterials/Substrate/GLints/dict_16_192_64_0p5_0p02_0056_0005.uasset" 4938
"../../../Engine/Content/EngineMaterials/Substrate/GLints/dict_16_192_64_0p5_0p02_0056_0003.uasset" 4939
"../../../Engine/Content/EngineMaterials/Substrate/GLints/dict_16_192_64_0p5_0p02_0056_0002.uasset" 4940
"/Engine/EngineMaterials/Substrate/GLints/dict_16_192_64_0p5_0p02_0058_0000" 4941
"/Engine/EngineMaterials/Substrate/GLints/dict_16_192_64_0p5_0p02_0058_0001" 4942
"../../../Engine/Content/EngineMaterials/Substrate/GLints/dict_16_192_64_0p5_0p02_0056_0001.uasset" 4943
"/Engine/EngineMaterials/Substrate/GLints/dict_16_192_64_0p5_0p02_0056_0002" 4944
"../../../Engine/Content/EngineMaterials/Substrate/GLints/dict_16_192_64_0p5_0p02_0056_0000.uasset" 4945
"/Engine/EngineMaterials/Substrate/GLints/dict_16_192_64_0p5_0p02_0056_0003" 4946
"/Engine/EngineMaterials/Substrate/GLints/dict_16_192_64_0p5_0p02_0056_0004" 4947
"/Engine/EngineMaterials/Substrate/GLints/dict_16_192_64_0p5_0p02_0056_0005" 4948
"/Engine/EngineMaterials/Substrate/GLints/dict_16_192_64_0p5_0p02_0056_0006" 4949
"/Engine/EngineMaterials/Substrate/GLints/dict_16_192_64_0p5_0p02_0056_0007" 4950
"/Engine/EngineMaterials/Substrate/GLints/dict_16_192_64_0p5_0p02_0056_0008" 4951
"/Engine/EngineMaterials/Substrate/GLints/dict_16_192_64_0p5_0p02_0056_0009" 4952
"/Engine/EngineMaterials/Substrate/GLints/dict_16_192_64_0p5_0p02_0056_0010" 4953
"/Engine/EngineMaterials/Substrate/GLints/dict_16_192_64_0p5_0p02_0056_0011" 4954
"/Engine/EngineMaterials/Substrate/GLints/dict_16_192_64_0p5_0p02_0056_0012" 4955
"/Engine/EngineMaterials/Substrate/GLints/dict_16_192_64_0p5_0p02_0056_0013" 4956
"/Engine/EngineMaterials/Substrate/GLints/dict_16_192_64_0p5_0p02_0056_0014" 4957
"/Engine/EngineMaterials/Substrate/GLints/dict_16_192_64_0p5_0p02_0056_0015" 4958
"/Engine/EngineMaterials/Substrate/GLints/dict_16_192_64_0p5_0p02_0057_0000" 4959
"/Engine/EngineMaterials/Substrate/GLints/dict_16_192_64_0p5_0p02_0057_0001" 4960
"/Engine/EngineMaterials/Substrate/GLints/dict_16_192_64_0p5_0p02_0057_0002" 4961
"/Engine/EngineMaterials/Substrate/GLints/dict_16_192_64_0p5_0p02_0057_0003" 4962
"/Engine/EngineMaterials/Substrate/GLints/dict_16_192_64_0p5_0p02_0057_0004" 4963
"/Engine/EngineMaterials/Substrate/GLints/dict_16_192_64_0p5_0p02_0057_0005" 4964
"/Engine/EngineMaterials/Substrate/GLints/dict_16_192_64_0p5_0p02_0057_0006" 4965
"/Engine/EngineMaterials/Substrate/GLints/dict_16_192_64_0p5_0p02_0057_0007" 4966
"/Engine/EngineMaterials/Substrate/GLints/dict_16_192_64_0p5_0p02_0057_0008" 4967
"/Engine/EngineMaterials/Substrate/GLints/dict_16_192_64_0p5_0p02_0057_0009" 4968
"/Engine/EngineMaterials/Substrate/GLints/dict_16_192_64_0p5_0p02_0057_0010" 4969
"/Engine/EngineMaterials/Substrate/GLints/dict_16_192_64_0p5_0p02_0057_0011" 4970
"/Engine/EngineMaterials/Substrate/GLints/dict_16_192_64_0p5_0p02_0057_0012" 4971
"/Engine/EngineMaterials/Substrate/GLints/dict_16_192_64_0p5_0p02_0057_0013" 4972
"/Engine/EngineMaterials/Substrate/GLints/dict_16_192_64_0p5_0p02_0057_0014" 4973
"/Engine/EngineMaterials/Substrate/GLints/dict_16_192_64_0p5_0p02_0057_0015" 4974
"../../../Engine/Content/EngineMaterials/Substrate/GLints/dict_16_192_64_0p5_0p02_0055_0015.uasset" 4975
"/Engine/EngineMaterials/Substrate/GLints/dict_16_192_64_0p5_0p02_0056_0000" 4976
"../../../Engine/Content/EngineMaterials/Substrate/GLints/dict_16_192_64_0p5_0p02_0055_0014.uasset" 4977
"/Engine/EngineMaterials/Substrate/GLints/dict_16_192_64_0p5_0p02_0056_0001" 4978
"../../../Engine/Content/EngineMaterials/Substrate/GLints/dict_16_192_64_0p5_0p02_0055_0013.uasset" 4979
"../../../Engine/Content/EngineMaterials/Substrate/GLints/dict_16_192_64_0p5_0p02_0055_0012.uasset" 4980
"../../../Engine/Content/EngineMaterials/Substrate/GLints/dict_16_192_64_0p5_0p02_0055_0011.uasset" 4981
"../../../Engine/Content/EngineMaterials/Substrate/GLints/dict_16_192_64_0p5_0p02_0055_0010.uasset" 4982
"../../../Engine/Content/EngineMaterials/Substrate/GLints/dict_16_192_64_0p5_0p02_0055_0009.uasset" 4983
"../../../Engine/Content/EngineMaterials/Substrate/GLints/dict_16_192_64_0p5_0p02_0055_0008.uasset" 4984
"../../../Engine/Content/EngineMaterials/Substrate/GLints/dict_16_192_64_0p5_0p02_0055_0007.uasset" 4985
"../../../Engine/Content/EngineMaterials/Substrate/GLints/dict_16_192_64_0p5_0p02_0055_0006.uasset" 4986
"../../../Engine/Content/EngineMaterials/Substrate/GLints/dict_16_192_64_0p5_0p02_0055_0005.uasset" 4987
"../../../Engine/Content/EngineMaterials/Substrate/GLints/dict_16_192_64_0p5_0p02_0055_0004.uasset" 4988
"../../../Engine/Content/EngineMaterials/Substrate/GLints/dict_16_192_64_0p5_0p02_0055_0003.uasset" 4989
"../../../Engine/Content/EngineMaterials/Substrate/GLints/dict_16_192_64_0p5_0p02_0055_0002.uasset" 4990
"../../../Engine/Content/EngineMaterials/Substrate/GLints/dict_16_192_64_0p5_0p02_0055_0001.uasset" 4991
"../../../Engine/Content/EngineMaterials/Substrate/GLints/dict_16_192_64_0p5_0p02_0055_0000.uasset" 4992
"../../../Engine/Content/EngineMaterials/Substrate/GLints/dict_16_192_64_0p5_0p02_0054_0015.uasset" 4993
"../../../Engine/Content/EngineMaterials/Substrate/GLints/dict_16_192_64_0p5_0p02_0054_0014.uasset" 4994
"../../../Engine/Content/EngineMaterials/Substrate/GLints/dict_16_192_64_0p5_0p02_0054_0013.uasset" 4995
"../../../Engine/Content/EngineMaterials/Substrate/GLints/dict_16_192_64_0p5_0p02_0054_0012.uasset" 4996
"../../../Engine/Content/EngineMaterials/Substrate/GLints/dict_16_192_64_0p5_0p02_0054_0011.uasset" 4997
"../../../Engine/Content/EngineMaterials/Substrate/GLints/dict_16_192_64_0p5_0p02_0054_0010.uasset" 4998
"../../../Engine/Content/EngineMaterials/Substrate/GLints/dict_16_192_64_0p5_0p02_0054_0009.uasset" 4999
"../../../Engine/Content/EngineMaterials/Substrate/GLints/dict_16_192_64_0p5_0p02_0054_0008.uasset" 5000
"../../../Engine/Content/EngineMaterials/Substrate/GLints/dict_16_192_64_0p5_0p02_0054_0007.uasset" 5001
"../../../Engine/Content/EngineMaterials/Substrate/GLints/dict_16_192_64_0p5_0p02_0054_0005.uasset" 5002
"../../../Engine/Content/EngineMaterials/Substrate/GLints/dict_16_192_64_0p5_0p02_0054_0006.uasset" 5003
"../../../Engine/Content/EngineMaterials/Substrate/GLints/dict_16_192_64_0p5_0p02_0054_0004.uasset" 5004
"../../../Engine/Content/EngineMaterials/Substrate/GLints/dict_16_192_64_0p5_0p02_0054_0003.uasset" 5005
"../../../Engine/Content/EngineMaterials/Substrate/GLints/dict_16_192_64_0p5_0p02_0054_0000.uasset" 5006
"../../../Engine/Content/EngineMaterials/Substrate/GLints/dict_16_192_64_0p5_0p02_0054_0001.uasset" 5007
"../../../Engine/Content/EngineMaterials/Substrate/GLints/dict_16_192_64_0p5_0p02_0054_0002.uasset" 5008
"/Engine/EngineMaterials/Substrate/GLints/dict_16_192_64_0p5_0p02_0054_0002" 5009
"/Engine/EngineMaterials/Substrate/GLints/dict_16_192_64_0p5_0p02_0054_0003" 5010
"/Engine/EngineMaterials/Substrate/GLints/dict_16_192_64_0p5_0p02_0054_0004" 5011
"/Engine/EngineMaterials/Substrate/GLints/dict_16_192_64_0p5_0p02_0054_0005" 5012
"/Engine/EngineMaterials/Substrate/GLints/dict_16_192_64_0p5_0p02_0054_0006" 5013
"/Engine/EngineMaterials/Substrate/GLints/dict_16_192_64_0p5_0p02_0054_0007" 5014
"/Engine/EngineMaterials/Substrate/GLints/dict_16_192_64_0p5_0p02_0054_0008" 5015
"/Engine/EngineMaterials/Substrate/GLints/dict_16_192_64_0p5_0p02_0054_0009" 5016
"/Engine/EngineMaterials/Substrate/GLints/dict_16_192_64_0p5_0p02_0054_0010" 5017
"/Engine/EngineMaterials/Substrate/GLints/dict_16_192_64_0p5_0p02_0054_0011" 5018
"/Engine/EngineMaterials/Substrate/GLints/dict_16_192_64_0p5_0p02_0054_0012" 5019
"/Engine/EngineMaterials/Substrate/GLints/dict_16_192_64_0p5_0p02_0054_0013" 5020
"/Engine/EngineMaterials/Substrate/GLints/dict_16_192_64_0p5_0p02_0054_0014" 5021
"/Engine/EngineMaterials/Substrate/GLints/dict_16_192_64_0p5_0p02_0054_0015" 5022
"/Engine/EngineMaterials/Substrate/GLints/dict_16_192_64_0p5_0p02_0055_0000" 5023
"/Engine/EngineMaterials/Substrate/GLints/dict_16_192_64_0p5_0p02_0055_0001" 5024
"/Engine/EngineMaterials/Substrate/GLints/dict_16_192_64_0p5_0p02_0055_0002" 5025
"/Engine/EngineMaterials/Substrate/GLints/dict_16_192_64_0p5_0p02_0055_0003" 5026
"/Engine/EngineMaterials/Substrate/GLints/dict_16_192_64_0p5_0p02_0055_0004" 5027
"/Engine/EngineMaterials/Substrate/GLints/dict_16_192_64_0p5_0p02_0055_0005" 5028
"/Engine/EngineMaterials/Substrate/GLints/dict_16_192_64_0p5_0p02_0055_0006" 5029
"/Engine/EngineMaterials/Substrate/GLints/dict_16_192_64_0p5_0p02_0055_0007" 5030
"/Engine/EngineMaterials/Substrate/GLints/dict_16_192_64_0p5_0p02_0055_0008" 5031
"/Engine/EngineMaterials/Substrate/GLints/dict_16_192_64_0p5_0p02_0055_0009" 5032
"/Engine/EngineMaterials/Substrate/GLints/dict_16_192_64_0p5_0p02_0055_0010" 5033
"/Engine/EngineMaterials/Substrate/GLints/dict_16_192_64_0p5_0p02_0055_0011" 5034
"/Engine/EngineMaterials/Substrate/GLints/dict_16_192_64_0p5_0p02_0055_0012" 5035
"/Engine/EngineMaterials/Substrate/GLints/dict_16_192_64_0p5_0p02_0055_0013" 5036
"/Engine/EngineMaterials/Substrate/GLints/dict_16_192_64_0p5_0p02_0055_0014" 5037
"/Engine/EngineMaterials/Substrate/GLints/dict_16_192_64_0p5_0p02_0055_0015" 5038
"/Engine/EngineMaterials/Substrate/GLints/dict_16_192_64_0p5_0p02_0054_0000" 5039
"/Engine/EngineMaterials/Substrate/GLints/dict_16_192_64_0p5_0p02_0054_0001" 5040
"../../../Engine/Content/EngineMaterials/Substrate/GLints/dict_16_192_64_0p5_0p02_0053_0015.uasset" 5041
"../../../Engine/Content/EngineMaterials/Substrate/GLints/dict_16_192_64_0p5_0p02_0053_0014.uasset" 5042
"../../../Engine/Content/EngineMaterials/Substrate/GLints/dict_16_192_64_0p5_0p02_0053_0013.uasset" 5043
"../../../Engine/Content/EngineMaterials/Substrate/GLints/dict_16_192_64_0p5_0p02_0053_0011.uasset" 5044
"../../../Engine/Content/EngineMaterials/Substrate/GLints/dict_16_192_64_0p5_0p02_0053_0010.uasset" 5045
"../../../Engine/Content/EngineMaterials/Substrate/GLints/dict_16_192_64_0p5_0p02_0053_0012.uasset" 5046
"../../../Engine/Content/EngineMaterials/Substrate/GLints/dict_16_192_64_0p5_0p02_0053_0009.uasset" 5047
"../../../Engine/Content/EngineMaterials/Substrate/GLints/dict_16_192_64_0p5_0p02_0053_0008.uasset" 5048
"../../../Engine/Content/EngineMaterials/Substrate/GLints/dict_16_192_64_0p5_0p02_0053_0007.uasset" 5049
"../../../Engine/Content/EngineMaterials/Substrate/GLints/dict_16_192_64_0p5_0p02_0053_0006.uasset" 5050
"../../../Engine/Content/EngineMaterials/Substrate/GLints/dict_16_192_64_0p5_0p02_0053_0005.uasset" 5051
"../../../Engine/Content/EngineMaterials/Substrate/GLints/dict_16_192_64_0p5_0p02_0053_0003.uasset" 5052
"../../../Engine/Content/EngineMaterials/Substrate/GLints/dict_16_192_64_0p5_0p02_0053_0004.uasset" 5053
"../../../Engine/Content/EngineMaterials/Substrate/GLints/dict_16_192_64_0p5_0p02_0053_0002.uasset" 5054
"../../../Engine/Content/EngineMaterials/Substrate/GLints/dict_16_192_64_0p5_0p02_0053_0001.uasset" 5055
"../../../Engine/Content/EngineMaterials/Substrate/GLints/dict_16_192_64_0p5_0p02_0053_0000.uasset" 5056
"../../../Engine/Content/EngineMaterials/Substrate/GLints/dict_16_192_64_0p5_0p02_0052_0015.uasset" 5057
"../../../Engine/Content/EngineMaterials/Substrate/GLints/dict_16_192_64_0p5_0p02_0052_0014.uasset" 5058
"../../../Engine/Content/EngineMaterials/Substrate/GLints/dict_16_192_64_0p5_0p02_0052_0013.uasset" 5059
"../../../Engine/Content/EngineMaterials/Substrate/GLints/dict_16_192_64_0p5_0p02_0052_0012.uasset" 5060
"../../../Engine/Content/EngineMaterials/Substrate/GLints/dict_16_192_64_0p5_0p02_0052_0010.uasset" 5061
"../../../Engine/Content/EngineMaterials/Substrate/GLints/dict_16_192_64_0p5_0p02_0052_0011.uasset" 5062
"../../../Engine/Content/EngineMaterials/Substrate/GLints/dict_16_192_64_0p5_0p02_0052_0009.uasset" 5063
"../../../Engine/Content/EngineMaterials/Substrate/GLints/dict_16_192_64_0p5_0p02_0052_0008.uasset" 5064
"../../../Engine/Content/EngineMaterials/Substrate/GLints/dict_16_192_64_0p5_0p02_0052_0007.uasset" 5065
"../../../Engine/Content/EngineMaterials/Substrate/GLints/dict_16_192_64_0p5_0p02_0052_0006.uasset" 5066
"../../../Engine/Content/EngineMaterials/Substrate/GLints/dict_16_192_64_0p5_0p02_0052_0005.uasset" 5067
"../../../Engine/Content/EngineMaterials/Substrate/GLints/dict_16_192_64_0p5_0p02_0052_0004.uasset" 5068
"../../../Engine/Content/EngineMaterials/Substrate/GLints/dict_16_192_64_0p5_0p02_0052_0003.uasset" 5069
"../../../Engine/Content/EngineMaterials/Substrate/GLints/dict_16_192_64_0p5_0p02_0052_0002.uasset" 5070
"../../../Engine/Content/EngineMaterials/Substrate/GLints/dict_16_192_64_0p5_0p02_0052_0001.uasset" 5071
"../../../Engine/Content/EngineMaterials/Substrate/GLints/dict_16_192_64_0p5_0p02_0052_0000.uasset" 5072
"/Engine/EngineMaterials/Substrate/GLints/dict_16_192_64_0p5_0p02_0052_0000" 5073
"/Engine/EngineMaterials/Substrate/GLints/dict_16_192_64_0p5_0p02_0052_0001" 5074
"/Engine/EngineMaterials/Substrate/GLints/dict_16_192_64_0p5_0p02_0052_0002" 5075
"/Engine/EngineMaterials/Substrate/GLints/dict_16_192_64_0p5_0p02_0052_0003" 5076
"/Engine/EngineMaterials/Substrate/GLints/dict_16_192_64_0p5_0p02_0052_0004" 5077
"/Engine/EngineMaterials/Substrate/GLints/dict_16_192_64_0p5_0p02_0052_0005" 5078
"/Engine/EngineMaterials/Substrate/GLints/dict_16_192_64_0p5_0p02_0052_0006" 5079
"/Engine/EngineMaterials/Substrate/GLints/dict_16_192_64_0p5_0p02_0052_0007" 5080
"/Engine/EngineMaterials/Substrate/GLints/dict_16_192_64_0p5_0p02_0052_0008" 5081
"/Engine/EngineMaterials/Substrate/GLints/dict_16_192_64_0p5_0p02_0052_0009" 5082
"/Engine/EngineMaterials/Substrate/GLints/dict_16_192_64_0p5_0p02_0052_0010" 5083
"/Engine/EngineMaterials/Substrate/GLints/dict_16_192_64_0p5_0p02_0052_0011" 5084
"/Engine/EngineMaterials/Substrate/GLints/dict_16_192_64_0p5_0p02_0052_0012" 5085
"/Engine/EngineMaterials/Substrate/GLints/dict_16_192_64_0p5_0p02_0052_0013" 5086
"/Engine/EngineMaterials/Substrate/GLints/dict_16_192_64_0p5_0p02_0052_0014" 5087
"/Engine/EngineMaterials/Substrate/GLints/dict_16_192_64_0p5_0p02_0052_0015" 5088
"/Engine/EngineMaterials/Substrate/GLints/dict_16_192_64_0p5_0p02_0053_0000" 5089
"/Engine/EngineMaterials/Substrate/GLints/dict_16_192_64_0p5_0p02_0053_0001" 5090
"/Engine/EngineMaterials/Substrate/GLints/dict_16_192_64_0p5_0p02_0053_0002" 5091
"/Engine/EngineMaterials/Substrate/GLints/dict_16_192_64_0p5_0p02_0053_0003" 5092
"/Engine/EngineMaterials/Substrate/GLints/dict_16_192_64_0p5_0p02_0053_0004" 5093
"/Engine/EngineMaterials/Substrate/GLints/dict_16_192_64_0p5_0p02_0053_0005" 5094
"/Engine/EngineMaterials/Substrate/GLints/dict_16_192_64_0p5_0p02_0053_0006" 5095
"/Engine/EngineMaterials/Substrate/GLints/dict_16_192_64_0p5_0p02_0053_0007" 5096
"/Engine/EngineMaterials/Substrate/GLints/dict_16_192_64_0p5_0p02_0053_0008" 5097
"/Engine/EngineMaterials/Substrate/GLints/dict_16_192_64_0p5_0p02_0053_0009" 5098
"/Engine/EngineMaterials/Substrate/GLints/dict_16_192_64_0p5_0p02_0053_0010" 5099
"/Engine/EngineMaterials/Substrate/GLints/dict_16_192_64_0p5_0p02_0053_0011" 5100
"/Engine/EngineMaterials/Substrate/GLints/dict_16_192_64_0p5_0p02_0053_0012" 5101
"/Engine/EngineMaterials/Substrate/GLints/dict_16_192_64_0p5_0p02_0053_0013" 5102
"/Engine/EngineMaterials/Substrate/GLints/dict_16_192_64_0p5_0p02_0053_0014" 5103
"/Engine/EngineMaterials/Substrate/GLints/dict_16_192_64_0p5_0p02_0053_0015" 5104
"../../../Engine/Content/EngineMaterials/Substrate/GLints/dict_16_192_64_0p5_0p02_0051_0011.uasset" 5105
"../../../Engine/Content/EngineMaterials/Substrate/GLints/dict_16_192_64_0p5_0p02_0051_0013.uasset" 5106
"../../../Engine/Content/EngineMaterials/Substrate/GLints/dict_16_192_64_0p5_0p02_0051_0014.uasset" 5107
"../../../Engine/Content/EngineMaterials/Substrate/GLints/dict_16_192_64_0p5_0p02_0051_0015.uasset" 5108
"../../../Engine/Content/EngineMaterials/Substrate/GLints/dict_16_192_64_0p5_0p02_0051_0010.uasset" 5109
"../../../Engine/Content/EngineMaterials/Substrate/GLints/dict_16_192_64_0p5_0p02_0051_0009.uasset" 5110
"../../../Engine/Content/EngineMaterials/Substrate/GLints/dict_16_192_64_0p5_0p02_0051_0008.uasset" 5111
"../../../Engine/Content/EngineMaterials/Substrate/GLints/dict_16_192_64_0p5_0p02_0051_0007.uasset" 5112
"../../../Engine/Content/EngineMaterials/Substrate/GLints/dict_16_192_64_0p5_0p02_0051_0006.uasset" 5113
"../../../Engine/Content/EngineMaterials/Substrate/GLints/dict_16_192_64_0p5_0p02_0051_0005.uasset" 5114
"../../../Engine/Content/EngineMaterials/Substrate/GLints/dict_16_192_64_0p5_0p02_0051_0004.uasset" 5115
"../../../Engine/Content/EngineMaterials/Substrate/GLints/dict_16_192_64_0p5_0p02_0051_0012.uasset" 5116
"../../../Engine/Content/EngineMaterials/Substrate/GLints/dict_16_192_64_0p5_0p02_0051_0002.uasset" 5117
"../../../Engine/Content/EngineMaterials/Substrate/GLints/dict_16_192_64_0p5_0p02_0051_0003.uasset" 5118
"../../../Engine/Content/EngineMaterials/Substrate/GLints/dict_16_192_64_0p5_0p02_0051_0000.uasset" 5119
"../../../Engine/Content/EngineMaterials/Substrate/GLints/dict_16_192_64_0p5_0p02_0051_0001.uasset" 5120
"../../../Engine/Content/EngineMaterials/Substrate/GLints/dict_16_192_64_0p5_0p02_0050_0015.uasset" 5121
"../../../Engine/Content/EngineMaterials/Substrate/GLints/dict_16_192_64_0p5_0p02_0050_0013.uasset" 5122
"../../../Engine/Content/EngineMaterials/Substrate/GLints/dict_16_192_64_0p5_0p02_0050_0014.uasset" 5123
"../../../Engine/Content/EngineMaterials/Substrate/GLints/dict_16_192_64_0p5_0p02_0050_0010.uasset" 5124
"../../../Engine/Content/EngineMaterials/Substrate/GLints/dict_16_192_64_0p5_0p02_0050_0011.uasset" 5125
"../../../Engine/Content/EngineMaterials/Substrate/GLints/dict_16_192_64_0p5_0p02_0050_0012.uasset" 5126
"../../../Engine/Content/EngineMaterials/Substrate/GLints/dict_16_192_64_0p5_0p02_0050_0009.uasset" 5127
"../../../Engine/Content/EngineMaterials/Substrate/GLints/dict_16_192_64_0p5_0p02_0050_0004.uasset" 5128
"../../../Engine/Content/EngineMaterials/Substrate/GLints/dict_16_192_64_0p5_0p02_0050_0003.uasset" 5129
"../../../Engine/Content/EngineMaterials/Substrate/GLints/dict_16_192_64_0p5_0p02_0050_0002.uasset" 5130
"../../../Engine/Content/EngineMaterials/Substrate/GLints/dict_16_192_64_0p5_0p02_0050_0008.uasset" 5131
"../../../Engine/Content/EngineMaterials/Substrate/GLints/dict_16_192_64_0p5_0p02_0050_0007.uasset" 5132
"../../../Engine/Content/EngineMaterials/Substrate/GLints/dict_16_192_64_0p5_0p02_0050_0006.uasset" 5133
"../../../Engine/Content/EngineMaterials/Substrate/GLints/dict_16_192_64_0p5_0p02_0050_0005.uasset" 5134
"../../../Engine/Content/EngineMaterials/Substrate/GLints/dict_16_192_64_0p5_0p02_0050_0001.uasset" 5135
"../../../Engine/Content/EngineMaterials/Substrate/GLints/dict_16_192_64_0p5_0p02_0050_0000.uasset" 5136
"/Engine/EngineMaterials/Substrate/GLints/dict_16_192_64_0p5_0p02_0050_0000" 5137
"/Engine/EngineMaterials/Substrate/GLints/dict_16_192_64_0p5_0p02_0050_0001" 5138
"/Engine/EngineMaterials/Substrate/GLints/dict_16_192_64_0p5_0p02_0050_0002" 5139
"/Engine/EngineMaterials/Substrate/GLints/dict_16_192_64_0p5_0p02_0050_0003" 5140
"/Engine/EngineMaterials/Substrate/GLints/dict_16_192_64_0p5_0p02_0050_0004" 5141
"/Engine/EngineMaterials/Substrate/GLints/dict_16_192_64_0p5_0p02_0050_0005" 5142
"/Engine/EngineMaterials/Substrate/GLints/dict_16_192_64_0p5_0p02_0050_0006" 5143
"/Engine/EngineMaterials/Substrate/GLints/dict_16_192_64_0p5_0p02_0050_0007" 5144
"/Engine/EngineMaterials/Substrate/GLints/dict_16_192_64_0p5_0p02_0050_0008" 5145
"/Engine/EngineMaterials/Substrate/GLints/dict_16_192_64_0p5_0p02_0050_0009" 5146
"/Engine/EngineMaterials/Substrate/GLints/dict_16_192_64_0p5_0p02_0050_0010" 5147
"/Engine/EngineMaterials/Substrate/GLints/dict_16_192_64_0p5_0p02_0050_0011" 5148
"/Engine/EngineMaterials/Substrate/GLints/dict_16_192_64_0p5_0p02_0050_0012" 5149
"/Engine/EngineMaterials/Substrate/GLints/dict_16_192_64_0p5_0p02_0050_0013" 5150
"/Engine/EngineMaterials/Substrate/GLints/dict_16_192_64_0p5_0p02_0050_0014" 5151
"/Engine/EngineMaterials/Substrate/GLints/dict_16_192_64_0p5_0p02_0050_0015" 5152
"/Engine/EngineMaterials/Substrate/GLints/dict_16_192_64_0p5_0p02_0051_0000" 5153
"/Engine/EngineMaterials/Substrate/GLints/dict_16_192_64_0p5_0p02_0051_0001" 5154
"/Engine/EngineMaterials/Substrate/GLints/dict_16_192_64_0p5_0p02_0051_0002" 5155
"/Engine/EngineMaterials/Substrate/GLints/dict_16_192_64_0p5_0p02_0051_0003" 5156
"/Engine/EngineMaterials/Substrate/GLints/dict_16_192_64_0p5_0p02_0051_0004" 5157
"/Engine/EngineMaterials/Substrate/GLints/dict_16_192_64_0p5_0p02_0051_0005" 5158
"/Engine/EngineMaterials/Substrate/GLints/dict_16_192_64_0p5_0p02_0051_0006" 5159
"/Engine/EngineMaterials/Substrate/GLints/dict_16_192_64_0p5_0p02_0051_0007" 5160
"/Engine/EngineMaterials/Substrate/GLints/dict_16_192_64_0p5_0p02_0051_0008" 5161
"/Engine/EngineMaterials/Substrate/GLints/dict_16_192_64_0p5_0p02_0051_0009" 5162
"/Engine/EngineMaterials/Substrate/GLints/dict_16_192_64_0p5_0p02_0051_0010" 5163
"/Engine/EngineMaterials/Substrate/GLints/dict_16_192_64_0p5_0p02_0051_0011" 5164
"/Engine/EngineMaterials/Substrate/GLints/dict_16_192_64_0p5_0p02_0051_0012" 5165
"/Engine/EngineMaterials/Substrate/GLints/dict_16_192_64_0p5_0p02_0051_0013" 5166
"/Engine/EngineMaterials/Substrate/GLints/dict_16_192_64_0p5_0p02_0051_0014" 5167
"/Engine/EngineMaterials/Substrate/GLints/dict_16_192_64_0p5_0p02_0051_0015" 5168
"../../../Engine/Content/EngineMaterials/Substrate/GLints/dict_16_192_64_0p5_0p02_0049_0014.uasset" 5169
"../../../Engine/Content/EngineMaterials/Substrate/GLints/dict_16_192_64_0p5_0p02_0049_0015.uasset" 5170
"../../../Engine/Content/EngineMaterials/Substrate/GLints/dict_16_192_64_0p5_0p02_0049_0013.uasset" 5171
"../../../Engine/Content/EngineMaterials/Substrate/GLints/dict_16_192_64_0p5_0p02_0049_0012.uasset" 5172
"../../../Engine/Content/EngineMaterials/Substrate/GLints/dict_16_192_64_0p5_0p02_0049_0011.uasset" 5173
"../../../Engine/Content/EngineMaterials/Substrate/GLints/dict_16_192_64_0p5_0p02_0049_0010.uasset" 5174
"../../../Engine/Content/EngineMaterials/Substrate/GLints/dict_16_192_64_0p5_0p02_0049_0008.uasset" 5175
"../../../Engine/Content/EngineMaterials/Substrate/GLints/dict_16_192_64_0p5_0p02_0049_0007.uasset" 5176
"../../../Engine/Content/EngineMaterials/Substrate/GLints/dict_16_192_64_0p5_0p02_0049_0006.uasset" 5177
"../../../Engine/Content/EngineMaterials/Substrate/GLints/dict_16_192_64_0p5_0p02_0049_0005.uasset" 5178
"../../../Engine/Content/EngineMaterials/Substrate/GLints/dict_16_192_64_0p5_0p02_0049_0009.uasset" 5179
"../../../Engine/Content/EngineMaterials/Substrate/GLints/dict_16_192_64_0p5_0p02_0049_0004.uasset" 5180
"../../../Engine/Content/EngineMaterials/Substrate/GLints/dict_16_192_64_0p5_0p02_0049_0003.uasset" 5181
"../../../Engine/Content/EngineMaterials/Substrate/GLints/dict_16_192_64_0p5_0p02_0049_0001.uasset" 5182
"../../../Engine/Content/EngineMaterials/Substrate/GLints/dict_16_192_64_0p5_0p02_0049_0002.uasset" 5183
"../../../Engine/Content/EngineMaterials/Substrate/GLints/dict_16_192_64_0p5_0p02_0048_0015.uasset" 5184
"../../../Engine/Content/EngineMaterials/Substrate/GLints/dict_16_192_64_0p5_0p02_0049_0000.uasset" 5185
"../../../Engine/Content/EngineMaterials/Substrate/GLints/dict_16_192_64_0p5_0p02_0048_0009.uasset" 5186
"../../../Engine/Content/EngineMaterials/Substrate/GLints/dict_16_192_64_0p5_0p02_0048_0013.uasset" 5187
"../../../Engine/Content/EngineMaterials/Substrate/GLints/dict_16_192_64_0p5_0p02_0048_0014.uasset" 5188
"../../../Engine/Content/EngineMaterials/Substrate/GLints/dict_16_192_64_0p5_0p02_0048_0006.uasset" 5189
"../../../Engine/Content/EngineMaterials/Substrate/GLints/dict_16_192_64_0p5_0p02_0048_0007.uasset" 5190
"../../../Engine/Content/EngineMaterials/Substrate/GLints/dict_16_192_64_0p5_0p02_0048_0008.uasset" 5191
"../../../Engine/Content/EngineMaterials/Substrate/GLints/dict_16_192_64_0p5_0p02_0048_0012.uasset" 5192
"../../../Engine/Content/EngineMaterials/Substrate/GLints/dict_16_192_64_0p5_0p02_0048_0010.uasset" 5193
"../../../Engine/Content/EngineMaterials/Substrate/GLints/dict_16_192_64_0p5_0p02_0048_0011.uasset" 5194
"../../../Engine/Content/EngineMaterials/Substrate/GLints/dict_16_192_64_0p5_0p02_0048_0005.uasset" 5195
"../../../Engine/Content/EngineMaterials/Substrate/GLints/dict_16_192_64_0p5_0p02_0048_0004.uasset" 5196
"../../../Engine/Content/EngineMaterials/Substrate/GLints/dict_16_192_64_0p5_0p02_0048_0002.uasset" 5197
"../../../Engine/Content/EngineMaterials/Substrate/GLints/dict_16_192_64_0p5_0p02_0048_0000.uasset" 5198
"../../../Engine/Content/EngineMaterials/Substrate/GLints/dict_16_192_64_0p5_0p02_0048_0001.uasset" 5199
"../../../Engine/Content/EngineMaterials/Substrate/GLints/dict_16_192_64_0p5_0p02_0048_0003.uasset" 5200
"/Engine/EngineMaterials/Substrate/GLints/dict_16_192_64_0p5_0p02_0048_0000" 5201
"/Engine/EngineMaterials/Substrate/GLints/dict_16_192_64_0p5_0p02_0048_0001" 5202
"/Engine/EngineMaterials/Substrate/GLints/dict_16_192_64_0p5_0p02_0048_0002" 5203
"/Engine/EngineMaterials/Substrate/GLints/dict_16_192_64_0p5_0p02_0048_0003" 5204
"/Engine/EngineMaterials/Substrate/GLints/dict_16_192_64_0p5_0p02_0048_0004" 5205
"/Engine/EngineMaterials/Substrate/GLints/dict_16_192_64_0p5_0p02_0048_0005" 5206
"/Engine/EngineMaterials/Substrate/GLints/dict_16_192_64_0p5_0p02_0048_0006" 5207
"/Engine/EngineMaterials/Substrate/GLints/dict_16_192_64_0p5_0p02_0048_0007" 5208
"/Engine/EngineMaterials/Substrate/GLints/dict_16_192_64_0p5_0p02_0048_0008" 5209
"/Engine/EngineMaterials/Substrate/GLints/dict_16_192_64_0p5_0p02_0048_0009" 5210
"/Engine/EngineMaterials/Substrate/GLints/dict_16_192_64_0p5_0p02_0048_0010" 5211
"/Engine/EngineMaterials/Substrate/GLints/dict_16_192_64_0p5_0p02_0048_0011" 5212
"/Engine/EngineMaterials/Substrate/GLints/dict_16_192_64_0p5_0p02_0048_0012" 5213
"/Engine/EngineMaterials/Substrate/GLints/dict_16_192_64_0p5_0p02_0048_0013" 5214
"/Engine/EngineMaterials/Substrate/GLints/dict_16_192_64_0p5_0p02_0048_0014" 5215
"/Engine/EngineMaterials/Substrate/GLints/dict_16_192_64_0p5_0p02_0048_0015" 5216
"/Engine/EngineMaterials/Substrate/GLints/dict_16_192_64_0p5_0p02_0049_0000" 5217
"/Engine/EngineMaterials/Substrate/GLints/dict_16_192_64_0p5_0p02_0049_0001" 5218
"/Engine/EngineMaterials/Substrate/GLints/dict_16_192_64_0p5_0p02_0049_0002" 5219
"/Engine/EngineMaterials/Substrate/GLints/dict_16_192_64_0p5_0p02_0049_0003" 5220
"/Engine/EngineMaterials/Substrate/GLints/dict_16_192_64_0p5_0p02_0049_0004" 5221
"/Engine/EngineMaterials/Substrate/GLints/dict_16_192_64_0p5_0p02_0049_0005" 5222
"/Engine/EngineMaterials/Substrate/GLints/dict_16_192_64_0p5_0p02_0049_0006" 5223
"/Engine/EngineMaterials/Substrate/GLints/dict_16_192_64_0p5_0p02_0049_0007" 5224
"/Engine/EngineMaterials/Substrate/GLints/dict_16_192_64_0p5_0p02_0049_0008" 5225
"/Engine/EngineMaterials/Substrate/GLints/dict_16_192_64_0p5_0p02_0049_0009" 5226
"/Engine/EngineMaterials/Substrate/GLints/dict_16_192_64_0p5_0p02_0049_0010" 5227
"/Engine/EngineMaterials/Substrate/GLints/dict_16_192_64_0p5_0p02_0049_0011" 5228
"/Engine/EngineMaterials/Substrate/GLints/dict_16_192_64_0p5_0p02_0049_0012" 5229
"/Engine/EngineMaterials/Substrate/GLints/dict_16_192_64_0p5_0p02_0049_0013" 5230
"/Engine/EngineMaterials/Substrate/GLints/dict_16_192_64_0p5_0p02_0049_0014" 5231
"/Engine/EngineMaterials/Substrate/GLints/dict_16_192_64_0p5_0p02_0049_0015" 5232
"../../../Engine/Content/EngineMaterials/Substrate/GLints/dict_16_192_64_0p5_0p02_0047_0015.uasset" 5233
"../../../Engine/Content/EngineMaterials/Substrate/GLints/dict_16_192_64_0p5_0p02_0047_0014.uasset" 5234
"../../../Engine/Content/EngineMaterials/Substrate/GLints/dict_16_192_64_0p5_0p02_0047_0013.uasset" 5235
"../../../Engine/Content/EngineMaterials/Substrate/GLints/dict_16_192_64_0p5_0p02_0047_0012.uasset" 5236
"../../../Engine/Content/EngineMaterials/Substrate/GLints/dict_16_192_64_0p5_0p02_0047_0011.uasset" 5237
"../../../Engine/Content/EngineMaterials/Substrate/GLints/dict_16_192_64_0p5_0p02_0047_0010.uasset" 5238
"../../../Engine/Content/EngineMaterials/Substrate/GLints/dict_16_192_64_0p5_0p02_0047_0009.uasset" 5239
"../../../Engine/Content/EngineMaterials/Substrate/GLints/dict_16_192_64_0p5_0p02_0047_0008.uasset" 5240
"../../../Engine/Content/EngineMaterials/Substrate/GLints/dict_16_192_64_0p5_0p02_0047_0003.uasset" 5241
"../../../Engine/Content/EngineMaterials/Substrate/GLints/dict_16_192_64_0p5_0p02_0047_0005.uasset" 5242
"../../../Engine/Content/EngineMaterials/Substrate/GLints/dict_16_192_64_0p5_0p02_0047_0007.uasset" 5243
"../../../Engine/Content/EngineMaterials/Substrate/GLints/dict_16_192_64_0p5_0p02_0047_0006.uasset" 5244
"../../../Engine/Content/EngineMaterials/Substrate/GLints/dict_16_192_64_0p5_0p02_0047_0004.uasset" 5245
"../../../Engine/Content/EngineMaterials/Substrate/GLints/dict_16_192_64_0p5_0p02_0047_0000.uasset" 5246
"../../../Engine/Content/EngineMaterials/Substrate/GLints/dict_16_192_64_0p5_0p02_0046_0015.uasset" 5247
"../../../Engine/Content/EngineMaterials/Substrate/GLints/dict_16_192_64_0p5_0p02_0047_0001.uasset" 5248
"../../../Engine/Content/EngineMaterials/Substrate/GLints/dict_16_192_64_0p5_0p02_0046_0014.uasset" 5249
"../../../Engine/Content/EngineMaterials/Substrate/GLints/dict_16_192_64_0p5_0p02_0047_0002.uasset" 5250
"../../../Engine/Content/EngineMaterials/Substrate/GLints/dict_16_192_64_0p5_0p02_0046_0013.uasset" 5251
"../../../Engine/Content/EngineMaterials/Substrate/GLints/dict_16_192_64_0p5_0p02_0046_0004.uasset" 5252
"../../../Engine/Content/EngineMaterials/Substrate/GLints/dict_16_192_64_0p5_0p02_0046_0006.uasset" 5253
"../../../Engine/Content/EngineMaterials/Substrate/GLints/dict_16_192_64_0p5_0p02_0046_0012.uasset" 5254
"../../../Engine/Content/EngineMaterials/Substrate/GLints/dict_16_192_64_0p5_0p02_0046_0005.uasset" 5255
"../../../Engine/Content/EngineMaterials/Substrate/GLints/dict_16_192_64_0p5_0p02_0046_0011.uasset" 5256
"../../../Engine/Content/EngineMaterials/Substrate/GLints/dict_16_192_64_0p5_0p02_0046_0010.uasset" 5257
"../../../Engine/Content/EngineMaterials/Substrate/GLints/dict_16_192_64_0p5_0p02_0046_0009.uasset" 5258
"../../../Engine/Content/EngineMaterials/Substrate/GLints/dict_16_192_64_0p5_0p02_0046_0007.uasset" 5259
"../../../Engine/Content/EngineMaterials/Substrate/GLints/dict_16_192_64_0p5_0p02_0046_0008.uasset" 5260
"../../../Engine/Content/EngineMaterials/Substrate/GLints/dict_16_192_64_0p5_0p02_0046_0003.uasset" 5261
"../../../Engine/Content/EngineMaterials/Substrate/GLints/dict_16_192_64_0p5_0p02_0046_0002.uasset" 5262
"../../../Engine/Content/EngineMaterials/Substrate/GLints/dict_16_192_64_0p5_0p02_0046_0001.uasset" 5263
"../../../Engine/Content/EngineMaterials/Substrate/GLints/dict_16_192_64_0p5_0p02_0046_0000.uasset" 5264
"/Engine/EngineMaterials/Substrate/GLints/dict_16_192_64_0p5_0p02_0046_0000" 5265
"/Engine/EngineMaterials/Substrate/GLints/dict_16_192_64_0p5_0p02_0046_0001" 5266
"/Engine/EngineMaterials/Substrate/GLints/dict_16_192_64_0p5_0p02_0046_0002" 5267
"/Engine/EngineMaterials/Substrate/GLints/dict_16_192_64_0p5_0p02_0046_0003" 5268
"/Engine/EngineMaterials/Substrate/GLints/dict_16_192_64_0p5_0p02_0046_0004" 5269
"/Engine/EngineMaterials/Substrate/GLints/dict_16_192_64_0p5_0p02_0046_0005" 5270
"/Engine/EngineMaterials/Substrate/GLints/dict_16_192_64_0p5_0p02_0046_0006" 5271
"/Engine/EngineMaterials/Substrate/GLints/dict_16_192_64_0p5_0p02_0046_0007" 5272
"/Engine/EngineMaterials/Substrate/GLints/dict_16_192_64_0p5_0p02_0046_0008" 5273
"/Engine/EngineMaterials/Substrate/GLints/dict_16_192_64_0p5_0p02_0046_0009" 5274
"/Engine/EngineMaterials/Substrate/GLints/dict_16_192_64_0p5_0p02_0046_0010" 5275
"/Engine/EngineMaterials/Substrate/GLints/dict_16_192_64_0p5_0p02_0046_0011" 5276
"/Engine/EngineMaterials/Substrate/GLints/dict_16_192_64_0p5_0p02_0046_0012" 5277
"/Engine/EngineMaterials/Substrate/GLints/dict_16_192_64_0p5_0p02_0046_0013" 5278
"/Engine/EngineMaterials/Substrate/GLints/dict_16_192_64_0p5_0p02_0046_0014" 5279
"/Engine/EngineMaterials/Substrate/GLints/dict_16_192_64_0p5_0p02_0046_0015" 5280
"/Engine/EngineMaterials/Substrate/GLints/dict_16_192_64_0p5_0p02_0047_0000" 5281
"/Engine/EngineMaterials/Substrate/GLints/dict_16_192_64_0p5_0p02_0047_0001" 5282
"/Engine/EngineMaterials/Substrate/GLints/dict_16_192_64_0p5_0p02_0047_0002" 5283
"/Engine/EngineMaterials/Substrate/GLints/dict_16_192_64_0p5_0p02_0047_0003" 5284
"/Engine/EngineMaterials/Substrate/GLints/dict_16_192_64_0p5_0p02_0047_0004" 5285
"/Engine/EngineMaterials/Substrate/GLints/dict_16_192_64_0p5_0p02_0047_0005" 5286
"/Engine/EngineMaterials/Substrate/GLints/dict_16_192_64_0p5_0p02_0047_0006" 5287
"/Engine/EngineMaterials/Substrate/GLints/dict_16_192_64_0p5_0p02_0047_0007" 5288
"/Engine/EngineMaterials/Substrate/GLints/dict_16_192_64_0p5_0p02_0047_0008" 5289
"/Engine/EngineMaterials/Substrate/GLints/dict_16_192_64_0p5_0p02_0047_0009" 5290
"/Engine/EngineMaterials/Substrate/GLints/dict_16_192_64_0p5_0p02_0047_0010" 5291
"/Engine/EngineMaterials/Substrate/GLints/dict_16_192_64_0p5_0p02_0047_0011" 5292
"/Engine/EngineMaterials/Substrate/GLints/dict_16_192_64_0p5_0p02_0047_0012" 5293
"/Engine/EngineMaterials/Substrate/GLints/dict_16_192_64_0p5_0p02_0047_0013" 5294
"/Engine/EngineMaterials/Substrate/GLints/dict_16_192_64_0p5_0p02_0047_0014" 5295
"/Engine/EngineMaterials/Substrate/GLints/dict_16_192_64_0p5_0p02_0047_0015" 5296
"../../../Engine/Content/EngineMaterials/Substrate/GLints/dict_16_192_64_0p5_0p02_0045_0015.uasset" 5297
"../../../Engine/Content/EngineMaterials/Substrate/GLints/dict_16_192_64_0p5_0p02_0045_0014.uasset" 5298
"../../../Engine/Content/EngineMaterials/Substrate/GLints/dict_16_192_64_0p5_0p02_0045_0013.uasset" 5299
"../../../Engine/Content/EngineMaterials/Substrate/GLints/dict_16_192_64_0p5_0p02_0045_0012.uasset" 5300
"../../../Engine/Content/EngineMaterials/Substrate/GLints/dict_16_192_64_0p5_0p02_0045_0011.uasset" 5301
"../../../Engine/Content/EngineMaterials/Substrate/GLints/dict_16_192_64_0p5_0p02_0045_0010.uasset" 5302
"../../../Engine/Content/EngineMaterials/Substrate/GLints/dict_16_192_64_0p5_0p02_0045_0009.uasset" 5303
"../../../Engine/Content/EngineMaterials/Substrate/GLints/dict_16_192_64_0p5_0p02_0045_0008.uasset" 5304
"../../../Engine/Content/EngineMaterials/Substrate/GLints/dict_16_192_64_0p5_0p02_0045_0007.uasset" 5305
"../../../Engine/Content/EngineMaterials/Substrate/GLints/dict_16_192_64_0p5_0p02_0045_0006.uasset" 5306
"../../../Engine/Content/EngineMaterials/Substrate/GLints/dict_16_192_64_0p5_0p02_0045_0005.uasset" 5307
"../../../Engine/Content/EngineMaterials/Substrate/GLints/dict_16_192_64_0p5_0p02_0045_0004.uasset" 5308
"../../../Engine/Content/EngineMaterials/Substrate/GLints/dict_16_192_64_0p5_0p02_0044_0013.uasset" 5309
"../../../Engine/Content/EngineMaterials/Substrate/GLints/dict_16_192_64_0p5_0p02_0044_0012.uasset" 5310
"../../../Engine/Content/EngineMaterials/Substrate/GLints/dict_16_192_64_0p5_0p02_0045_0003.uasset" 5311
"../../../Engine/Content/EngineMaterials/Substrate/GLints/dict_16_192_64_0p5_0p02_0045_0001.uasset" 5312
"../../../Engine/Content/EngineMaterials/Substrate/GLints/dict_16_192_64_0p5_0p02_0045_0000.uasset" 5313
"../../../Engine/Content/EngineMaterials/Substrate/GLints/dict_16_192_64_0p5_0p02_0045_0002.uasset" 5314
"../../../Engine/Content/EngineMaterials/Substrate/GLints/dict_16_192_64_0p5_0p02_0044_0010.uasset" 5315
"../../../Engine/Content/EngineMaterials/Substrate/GLints/dict_16_192_64_0p5_0p02_0044_0011.uasset" 5316
"../../../Engine/Content/EngineMaterials/Substrate/GLints/dict_16_192_64_0p5_0p02_0044_0015.uasset" 5317
"../../../Engine/Content/EngineMaterials/Substrate/GLints/dict_16_192_64_0p5_0p02_0044_0014.uasset" 5318
"../../../Engine/Content/EngineMaterials/Substrate/GLints/dict_16_192_64_0p5_0p02_0044_0009.uasset" 5319
"../../../Engine/Content/EngineMaterials/Substrate/GLints/dict_16_192_64_0p5_0p02_0044_0008.uasset" 5320
"../../../Engine/Content/EngineMaterials/Substrate/GLints/dict_16_192_64_0p5_0p02_0044_0006.uasset" 5321
"../../../Engine/Content/EngineMaterials/Substrate/GLints/dict_16_192_64_0p5_0p02_0044_0007.uasset" 5322
"../../../Engine/Content/EngineMaterials/Substrate/GLints/dict_16_192_64_0p5_0p02_0044_0005.uasset" 5323
"../../../Engine/Content/EngineMaterials/Substrate/GLints/dict_16_192_64_0p5_0p02_0044_0004.uasset" 5324
"../../../Engine/Content/EngineMaterials/Substrate/GLints/dict_16_192_64_0p5_0p02_0044_0003.uasset" 5325
"../../../Engine/Content/EngineMaterials/Substrate/GLints/dict_16_192_64_0p5_0p02_0044_0002.uasset" 5326
"../../../Engine/Content/EngineMaterials/Substrate/GLints/dict_16_192_64_0p5_0p02_0044_0001.uasset" 5327
"../../../Engine/Content/EngineMaterials/Substrate/GLints/dict_16_192_64_0p5_0p02_0044_0000.uasset" 5328
"C:/MeuProjeto1/DerivedDataCache/VT/TEXTURE_7C16439390E24F1F9468894FB4D4BC55_VTCHUNKD2DAB16BFF152507817E734DBB935160EA97A322" 5329
"C:/MeuProjeto1/DerivedDataCache/VT/TEXTURE_7C16439390E24F1F9468894FB4D4BC55_VTCHUNK38740DBD4108040D6985AA56705D97D46F27920C" 5330
"C:/MeuProjeto1/DerivedDataCache/VT/TEXTURE_7C16439390E24F1F9468894FB4D4BC55_VTCHUNK84C05FFC339C0CEFE446DED1628C0AFB5362331E" 5331
"C:/MeuProjeto1/DerivedDataCache/VT/TEXTURE_7C16439390E24F1F9468894FB4D4BC55_VTCHUNKC0393DE8C5B4673D99D1BECB92AA8C1F72FEB491" 5332
"C:/MeuProjeto1/DerivedDataCache/VT/TEXTURE_7C16439390E24F1F9468894FB4D4BC55_VTCHUNK02D4C3BCAD7DFA48AB32B8281FB06B8B83DB6275" 5333
"/Engine/EngineMaterials/Substrate/GLints/dict_16_192_64_0p5_0p02_0044_0000" 5334
"/Engine/EngineMaterials/Substrate/GLints/dict_16_192_64_0p5_0p02_0044_0001" 5335
"/Engine/EngineMaterials/Substrate/GLints/dict_16_192_64_0p5_0p02_0044_0002" 5336
"/Engine/EngineMaterials/Substrate/GLints/dict_16_192_64_0p5_0p02_0044_0003" 5337
"/Engine/EngineMaterials/Substrate/GLints/dict_16_192_64_0p5_0p02_0044_0004" 5338
"/Engine/EngineMaterials/Substrate/GLints/dict_16_192_64_0p5_0p02_0044_0005" 5339
"/Engine/EngineMaterials/Substrate/GLints/dict_16_192_64_0p5_0p02_0044_0006" 5340
"/Engine/EngineMaterials/Substrate/GLints/dict_16_192_64_0p5_0p02_0044_0007" 5341
"/Engine/EngineMaterials/Substrate/GLints/dict_16_192_64_0p5_0p02_0044_0008" 5342
"/Engine/EngineMaterials/Substrate/GLints/dict_16_192_64_0p5_0p02_0044_0009" 5343
"/Engine/EngineMaterials/Substrate/GLints/dict_16_192_64_0p5_0p02_0044_0010" 5344
"/Engine/EngineMaterials/Substrate/GLints/dict_16_192_64_0p5_0p02_0044_0011" 5345
"/Engine/EngineMaterials/Substrate/GLints/dict_16_192_64_0p5_0p02_0044_0012" 5346
"/Engine/EngineMaterials/Substrate/GLints/dict_16_192_64_0p5_0p02_0044_0013" 5347
"/Engine/EngineMaterials/Substrate/GLints/dict_16_192_64_0p5_0p02_0044_0014" 5348
"/Engine/EngineMaterials/Substrate/GLints/dict_16_192_64_0p5_0p02_0044_0015" 5349
"/Engine/EngineMaterials/Substrate/GLints/dict_16_192_64_0p5_0p02_0045_0000" 5350
"/Engine/EngineMaterials/Substrate/GLints/dict_16_192_64_0p5_0p02_0045_0001" 5351
"/Engine/EngineMaterials/Substrate/GLints/dict_16_192_64_0p5_0p02_0045_0002" 5352
"/Engine/EngineMaterials/Substrate/GLints/dict_16_192_64_0p5_0p02_0045_0003" 5353
"/Engine/EngineMaterials/Substrate/GLints/dict_16_192_64_0p5_0p02_0045_0004" 5354
"/Engine/EngineMaterials/Substrate/GLints/dict_16_192_64_0p5_0p02_0045_0005" 5355
"/Engine/EngineMaterials/Substrate/GLints/dict_16_192_64_0p5_0p02_0045_0006" 5356
"/Engine/EngineMaterials/Substrate/GLints/dict_16_192_64_0p5_0p02_0045_0007" 5357
"/Engine/EngineMaterials/Substrate/GLints/dict_16_192_64_0p5_0p02_0045_0008" 5358
"/Engine/EngineMaterials/Substrate/GLints/dict_16_192_64_0p5_0p02_0045_0009" 5359
"/Engine/EngineMaterials/Substrate/GLints/dict_16_192_64_0p5_0p02_0045_0010" 5360
"/Engine/EngineMaterials/Substrate/GLints/dict_16_192_64_0p5_0p02_0045_0011" 5361
"/Engine/EngineMaterials/Substrate/GLints/dict_16_192_64_0p5_0p02_0045_0012" 5362
"/Engine/EngineMaterials/Substrate/GLints/dict_16_192_64_0p5_0p02_0045_0013" 5363
"/Engine/EngineMaterials/Substrate/GLints/dict_16_192_64_0p5_0p02_0045_0014" 5364
"/Engine/EngineMaterials/Substrate/GLints/dict_16_192_64_0p5_0p02_0045_0015" 5365
"../../../Engine/Content/EngineMaterials/Substrate/GLints/dict_16_192_64_0p5_0p02_0043_0014.uasset" 5366
"../../../Engine/Content/EngineMaterials/Substrate/GLints/dict_16_192_64_0p5_0p02_0043_0013.uasset" 5367
"../../../Engine/Content/EngineMaterials/Substrate/GLints/dict_16_192_64_0p5_0p02_0043_0015.uasset" 5368
"../../../Engine/Content/EngineMaterials/Substrate/GLints/dict_16_192_64_0p5_0p02_0043_0012.uasset" 5369
"../../../Engine/Content/EngineMaterials/Substrate/GLints/dict_16_192_64_0p5_0p02_0043_0010.uasset" 5370
"../../../Engine/Content/EngineMaterials/Substrate/GLints/dict_16_192_64_0p5_0p02_0043_0009.uasset" 5371
"../../../Engine/Content/EngineMaterials/Substrate/GLints/dict_16_192_64_0p5_0p02_0043_0008.uasset" 5372
"../../../Engine/Content/EngineMaterials/Substrate/GLints/dict_16_192_64_0p5_0p02_0043_0011.uasset" 5373
"../../../Engine/Content/EngineMaterials/Substrate/GLints/dict_16_192_64_0p5_0p02_0043_0007.uasset" 5374
"../../../Engine/Content/EngineMaterials/Substrate/GLints/dict_16_192_64_0p5_0p02_0043_0006.uasset" 5375
"../../../Engine/Content/EngineMaterials/Substrate/GLints/dict_16_192_64_0p5_0p02_0043_0005.uasset" 5376
"../../../Engine/Content/EngineMaterials/Substrate/GLints/dict_16_192_64_0p5_0p02_0043_0004.uasset" 5377
"../../../Engine/Content/EngineMaterials/Substrate/GLints/dict_16_192_64_0p5_0p02_0043_0002.uasset" 5378
"../../../Engine/Content/EngineMaterials/Substrate/GLints/dict_16_192_64_0p5_0p02_0043_0001.uasset" 5379
"../../../Engine/Content/EngineMaterials/Substrate/GLints/dict_16_192_64_0p5_0p02_0043_0003.uasset" 5380
"../../../Engine/Content/EngineMaterials/Substrate/GLints/dict_16_192_64_0p5_0p02_0043_0000.uasset" 5381
"../../../Engine/Content/EngineMaterials/Substrate/GLints/dict_16_192_64_0p5_0p02_0042_0010.uasset" 5382
"../../../Engine/Content/EngineMaterials/Substrate/GLints/dict_16_192_64_0p5_0p02_0042_0008.uasset" 5383
"../../../Engine/Content/EngineMaterials/Substrate/GLints/dict_16_192_64_0p5_0p02_0042_0015.uasset" 5384
"../../../Engine/Content/EngineMaterials/Substrate/GLints/dict_16_192_64_0p5_0p02_0042_0014.uasset" 5385
"../../../Engine/Content/EngineMaterials/Substrate/GLints/dict_16_192_64_0p5_0p02_0042_0009.uasset" 5386
"../../../Engine/Content/EngineMaterials/Substrate/GLints/dict_16_192_64_0p5_0p02_0042_0011.uasset" 5387
"../../../Engine/Content/EngineMaterials/Substrate/GLints/dict_16_192_64_0p5_0p02_0042_0007.uasset" 5388
"../../../Engine/Content/EngineMaterials/Substrate/GLints/dict_16_192_64_0p5_0p02_0042_0012.uasset" 5389
"../../../Engine/Content/EngineMaterials/Substrate/GLints/dict_16_192_64_0p5_0p02_0042_0013.uasset" 5390
"../../../Engine/Content/EngineMaterials/Substrate/GLints/dict_16_192_64_0p5_0p02_0042_0006.uasset" 5391
"../../../Engine/Content/EngineMaterials/Substrate/GLints/dict_16_192_64_0p5_0p02_0042_0005.uasset" 5392
"../../../Engine/Content/EngineMaterials/Substrate/GLints/dict_16_192_64_0p5_0p02_0042_0003.uasset" 5393
"../../../Engine/Content/EngineMaterials/Substrate/GLints/dict_16_192_64_0p5_0p02_0042_0004.uasset" 5394
"../../../Engine/Content/EngineMaterials/Substrate/GLints/dict_16_192_64_0p5_0p02_0042_0002.uasset" 5395
"../../../Engine/Content/EngineMaterials/Substrate/GLints/dict_16_192_64_0p5_0p02_0042_0001.uasset" 5396
"../../../Engine/Content/EngineMaterials/Substrate/GLints/dict_16_192_64_0p5_0p02_0042_0000.uasset" 5397
"/Engine/EngineMaterials/Substrate/GLints/dict_16_192_64_0p5_0p02_0042_0000" 5398
"/Engine/EngineMaterials/Substrate/GLints/dict_16_192_64_0p5_0p02_0042_0001" 5399
"/Engine/EngineMaterials/Substrate/GLints/dict_16_192_64_0p5_0p02_0042_0002" 5400
"/Engine/EngineMaterials/Substrate/GLints/dict_16_192_64_0p5_0p02_0042_0003" 5401
"/Engine/EngineMaterials/Substrate/GLints/dict_16_192_64_0p5_0p02_0042_0004" 5402
"/Engine/EngineMaterials/Substrate/GLints/dict_16_192_64_0p5_0p02_0042_0005" 5403
"/Engine/EngineMaterials/Substrate/GLints/dict_16_192_64_0p5_0p02_0042_0006" 5404
"/Engine/EngineMaterials/Substrate/GLints/dict_16_192_64_0p5_0p02_0042_0007" 5405
"/Engine/EngineMaterials/Substrate/GLints/dict_16_192_64_0p5_0p02_0042_0008" 5406
"/Engine/EngineMaterials/Substrate/GLints/dict_16_192_64_0p5_0p02_0042_0009" 5407
"/Engine/EngineMaterials/Substrate/GLints/dict_16_192_64_0p5_0p02_0042_0010" 5408
"/Engine/EngineMaterials/Substrate/GLints/dict_16_192_64_0p5_0p02_0042_0011" 5409
"/Engine/EngineMaterials/Substrate/GLints/dict_16_192_64_0p5_0p02_0042_0012" 5410
"/Engine/EngineMaterials/Substrate/GLints/dict_16_192_64_0p5_0p02_0042_0013" 5411
"/Engine/EngineMaterials/Substrate/GLints/dict_16_192_64_0p5_0p02_0042_0014" 5412
"/Engine/EngineMaterials/Substrate/GLints/dict_16_192_64_0p5_0p02_0042_0015" 5413
"/Engine/EngineMaterials/Substrate/GLints/dict_16_192_64_0p5_0p02_0043_0000" 5414
"/Engine/EngineMaterials/Substrate/GLints/dict_16_192_64_0p5_0p02_0043_0001" 5415
"/Engine/EngineMaterials/Substrate/GLints/dict_16_192_64_0p5_0p02_0043_0002" 5416
"/Engine/EngineMaterials/Substrate/GLints/dict_16_192_64_0p5_0p02_0043_0003" 5417
"/Engine/EngineMaterials/Substrate/GLints/dict_16_192_64_0p5_0p02_0043_0004" 5418
"/Engine/EngineMaterials/Substrate/GLints/dict_16_192_64_0p5_0p02_0043_0005" 5419
"/Engine/EngineMaterials/Substrate/GLints/dict_16_192_64_0p5_0p02_0043_0006" 5420
"/Engine/EngineMaterials/Substrate/GLints/dict_16_192_64_0p5_0p02_0043_0007" 5421
"/Engine/EngineMaterials/Substrate/GLints/dict_16_192_64_0p5_0p02_0043_0008" 5422
"/Engine/EngineMaterials/Substrate/GLints/dict_16_192_64_0p5_0p02_0043_0009" 5423
"/Engine/EngineMaterials/Substrate/GLints/dict_16_192_64_0p5_0p02_0043_0010" 5424
"/Engine/EngineMaterials/Substrate/GLints/dict_16_192_64_0p5_0p02_0043_0011" 5425
"/Engine/EngineMaterials/Substrate/GLints/dict_16_192_64_0p5_0p02_0043_0012" 5426
"/Engine/EngineMaterials/Substrate/GLints/dict_16_192_64_0p5_0p02_0043_0013" 5427
"/Engine/EngineMaterials/Substrate/GLints/dict_16_192_64_0p5_0p02_0043_0014" 5428
"/Engine/EngineMaterials/Substrate/GLints/dict_16_192_64_0p5_0p02_0043_0015" 5429
"../../../Engine/Content/EngineMaterials/Substrate/GLints/dict_16_192_64_0p5_0p02_0041_0015.uasset" 5430
"../../../Engine/Content/EngineMaterials/Substrate/GLints/dict_16_192_64_0p5_0p02_0041_0013.uasset" 5431
"../../../Engine/Content/EngineMaterials/Substrate/GLints/dict_16_192_64_0p5_0p02_0041_0014.uasset" 5432
"../../../Engine/Content/EngineMaterials/Substrate/GLints/dict_16_192_64_0p5_0p02_0041_0012.uasset" 5433
"../../../Engine/Content/EngineMaterials/Substrate/GLints/dict_16_192_64_0p5_0p02_0041_0010.uasset" 5434
"../../../Engine/Content/EngineMaterials/Substrate/GLints/dict_16_192_64_0p5_0p02_0041_0011.uasset" 5435
"/Engine/EngineMaterials/Substrate/GLints/dict_16_192_64_0p5_0p02_0041_0010" 5436
"../../../Engine/Content/EngineMaterials/Substrate/GLints/dict_16_192_64_0p5_0p02_0041_0009.uasset" 5437
"../../../Engine/Content/EngineMaterials/Substrate/GLints/dict_16_192_64_0p5_0p02_0041_0008.uasset" 5438
"../../../Engine/Content/EngineMaterials/Substrate/GLints/dict_16_192_64_0p5_0p02_0041_0007.uasset" 5439
"/Engine/EngineMaterials/Substrate/GLints/dict_16_192_64_0p5_0p02_0041_0011" 5440
"/Engine/EngineMaterials/Substrate/GLints/dict_16_192_64_0p5_0p02_0041_0012" 5441
"../../../Engine/Content/EngineMaterials/Substrate/GLints/dict_16_192_64_0p5_0p02_0041_0006.uasset" 5442
"/Engine/EngineMaterials/Substrate/GLints/dict_16_192_64_0p5_0p02_0041_0013" 5443
"/Engine/EngineMaterials/Substrate/GLints/dict_16_192_64_0p5_0p02_0041_0014" 5444
"/Engine/EngineMaterials/Substrate/GLints/dict_16_192_64_0p5_0p02_0041_0015" 5445
"../../../Engine/Content/EngineMaterials/Substrate/GLints/dict_16_192_64_0p5_0p02_0041_0001.uasset" 5446
"../../../Engine/Content/EngineMaterials/Substrate/GLints/dict_16_192_64_0p5_0p02_0041_0002.uasset" 5447
"../../../Engine/Content/EngineMaterials/Substrate/GLints/dict_16_192_64_0p5_0p02_0041_0000.uasset" 5448
"/Engine/EngineMaterials/Substrate/GLints/dict_16_192_64_0p5_0p02_0041_0007" 5449
"/Engine/EngineMaterials/Substrate/GLints/dict_16_192_64_0p5_0p02_0041_0008" 5450
"/Engine/EngineMaterials/Substrate/GLints/dict_16_192_64_0p5_0p02_0041_0009" 5451
"../../../Engine/Content/EngineMaterials/Substrate/GLints/dict_16_192_64_0p5_0p02_0041_0003.uasset" 5452
"/Engine/EngineMaterials/Substrate/GLints/dict_16_192_64_0p5_0p02_0041_0006" 5453
"../../../Engine/Content/EngineMaterials/Substrate/GLints/dict_16_192_64_0p5_0p02_0040_0014.uasset" 5454
"../../../Engine/Content/EngineMaterials/Substrate/GLints/dict_16_192_64_0p5_0p02_0040_0015.uasset" 5455
"../../../Engine/Content/EngineMaterials/Substrate/GLints/dict_16_192_64_0p5_0p02_0040_0013.uasset" 5456
"../../../Engine/Content/EngineMaterials/Substrate/GLints/dict_16_192_64_0p5_0p02_0041_0004.uasset" 5457
"/Engine/EngineMaterials/Substrate/GLints/dict_16_192_64_0p5_0p02_0041_0002" 5458
"../../../Engine/Content/EngineMaterials/Substrate/GLints/dict_16_192_64_0p5_0p02_0041_0005.uasset" 5459
"/Engine/EngineMaterials/Substrate/GLints/dict_16_192_64_0p5_0p02_0040_0014" 5460
"/Engine/EngineMaterials/Substrate/GLints/dict_16_192_64_0p5_0p02_0041_0000" 5461
"../../../Engine/Content/EngineMaterials/Substrate/GLints/dict_16_192_64_0p5_0p02_0040_0012.uasset" 5462
"/Engine/EngineMaterials/Substrate/GLints/dict_16_192_64_0p5_0p02_0041_0001" 5463
"/Engine/EngineMaterials/Substrate/GLints/dict_16_192_64_0p5_0p02_0040_0013" 5464
"../../../Engine/Content/EngineMaterials/Substrate/GLints/dict_16_192_64_0p5_0p02_0040_0010.uasset" 5465
"/Engine/EngineMaterials/Substrate/GLints/dict_16_192_64_0p5_0p02_0040_0015" 5466
"/Engine/EngineMaterials/Substrate/GLints/dict_16_192_64_0p5_0p02_0041_0003" 5467
"../../../Engine/Content/EngineMaterials/Substrate/GLints/dict_16_192_64_0p5_0p02_0040_0011.uasset" 5468
"/Engine/EngineMaterials/Substrate/GLints/dict_16_192_64_0p5_0p02_0041_0004" 5469
"../../../Engine/Content/EngineMaterials/Substrate/GLints/dict_16_192_64_0p5_0p02_0040_0004.uasset" 5470
"../../../Engine/Content/EngineMaterials/Substrate/GLints/dict_16_192_64_0p5_0p02_0040_0009.uasset" 5471
"../../../Engine/Content/EngineMaterials/Substrate/GLints/dict_16_192_64_0p5_0p02_0040_0002.uasset" 5472
"../../../Engine/Content/EngineMaterials/Substrate/GLints/dict_16_192_64_0p5_0p02_0040_0008.uasset" 5473
"../../../Engine/Content/EngineMaterials/Substrate/GLints/dict_16_192_64_0p5_0p02_0040_0003.uasset" 5474
"../../../Engine/Content/EngineMaterials/Substrate/GLints/dict_16_192_64_0p5_0p02_0040_0001.uasset" 5475
"../../../Engine/Content/EngineMaterials/Substrate/GLints/dict_16_192_64_0p5_0p02_0040_0005.uasset" 5476
"../../../Engine/Content/EngineMaterials/Substrate/GLints/dict_16_192_64_0p5_0p02_0040_0007.uasset" 5477
"../../../Engine/Content/EngineMaterials/Substrate/GLints/dict_16_192_64_0p5_0p02_0040_0006.uasset" 5478
"../../../Engine/Content/EngineMaterials/Substrate/GLints/dict_16_192_64_0p5_0p02_0040_0000.uasset" 5479
"../../../Engine/Content/EngineMaterials/Substrate/GLints/dict_16_192_64_0p5_0p02_0039_0015.uasset" 5480
"../../../Engine/Content/EngineMaterials/Substrate/GLints/dict_16_192_64_0p5_0p02_0039_0013.uasset" 5481
"../../../Engine/Content/EngineMaterials/Substrate/GLints/dict_16_192_64_0p5_0p02_0039_0011.uasset" 5482
"../../../Engine/Content/EngineMaterials/Substrate/GLints/dict_16_192_64_0p5_0p02_0039_0012.uasset" 5483
"../../../Engine/Content/EngineMaterials/Substrate/GLints/dict_16_192_64_0p5_0p02_0039_0007.uasset" 5484
"../../../Engine/Content/EngineMaterials/Substrate/GLints/dict_16_192_64_0p5_0p02_0039_0005.uasset" 5485
"../../../Engine/Content/EngineMaterials/Substrate/GLints/dict_16_192_64_0p5_0p02_0039_0010.uasset" 5486
"../../../Engine/Content/EngineMaterials/Substrate/GLints/dict_16_192_64_0p5_0p02_0039_0009.uasset" 5487
"../../../Engine/Content/EngineMaterials/Substrate/GLints/dict_16_192_64_0p5_0p02_0039_0008.uasset" 5488
"../../../Engine/Content/EngineMaterials/Substrate/GLints/dict_16_192_64_0p5_0p02_0039_0014.uasset" 5489
"../../../Engine/Content/EngineMaterials/Substrate/GLints/dict_16_192_64_0p5_0p02_0039_0004.uasset" 5490
"../../../Engine/Content/EngineMaterials/Substrate/GLints/dict_16_192_64_0p5_0p02_0039_0006.uasset" 5491
"/Engine/EngineMaterials/Substrate/GLints/dict_16_192_64_0p5_0p02_0040_0000" 5492
"../../../Engine/Content/EngineMaterials/Substrate/GLints/dict_16_192_64_0p5_0p02_0039_0003.uasset" 5493
"/Engine/EngineMaterials/Substrate/GLints/dict_16_192_64_0p5_0p02_0040_0001" 5494
"/Engine/EngineMaterials/Substrate/GLints/dict_16_192_64_0p5_0p02_0040_0002" 5495
"../../../Engine/Content/EngineMaterials/Substrate/GLints/dict_16_192_64_0p5_0p02_0039_0001.uasset" 5496
"/Engine/EngineMaterials/Substrate/GLints/dict_16_192_64_0p5_0p02_0040_0003" 5497
"../../../Engine/Content/EngineMaterials/Substrate/GLints/dict_16_192_64_0p5_0p02_0039_0000.uasset" 5498
"../../../Engine/Content/EngineMaterials/Substrate/GLints/dict_16_192_64_0p5_0p02_0038_0015.uasset" 5499
"../../../Engine/Content/EngineMaterials/Substrate/GLints/dict_16_192_64_0p5_0p02_0039_0002.uasset" 5500
"../../../Engine/Content/EngineMaterials/Substrate/GLints/dict_16_192_64_0p5_0p02_0038_0014.uasset" 5501
"/Engine/EngineMaterials/Substrate/GLints/dict_16_192_64_0p5_0p02_0040_0004" 5502
"/Engine/EngineMaterials/Substrate/GLints/dict_16_192_64_0p5_0p02_0040_0005" 5503
"/Engine/EngineMaterials/Substrate/GLints/dict_16_192_64_0p5_0p02_0040_0006" 5504
"/Engine/EngineMaterials/Substrate/GLints/dict_16_192_64_0p5_0p02_0040_0007" 5505
"/Engine/EngineMaterials/Substrate/GLints/dict_16_192_64_0p5_0p02_0040_0008" 5506
"/Engine/EngineMaterials/Substrate/GLints/dict_16_192_64_0p5_0p02_0040_0009" 5507
"/Engine/EngineMaterials/Substrate/GLints/dict_16_192_64_0p5_0p02_0040_0010" 5508
"/Engine/EngineMaterials/Substrate/GLints/dict_16_192_64_0p5_0p02_0040_0011" 5509
"/Engine/EngineMaterials/Substrate/GLints/dict_16_192_64_0p5_0p02_0040_0012" 5510
"/Engine/EngineMaterials/Substrate/GLints/dict_16_192_64_0p5_0p02_0041_0005" 5511
"/Engine/EngineMaterials/Substrate/GLints/dict_16_192_64_0p5_0p02_0039_0011" 5512
"/Engine/EngineMaterials/Substrate/GLints/dict_16_192_64_0p5_0p02_0039_0012" 5513
"/Engine/EngineMaterials/Substrate/GLints/dict_16_192_64_0p5_0p02_0039_0013" 5514
"/Engine/EngineMaterials/Substrate/GLints/dict_16_192_64_0p5_0p02_0039_0015" 5515
"/Engine/EngineMaterials/Substrate/GLints/dict_16_192_64_0p5_0p02_0038_0015" 5516
"../../../Engine/Content/EngineMaterials/Substrate/GLints/dict_16_192_64_0p5_0p02_0038_0013.uasset" 5517
"/Engine/EngineMaterials/Substrate/GLints/dict_16_192_64_0p5_0p02_0039_0002" 5518
"../../../Engine/Content/EngineMaterials/Substrate/GLints/dict_16_192_64_0p5_0p02_0038_0012.uasset" 5519
"/Engine/EngineMaterials/Substrate/GLints/dict_16_192_64_0p5_0p02_0039_0000" 5520
"../../../Engine/Content/EngineMaterials/Substrate/GLints/dict_16_192_64_0p5_0p02_0038_0010.uasset" 5521
"../../../Engine/Content/EngineMaterials/Substrate/GLints/dict_16_192_64_0p5_0p02_0038_0009.uasset" 5522
"/Engine/EngineMaterials/Substrate/GLints/dict_16_192_64_0p5_0p02_0039_0003" 5523
"../../../Engine/Content/EngineMaterials/Substrate/GLints/dict_16_192_64_0p5_0p02_0038_0011.uasset" 5524
"/Engine/EngineMaterials/Substrate/GLints/dict_16_192_64_0p5_0p02_0039_0004" 5525
"/Engine/EngineMaterials/Substrate/GLints/dict_16_192_64_0p5_0p02_0039_0005" 5526
"/Engine/EngineMaterials/Substrate/GLints/dict_16_192_64_0p5_0p02_0039_0001" 5527
"/Engine/EngineMaterials/Substrate/GLints/dict_16_192_64_0p5_0p02_0038_0014" 5528
"../../../Engine/Content/EngineMaterials/Substrate/GLints/dict_16_192_64_0p5_0p02_0038_0004.uasset" 5529
"../../../Engine/Content/EngineMaterials/Substrate/GLints/dict_16_192_64_0p5_0p02_0038_0006.uasset" 5530
"../../../Engine/Content/EngineMaterials/Substrate/GLints/dict_16_192_64_0p5_0p02_0038_0008.uasset" 5531
"../../../Engine/Content/EngineMaterials/Substrate/GLints/dict_16_192_64_0p5_0p02_0038_0005.uasset" 5532
"/Engine/EngineMaterials/Substrate/GLints/dict_16_192_64_0p5_0p02_0039_0006" 5533
"../../../Engine/Content/EngineMaterials/Substrate/GLints/dict_16_192_64_0p5_0p02_0038_0001.uasset" 5534
"/Engine/EngineMaterials/Substrate/GLints/dict_16_192_64_0p5_0p02_0039_0007" 5535
"/Engine/EngineMaterials/Substrate/GLints/dict_16_192_64_0p5_0p02_0039_0008" 5536
"/Engine/EngineMaterials/Substrate/GLints/dict_16_192_64_0p5_0p02_0039_0009" 5537
"../../../Engine/Content/EngineMaterials/Substrate/GLints/dict_16_192_64_0p5_0p02_0038_0002.uasset" 5538
"../../../Engine/Content/EngineMaterials/Substrate/GLints/dict_16_192_64_0p5_0p02_0038_0003.uasset" 5539
"../../../Engine/Content/EngineMaterials/Substrate/GLints/dict_16_192_64_0p5_0p02_0038_0000.uasset" 5540
"../../../Engine/Content/EngineMaterials/Substrate/GLints/dict_16_192_64_0p5_0p02_0037_0014.uasset" 5541
"../../../Engine/Content/EngineMaterials/Substrate/GLints/dict_16_192_64_0p5_0p02_0038_0007.uasset" 5542
"../../../Engine/Content/EngineMaterials/Substrate/GLints/dict_16_192_64_0p5_0p02_0037_0015.uasset" 5543
"/Engine/EngineMaterials/Substrate/GLints/dict_16_192_64_0p5_0p02_0039_0010" 5544
"/Engine/EngineMaterials/Substrate/GLints/dict_16_192_64_0p5_0p02_0039_0014" 5545
"../../../Engine/Content/EngineMaterials/Substrate/GLints/dict_16_192_64_0p5_0p02_0037_0013.uasset" 5546
"/Engine/EngineMaterials/Substrate/GLints/dict_16_192_64_0p5_0p02_0038_0001" 5547
"/Engine/EngineMaterials/Substrate/GLints/dict_16_192_64_0p5_0p02_0038_0004" 5548
"/Engine/EngineMaterials/Substrate/GLints/dict_16_192_64_0p5_0p02_0038_0005" 5549
"/Engine/EngineMaterials/Substrate/GLints/dict_16_192_64_0p5_0p02_0038_0006" 5550
"/Engine/EngineMaterials/Substrate/GLints/dict_16_192_64_0p5_0p02_0038_0008" 5551
"/Engine/EngineMaterials/Substrate/GLints/dict_16_192_64_0p5_0p02_0038_0009" 5552
"/Engine/EngineMaterials/Substrate/GLints/dict_16_192_64_0p5_0p02_0038_0010" 5553
"../../../Engine/Content/EngineMaterials/Substrate/GLints/dict_16_192_64_0p5_0p02_0037_0003.uasset" 5554
"../../../Engine/Content/EngineMaterials/Substrate/GLints/dict_16_192_64_0p5_0p02_0037_0005.uasset" 5555
"../../../Engine/Content/EngineMaterials/Substrate/GLints/dict_16_192_64_0p5_0p02_0037_0007.uasset" 5556
"../../../Engine/Content/EngineMaterials/Substrate/GLints/dict_16_192_64_0p5_0p02_0037_0010.uasset" 5557
"/Engine/EngineMaterials/Substrate/GLints/dict_16_192_64_0p5_0p02_0038_0011" 5558
"../../../Engine/Content/EngineMaterials/Substrate/GLints/dict_16_192_64_0p5_0p02_0037_0002.uasset" 5559
"../../../Engine/Content/EngineMaterials/Substrate/GLints/dict_16_192_64_0p5_0p02_0037_0011.uasset" 5560
"../../../Engine/Content/EngineMaterials/Substrate/GLints/dict_16_192_64_0p5_0p02_0037_0000.uasset" 5561
"../../../Engine/Content/EngineMaterials/Substrate/GLints/dict_16_192_64_0p5_0p02_0037_0001.uasset" 5562
"../../../Engine/Content/EngineMaterials/Substrate/GLints/dict_16_192_64_0p5_0p02_0037_0008.uasset" 5563
"../../../Engine/Content/EngineMaterials/Substrate/GLints/dict_16_192_64_0p5_0p02_0037_0012.uasset" 5564
"/Engine/EngineMaterials/Substrate/GLints/dict_16_192_64_0p5_0p02_0038_0012" 5565
"../../../Engine/Content/EngineMaterials/Substrate/GLints/dict_16_192_64_0p5_0p02_0036_0014.uasset" 5566
"../../../Engine/Content/EngineMaterials/Substrate/GLints/dict_16_192_64_0p5_0p02_0036_0015.uasset" 5567
"/Engine/EngineMaterials/Substrate/GLints/dict_16_192_64_0p5_0p02_0038_0013" 5568
"../../../Engine/Content/EngineMaterials/Substrate/GLints/dict_16_192_64_0p5_0p02_0037_0006.uasset" 5569
"../../../Engine/Content/EngineMaterials/Substrate/GLints/dict_16_192_64_0p5_0p02_0037_0009.uasset" 5570
"../../../Engine/Content/EngineMaterials/Substrate/GLints/dict_16_192_64_0p5_0p02_0036_0013.uasset" 5571
"/Engine/EngineMaterials/Substrate/GLints/dict_16_192_64_0p5_0p02_0037_0012" 5572
"/Engine/EngineMaterials/Substrate/GLints/dict_16_192_64_0p5_0p02_0037_0013" 5573
"../../../Engine/Content/EngineMaterials/Substrate/GLints/dict_16_192_64_0p5_0p02_0037_0004.uasset" 5574
"/Engine/EngineMaterials/Substrate/GLints/dict_16_192_64_0p5_0p02_0037_0014" 5575
"/Engine/EngineMaterials/Substrate/GLints/dict_16_192_64_0p5_0p02_0037_0015" 5576
"../../../Engine/Content/EngineMaterials/Substrate/GLints/dict_16_192_64_0p5_0p02_0036_0008.uasset" 5577
"../../../Engine/Content/EngineMaterials/Substrate/GLints/dict_16_192_64_0p5_0p02_0036_0009.uasset" 5578
"../../../Engine/Content/EngineMaterials/Substrate/GLints/dict_16_192_64_0p5_0p02_0036_0010.uasset" 5579
"../../../Engine/Content/EngineMaterials/Substrate/GLints/dict_16_192_64_0p5_0p02_0036_0011.uasset" 5580
"/Engine/EngineMaterials/Substrate/GLints/dict_16_192_64_0p5_0p02_0038_0000" 5581
"../../../Engine/Content/EngineMaterials/Substrate/GLints/dict_16_192_64_0p5_0p02_0036_0007.uasset" 5582
"../../../Engine/Content/EngineMaterials/Substrate/GLints/dict_16_192_64_0p5_0p02_0036_0006.uasset" 5583
"../../../Engine/Content/EngineMaterials/Substrate/GLints/dict_16_192_64_0p5_0p02_0036_0012.uasset" 5584
"../../../Engine/Content/EngineMaterials/Substrate/GLints/dict_16_192_64_0p5_0p02_0036_0005.uasset" 5585
"/Engine/EngineMaterials/Substrate/GLints/dict_16_192_64_0p5_0p02_0038_0002" 5586
"/Engine/EngineMaterials/Substrate/GLints/dict_16_192_64_0p5_0p02_0038_0003" 5587
"/Engine/EngineMaterials/Substrate/GLints/dict_16_192_64_0p5_0p02_0038_0007" 5588
"../../../Engine/Content/EngineMaterials/Substrate/GLints/dict_16_192_64_0p5_0p02_0036_0004.uasset" 5589
"/Engine/EngineMaterials/Substrate/GLints/dict_16_192_64_0p5_0p02_0037_0000" 5590
"/Engine/EngineMaterials/Substrate/GLints/dict_16_192_64_0p5_0p02_0037_0001" 5591
"/Engine/EngineMaterials/Substrate/GLints/dict_16_192_64_0p5_0p02_0037_0002" 5592
"/Engine/EngineMaterials/Substrate/GLints/dict_16_192_64_0p5_0p02_0037_0003" 5593
"/Engine/EngineMaterials/Substrate/GLints/dict_16_192_64_0p5_0p02_0037_0005" 5594
"/Engine/EngineMaterials/Substrate/GLints/dict_16_192_64_0p5_0p02_0037_0007" 5595
"/Engine/EngineMaterials/Substrate/GLints/dict_16_192_64_0p5_0p02_0037_0008" 5596
"/Engine/EngineMaterials/Substrate/GLints/dict_16_192_64_0p5_0p02_0037_0010" 5597
"/Engine/EngineMaterials/Substrate/GLints/dict_16_192_64_0p5_0p02_0037_0011" 5598
"../../../Engine/Content/EngineMaterials/Substrate/GLints/dict_16_192_64_0p5_0p02_0036_0002.uasset" 5599
"../../../Engine/Content/EngineMaterials/Substrate/GLints/dict_16_192_64_0p5_0p02_0036_0003.uasset" 5600
"../../../Engine/Content/EngineMaterials/Substrate/GLints/dict_16_192_64_0p5_0p02_0036_0001.uasset" 5601
"/Engine/EngineMaterials/Substrate/GLints/dict_16_192_64_0p5_0p02_0036_0004" 5602
"../../../Engine/Content/EngineMaterials/Substrate/GLints/dict_16_192_64_0p5_0p02_0035_0013.uasset" 5603
"../../../Engine/Content/EngineMaterials/Substrate/GLints/dict_16_192_64_0p5_0p02_0035_0011.uasset" 5604
"../../../Engine/Content/EngineMaterials/Substrate/GLints/dict_16_192_64_0p5_0p02_0035_0010.uasset" 5605
"../../../Engine/Content/EngineMaterials/Substrate/GLints/dict_16_192_64_0p5_0p02_0035_0012.uasset" 5606
"/Engine/EngineMaterials/Substrate/GLints/dict_16_192_64_0p5_0p02_0036_0005" 5607
"../../../Engine/Content/EngineMaterials/Substrate/GLints/dict_16_192_64_0p5_0p02_0035_0014.uasset" 5608
"../../../Engine/Content/EngineMaterials/Substrate/GLints/dict_16_192_64_0p5_0p02_0035_0015.uasset" 5609
"../../../Engine/Content/EngineMaterials/Substrate/GLints/dict_16_192_64_0p5_0p02_0035_0009.uasset" 5610
"../../../Engine/Content/EngineMaterials/Substrate/GLints/dict_16_192_64_0p5_0p02_0036_0000.uasset" 5611
"/Engine/EngineMaterials/Substrate/GLints/dict_16_192_64_0p5_0p02_0036_0006" 5612
"/Engine/EngineMaterials/Substrate/GLints/dict_16_192_64_0p5_0p02_0036_0007" 5613
"/Engine/EngineMaterials/Substrate/GLints/dict_16_192_64_0p5_0p02_0036_0008" 5614
"/Engine/EngineMaterials/Substrate/GLints/dict_16_192_64_0p5_0p02_0036_0014" 5615
"../../../Engine/Content/EngineMaterials/Substrate/GLints/dict_16_192_64_0p5_0p02_0035_0004.uasset" 5616
"../../../Engine/Content/EngineMaterials/Substrate/GLints/dict_16_192_64_0p5_0p02_0035_0008.uasset" 5617
"../../../Engine/Content/EngineMaterials/Substrate/GLints/dict_16_192_64_0p5_0p02_0035_0005.uasset" 5618
"../../../Engine/Content/EngineMaterials/Substrate/GLints/dict_16_192_64_0p5_0p02_0035_0006.uasset" 5619
"../../../Engine/Content/EngineMaterials/Substrate/GLints/dict_16_192_64_0p5_0p02_0035_0003.uasset" 5620
"/Engine/EngineMaterials/Substrate/GLints/dict_16_192_64_0p5_0p02_0036_0015" 5621
"../../../Engine/Content/EngineMaterials/Substrate/GLints/dict_16_192_64_0p5_0p02_0035_0007.uasset" 5622
"/Engine/EngineMaterials/Substrate/GLints/dict_16_192_64_0p5_0p02_0037_0004" 5623
"/Engine/EngineMaterials/Substrate/GLints/dict_16_192_64_0p5_0p02_0036_0009" 5624
"/Engine/EngineMaterials/Substrate/GLints/dict_16_192_64_0p5_0p02_0037_0006" 5625
"/Engine/EngineMaterials/Substrate/GLints/dict_16_192_64_0p5_0p02_0037_0009" 5626
"/Engine/EngineMaterials/Substrate/GLints/dict_16_192_64_0p5_0p02_0036_0010" 5627
"/Engine/EngineMaterials/Substrate/GLints/dict_16_192_64_0p5_0p02_0036_0011" 5628
"/Engine/EngineMaterials/Substrate/GLints/dict_16_192_64_0p5_0p02_0036_0012" 5629
"/Engine/EngineMaterials/Substrate/GLints/dict_16_192_64_0p5_0p02_0036_0013" 5630
"/Engine/EngineMaterials/Substrate/GLints/dict_16_192_64_0p5_0p02_0035_0003" 5631
"../../../Engine/Content/EngineMaterials/Substrate/GLints/dict_16_192_64_0p5_0p02_0035_0001.uasset" 5632
"../../../Engine/Content/EngineMaterials/Substrate/GLints/dict_16_192_64_0p5_0p02_0035_0002.uasset" 5633
"/Engine/EngineMaterials/Substrate/GLints/dict_16_192_64_0p5_0p02_0035_0004" 5634
"../../../Engine/Content/EngineMaterials/Substrate/GLints/dict_16_192_64_0p5_0p02_0034_0013.uasset" 5635
"../../../Engine/Content/EngineMaterials/Substrate/GLints/dict_16_192_64_0p5_0p02_0035_0000.uasset" 5636
"../../../Engine/Content/EngineMaterials/Substrate/GLints/dict_16_192_64_0p5_0p02_0034_0014.uasset" 5637
"../../../Engine/Content/EngineMaterials/Substrate/GLints/dict_16_192_64_0p5_0p02_0034_0015.uasset" 5638
"/Engine/EngineMaterials/Substrate/GLints/dict_16_192_64_0p5_0p02_0035_0005" 5639
"/Engine/EngineMaterials/Substrate/GLints/dict_16_192_64_0p5_0p02_0035_0006" 5640
"/Engine/EngineMaterials/Substrate/GLints/dict_16_192_64_0p5_0p02_0035_0007" 5641
"../../../Engine/Content/EngineMaterials/Substrate/GLints/dict_16_192_64_0p5_0p02_0034_0004.uasset" 5642
"../../../Engine/Content/EngineMaterials/Substrate/GLints/dict_16_192_64_0p5_0p02_0034_0008.uasset" 5643
"../../../Engine/Content/EngineMaterials/Substrate/GLints/dict_16_192_64_0p5_0p02_0034_0009.uasset" 5644
"/Engine/EngineMaterials/Substrate/GLints/dict_16_192_64_0p5_0p02_0035_0008" 5645
"../../../Engine/Content/EngineMaterials/Substrate/GLints/dict_16_192_64_0p5_0p02_0034_0005.uasset" 5646
"../../../Engine/Content/EngineMaterials/Substrate/GLints/dict_16_192_64_0p5_0p02_0034_0007.uasset" 5647
"../../../Engine/Content/EngineMaterials/Substrate/GLints/dict_16_192_64_0p5_0p02_0034_0012.uasset" 5648
"../../../Engine/Content/EngineMaterials/Substrate/GLints/dict_16_192_64_0p5_0p02_0034_0011.uasset" 5649
"../../../Engine/Content/EngineMaterials/Substrate/GLints/dict_16_192_64_0p5_0p02_0034_0010.uasset" 5650
"../../../Engine/Content/EngineMaterials/Substrate/GLints/dict_16_192_64_0p5_0p02_0034_0006.uasset" 5651
"/Engine/EngineMaterials/Substrate/GLints/dict_16_192_64_0p5_0p02_0035_0009" 5652
"/Engine/EngineMaterials/Substrate/GLints/dict_16_192_64_0p5_0p02_0035_0010" 5653
"/Engine/EngineMaterials/Substrate/GLints/dict_16_192_64_0p5_0p02_0035_0011" 5654
"/Engine/EngineMaterials/Substrate/GLints/dict_16_192_64_0p5_0p02_0035_0012" 5655
"/Engine/EngineMaterials/Substrate/GLints/dict_16_192_64_0p5_0p02_0035_0013" 5656
"/Engine/EngineMaterials/Substrate/GLints/dict_16_192_64_0p5_0p02_0035_0014" 5657
"/Engine/EngineMaterials/Substrate/GLints/dict_16_192_64_0p5_0p02_0035_0015" 5658
"/Engine/EngineMaterials/Substrate/GLints/dict_16_192_64_0p5_0p02_0036_0000" 5659
"/Engine/EngineMaterials/Substrate/GLints/dict_16_192_64_0p5_0p02_0036_0001" 5660
"/Engine/EngineMaterials/Substrate/GLints/dict_16_192_64_0p5_0p02_0036_0002" 5661
"/Engine/EngineMaterials/Substrate/GLints/dict_16_192_64_0p5_0p02_0036_0003" 5662
"../../../Engine/Content/EngineMaterials/Substrate/GLints/dict_16_192_64_0p5_0p02_0034_0001.uasset" 5663
"../../../Engine/Content/EngineMaterials/Substrate/GLints/dict_16_192_64_0p5_0p02_0034_0003.uasset" 5664
"../../../Engine/Content/EngineMaterials/Substrate/GLints/dict_16_192_64_0p5_0p02_0034_0002.uasset" 5665
"/Engine/EngineMaterials/Substrate/GLints/dict_16_192_64_0p5_0p02_0034_0004" 5666
"/Engine/EngineMaterials/Substrate/GLints/dict_16_192_64_0p5_0p02_0034_0005" 5667
"/Engine/EngineMaterials/Substrate/GLints/dict_16_192_64_0p5_0p02_0034_0006" 5668
"../../../Engine/Content/EngineMaterials/Substrate/GLints/dict_16_192_64_0p5_0p02_0033_0008.uasset" 5669
"../../../Engine/Content/EngineMaterials/Substrate/GLints/dict_16_192_64_0p5_0p02_0033_0007.uasset" 5670
"../../../Engine/Content/EngineMaterials/Substrate/GLints/dict_16_192_64_0p5_0p02_0033_0014.uasset" 5671
"../../../Engine/Content/EngineMaterials/Substrate/GLints/dict_16_192_64_0p5_0p02_0033_0006.uasset" 5672
"../../../Engine/Content/EngineMaterials/Substrate/GLints/dict_16_192_64_0p5_0p02_0034_0000.uasset" 5673
"../../../Engine/Content/EngineMaterials/Substrate/GLints/dict_16_192_64_0p5_0p02_0033_0012.uasset" 5674
"../../../Engine/Content/EngineMaterials/Substrate/GLints/dict_16_192_64_0p5_0p02_0033_0015.uasset" 5675
"../../../Engine/Content/EngineMaterials/Substrate/GLints/dict_16_192_64_0p5_0p02_0033_0010.uasset" 5676
"../../../Engine/Content/EngineMaterials/Substrate/GLints/dict_16_192_64_0p5_0p02_0033_0013.uasset" 5677
"../../../Engine/Content/EngineMaterials/Substrate/GLints/dict_16_192_64_0p5_0p02_0033_0009.uasset" 5678
"../../../Engine/Content/EngineMaterials/Substrate/GLints/dict_16_192_64_0p5_0p02_0033_0011.uasset" 5679
"/Engine/EngineMaterials/Substrate/GLints/dict_16_192_64_0p5_0p02_0034_0007" 5680
"../../../Engine/Content/EngineMaterials/Substrate/GLints/dict_16_192_64_0p5_0p02_0033_0005.uasset" 5681
"/Engine/EngineMaterials/Substrate/GLints/dict_16_192_64_0p5_0p02_0034_0008" 5682
"../../../Engine/Content/EngineMaterials/Substrate/GLints/dict_16_192_64_0p5_0p02_0033_0004.uasset" 5683
"../../../Engine/Content/EngineMaterials/Substrate/GLints/dict_16_192_64_0p5_0p02_0033_0003.uasset" 5684
"/Engine/EngineMaterials/Substrate/GLints/dict_16_192_64_0p5_0p02_0034_0009" 5685
"/Engine/EngineMaterials/Substrate/GLints/dict_16_192_64_0p5_0p02_0034_0010" 5686
"/Engine/EngineMaterials/Substrate/GLints/dict_16_192_64_0p5_0p02_0034_0011" 5687
"/Engine/EngineMaterials/Substrate/GLints/dict_16_192_64_0p5_0p02_0034_0012" 5688
"/Engine/EngineMaterials/Substrate/GLints/dict_16_192_64_0p5_0p02_0034_0013" 5689
"/Engine/EngineMaterials/Substrate/GLints/dict_16_192_64_0p5_0p02_0034_0014" 5690
"/Engine/EngineMaterials/Substrate/GLints/dict_16_192_64_0p5_0p02_0034_0015" 5691
"/Engine/EngineMaterials/Substrate/GLints/dict_16_192_64_0p5_0p02_0035_0000" 5692
"/Engine/EngineMaterials/Substrate/GLints/dict_16_192_64_0p5_0p02_0035_0001" 5693
"/Engine/EngineMaterials/Substrate/GLints/dict_16_192_64_0p5_0p02_0035_0002" 5694
"/Engine/EngineMaterials/Substrate/GLints/dict_16_192_64_0p5_0p02_0033_0003" 5695
"../../../Engine/Content/EngineMaterials/Substrate/GLints/dict_16_192_64_0p5_0p02_0033_0002.uasset" 5696
"../../../Engine/Content/EngineMaterials/Substrate/GLints/dict_16_192_64_0p5_0p02_0033_0001.uasset" 5697
"../../../Engine/Content/EngineMaterials/Substrate/GLints/dict_16_192_64_0p5_0p02_0032_0015.uasset" 5698
"../../../Engine/Content/EngineMaterials/Substrate/GLints/dict_16_192_64_0p5_0p02_0033_0000.uasset" 5699
"../../../Engine/Content/EngineMaterials/Substrate/GLints/dict_16_192_64_0p5_0p02_0032_0013.uasset" 5700
"../../../Engine/Content/EngineMaterials/Substrate/GLints/dict_16_192_64_0p5_0p02_0032_0014.uasset" 5701
"/Engine/EngineMaterials/Substrate/GLints/dict_16_192_64_0p5_0p02_0033_0004" 5702
"../../../Engine/Content/EngineMaterials/Substrate/GLints/dict_16_192_64_0p5_0p02_0032_0011.uasset" 5703
"../../../Engine/Content/EngineMaterials/Substrate/GLints/dict_16_192_64_0p5_0p02_0032_0012.uasset" 5704
"/Engine/EngineMaterials/Substrate/GLints/dict_16_192_64_0p5_0p02_0033_0005" 5705
"/Engine/EngineMaterials/Substrate/GLints/dict_16_192_64_0p5_0p02_0033_0006" 5706
"/Engine/EngineMaterials/Substrate/GLints/dict_16_192_64_0p5_0p02_0033_0007" 5707
"/Engine/EngineMaterials/Substrate/GLints/dict_16_192_64_0p5_0p02_0033_0008" 5708
"../../../Engine/Content/EngineMaterials/Substrate/GLints/dict_16_192_64_0p5_0p02_0032_0005.uasset" 5709
"/Engine/EngineMaterials/Substrate/GLints/dict_16_192_64_0p5_0p02_0033_0009" 5710
"/Engine/EngineMaterials/Substrate/GLints/dict_16_192_64_0p5_0p02_0033_0010" 5711
"../../../Engine/Content/EngineMaterials/Substrate/GLints/dict_16_192_64_0p5_0p02_0032_0004.uasset" 5712
"../../../Engine/Content/EngineMaterials/Substrate/GLints/dict_16_192_64_0p5_0p02_0032_0007.uasset" 5713
"../../../Engine/Content/EngineMaterials/Substrate/GLints/dict_16_192_64_0p5_0p02_0032_0010.uasset" 5714
"../../../Engine/Content/EngineMaterials/Substrate/GLints/dict_16_192_64_0p5_0p02_0032_0009.uasset" 5715
"/Engine/EngineMaterials/Substrate/GLints/dict_16_192_64_0p5_0p02_0033_0011" 5716
"/Engine/EngineMaterials/Substrate/GLints/dict_16_192_64_0p5_0p02_0033_0012" 5717
"../../../Engine/Content/EngineMaterials/Substrate/GLints/dict_16_192_64_0p5_0p02_0032_0006.uasset" 5718
"/Engine/EngineMaterials/Substrate/GLints/dict_16_192_64_0p5_0p02_0033_0013" 5719
"../../../Engine/Content/EngineMaterials/Substrate/GLints/dict_16_192_64_0p5_0p02_0032_0008.uasset" 5720
"/Engine/EngineMaterials/Substrate/GLints/dict_16_192_64_0p5_0p02_0033_0014" 5721
"/Engine/EngineMaterials/Substrate/GLints/dict_16_192_64_0p5_0p02_0033_0015" 5722
"/Engine/EngineMaterials/Substrate/GLints/dict_16_192_64_0p5_0p02_0034_0000" 5723
"/Engine/EngineMaterials/Substrate/GLints/dict_16_192_64_0p5_0p02_0034_0001" 5724
"/Engine/EngineMaterials/Substrate/GLints/dict_16_192_64_0p5_0p02_0034_0002" 5725
"/Engine/EngineMaterials/Substrate/GLints/dict_16_192_64_0p5_0p02_0034_0003" 5726
"../../../Engine/Content/EngineMaterials/Substrate/GLints/dict_16_192_64_0p5_0p02_0032_0003.uasset" 5727
"/Engine/EngineMaterials/Substrate/GLints/dict_16_192_64_0p5_0p02_0032_0004" 5728
"/Engine/EngineMaterials/Substrate/GLints/dict_16_192_64_0p5_0p02_0032_0005" 5729
"../../../Engine/Content/EngineMaterials/Substrate/GLints/dict_16_192_64_0p5_0p02_0031_0014.uasset" 5730
"../../../Engine/Content/EngineMaterials/Substrate/GLints/dict_16_192_64_0p5_0p02_0032_0001.uasset" 5731
"../../../Engine/Content/EngineMaterials/Substrate/GLints/dict_16_192_64_0p5_0p02_0032_0000.uasset" 5732
"../../../Engine/Content/EngineMaterials/Substrate/GLints/dict_16_192_64_0p5_0p02_0031_0013.uasset" 5733
"../../../Engine/Content/EngineMaterials/Substrate/GLints/dict_16_192_64_0p5_0p02_0032_0002.uasset" 5734
"../../../Engine/Content/EngineMaterials/Substrate/GLints/dict_16_192_64_0p5_0p02_0031_0015.uasset" 5735
"/Engine/EngineMaterials/Substrate/GLints/dict_16_192_64_0p5_0p02_0032_0006" 5736
"/Engine/EngineMaterials/Substrate/GLints/dict_16_192_64_0p5_0p02_0032_0007" 5737
"/Engine/EngineMaterials/Substrate/GLints/dict_16_192_64_0p5_0p02_0032_0008" 5738
"/Engine/EngineMaterials/Substrate/GLints/dict_16_192_64_0p5_0p02_0032_0009" 5739
"/Engine/EngineMaterials/Substrate/GLints/dict_16_192_64_0p5_0p02_0032_0010" 5740
"../../../Engine/Content/EngineMaterials/Substrate/GLints/dict_16_192_64_0p5_0p02_0031_0012.uasset" 5741
"../../../Engine/Content/EngineMaterials/Substrate/GLints/dict_16_192_64_0p5_0p02_0031_0011.uasset" 5742
"/Engine/EngineMaterials/Substrate/GLints/dict_16_192_64_0p5_0p02_0032_0011" 5743
"../../../Engine/Content/EngineMaterials/Substrate/GLints/dict_16_192_64_0p5_0p02_0031_0010.uasset" 5744
"../../../Engine/Content/EngineMaterials/Substrate/GLints/dict_16_192_64_0p5_0p02_0031_0006.uasset" 5745
"../../../Engine/Content/EngineMaterials/Substrate/GLints/dict_16_192_64_0p5_0p02_0031_0003.uasset" 5746
"../../../Engine/Content/EngineMaterials/Substrate/GLints/dict_16_192_64_0p5_0p02_0031_0005.uasset" 5747
"/Engine/EngineMaterials/Substrate/GLints/dict_16_192_64_0p5_0p02_0032_0012" 5748
"../../../Engine/Content/EngineMaterials/Substrate/GLints/dict_16_192_64_0p5_0p02_0031_0008.uasset" 5749
"../../../Engine/Content/EngineMaterials/Substrate/GLints/dict_16_192_64_0p5_0p02_0031_0007.uasset" 5750
"../../../Engine/Content/EngineMaterials/Substrate/GLints/dict_16_192_64_0p5_0p02_0031_0009.uasset" 5751
"../../../Engine/Content/EngineMaterials/Substrate/GLints/dict_16_192_64_0p5_0p02_0031_0004.uasset" 5752
"/Engine/EngineMaterials/Substrate/GLints/dict_16_192_64_0p5_0p02_0032_0013" 5753
"/Engine/EngineMaterials/Substrate/GLints/dict_16_192_64_0p5_0p02_0032_0014" 5754
"/Engine/EngineMaterials/Substrate/GLints/dict_16_192_64_0p5_0p02_0032_0015" 5755
"/Engine/EngineMaterials/Substrate/GLints/dict_16_192_64_0p5_0p02_0033_0000" 5756
"/Engine/EngineMaterials/Substrate/GLints/dict_16_192_64_0p5_0p02_0033_0001" 5757
"/Engine/EngineMaterials/Substrate/GLints/dict_16_192_64_0p5_0p02_0033_0002" 5758
"/Engine/EngineMaterials/Substrate/GLints/dict_16_192_64_0p5_0p02_0031_0003" 5759
"/Engine/EngineMaterials/Substrate/GLints/dict_16_192_64_0p5_0p02_0031_0004" 5760
"../../../Engine/Content/EngineMaterials/Substrate/GLints/dict_16_192_64_0p5_0p02_0031_0002.uasset" 5761
"../../../Engine/Content/EngineMaterials/Substrate/GLints/dict_16_192_64_0p5_0p02_0031_0001.uasset" 5762
"../../../Engine/Content/EngineMaterials/Substrate/GLints/dict_16_192_64_0p5_0p02_0031_0000.uasset" 5763
"../../../Engine/Content/EngineMaterials/Substrate/GLints/dict_16_192_64_0p5_0p02_0030_0015.uasset" 5764
"/Engine/EngineMaterials/Substrate/GLints/dict_16_192_64_0p5_0p02_0031_0005" 5765
"../../../Engine/Content/EngineMaterials/Substrate/GLints/dict_16_192_64_0p5_0p02_0030_0011.uasset" 5766
"/Engine/EngineMaterials/Substrate/GLints/dict_16_192_64_0p5_0p02_0031_0006" 5767
"/Engine/EngineMaterials/Substrate/GLints/dict_16_192_64_0p5_0p02_0031_0007" 5768
"../../../Engine/Content/EngineMaterials/Substrate/GLints/dict_16_192_64_0p5_0p02_0030_0006.uasset" 5769
"../../../Engine/Content/EngineMaterials/Substrate/GLints/dict_16_192_64_0p5_0p02_0030_0013.uasset" 5770
"../../../Engine/Content/EngineMaterials/Substrate/GLints/dict_16_192_64_0p5_0p02_0030_0010.uasset" 5771
"/Engine/EngineMaterials/Substrate/GLints/dict_16_192_64_0p5_0p02_0031_0008" 5772
"../../../Engine/Content/EngineMaterials/Substrate/GLints/dict_16_192_64_0p5_0p02_0030_0009.uasset" 5773
"../../../Engine/Content/EngineMaterials/Substrate/GLints/dict_16_192_64_0p5_0p02_0030_0012.uasset" 5774
"../../../Engine/Content/EngineMaterials/Substrate/GLints/dict_16_192_64_0p5_0p02_0030_0008.uasset" 5775
"../../../Engine/Content/EngineMaterials/Substrate/GLints/dict_16_192_64_0p5_0p02_0030_0014.uasset" 5776
"../../../Engine/Content/EngineMaterials/Substrate/GLints/dict_16_192_64_0p5_0p02_0030_0005.uasset" 5777
"../../../Engine/Content/EngineMaterials/Substrate/GLints/dict_16_192_64_0p5_0p02_0030_0007.uasset" 5778
"/Engine/EngineMaterials/Substrate/GLints/dict_16_192_64_0p5_0p02_0031_0009" 5779
"/Engine/EngineMaterials/Substrate/GLints/dict_16_192_64_0p5_0p02_0031_0010" 5780
"../../../Engine/Content/EngineMaterials/Substrate/GLints/dict_16_192_64_0p5_0p02_0030_0004.uasset" 5781
"/Engine/EngineMaterials/Substrate/GLints/dict_16_192_64_0p5_0p02_0031_0011" 5782
"/Engine/EngineMaterials/Substrate/GLints/dict_16_192_64_0p5_0p02_0031_0012" 5783
"/Engine/EngineMaterials/Substrate/GLints/dict_16_192_64_0p5_0p02_0031_0013" 5784
"/Engine/EngineMaterials/Substrate/GLints/dict_16_192_64_0p5_0p02_0031_0014" 5785
"/Engine/EngineMaterials/Substrate/GLints/dict_16_192_64_0p5_0p02_0031_0015" 5786
"/Engine/EngineMaterials/Substrate/GLints/dict_16_192_64_0p5_0p02_0032_0000" 5787
"/Engine/EngineMaterials/Substrate/GLints/dict_16_192_64_0p5_0p02_0032_0001" 5788
"/Engine/EngineMaterials/Substrate/GLints/dict_16_192_64_0p5_0p02_0032_0002" 5789
"/Engine/EngineMaterials/Substrate/GLints/dict_16_192_64_0p5_0p02_0032_0003" 5790
"/Engine/EngineMaterials/Substrate/GLints/dict_16_192_64_0p5_0p02_0030_0004" 5791
"../../../Engine/Content/EngineMaterials/Substrate/GLints/dict_16_192_64_0p5_0p02_0030_0001.uasset" 5792
"../../../Engine/Content/EngineMaterials/Substrate/GLints/dict_16_192_64_0p5_0p02_0029_0010.uasset" 5793
"../../../Engine/Content/EngineMaterials/Substrate/GLints/dict_16_192_64_0p5_0p02_0029_0011.uasset" 5794
"../../../Engine/Content/EngineMaterials/Substrate/GLints/dict_16_192_64_0p5_0p02_0029_0008.uasset" 5795
"../../../Engine/Content/EngineMaterials/Substrate/GLints/dict_16_192_64_0p5_0p02_0030_0003.uasset" 5796
"../../../Engine/Content/EngineMaterials/Substrate/GLints/dict_16_192_64_0p5_0p02_0030_0002.uasset" 5797
"/Engine/EngineMaterials/Substrate/GLints/dict_16_192_64_0p5_0p02_0030_0005" 5798
"../../../Engine/Content/EngineMaterials/Substrate/GLints/dict_16_192_64_0p5_0p02_0029_0007.uasset" 5799
"../../../Engine/Content/EngineMaterials/Substrate/GLints/dict_16_192_64_0p5_0p02_0030_0000.uasset" 5800
"../../../Engine/Content/EngineMaterials/Substrate/GLints/dict_16_192_64_0p5_0p02_0029_0009.uasset" 5801
"../../../Engine/Content/EngineMaterials/Substrate/GLints/dict_16_192_64_0p5_0p02_0029_0015.uasset" 5802
"../../../Engine/Content/EngineMaterials/Substrate/GLints/dict_16_192_64_0p5_0p02_0029_0014.uasset" 5803
"../../../Engine/Content/EngineMaterials/Substrate/GLints/dict_16_192_64_0p5_0p02_0029_0013.uasset" 5804
"../../../Engine/Content/EngineMaterials/Substrate/GLints/dict_16_192_64_0p5_0p02_0029_0012.uasset" 5805
"/Engine/EngineMaterials/Substrate/GLints/dict_16_192_64_0p5_0p02_0030_0006" 5806
"/Engine/EngineMaterials/Substrate/GLints/dict_16_192_64_0p5_0p02_0030_0007" 5807
"/Engine/EngineMaterials/Substrate/GLints/dict_16_192_64_0p5_0p02_0030_0008" 5808
"../../../Engine/Content/EngineMaterials/Substrate/GLints/dict_16_192_64_0p5_0p02_0029_0006.uasset" 5809
"/Engine/EngineMaterials/Substrate/GLints/dict_16_192_64_0p5_0p02_0030_0009" 5810
"/Engine/EngineMaterials/Substrate/GLints/dict_16_192_64_0p5_0p02_0030_0010" 5811
"/Engine/EngineMaterials/Substrate/GLints/dict_16_192_64_0p5_0p02_0030_0011" 5812
"/Engine/EngineMaterials/Substrate/GLints/dict_16_192_64_0p5_0p02_0030_0012" 5813
"../../../Engine/Content/EngineMaterials/Substrate/GLints/dict_16_192_64_0p5_0p02_0029_0005.uasset" 5814
"/Engine/EngineMaterials/Substrate/GLints/dict_16_192_64_0p5_0p02_0030_0013" 5815
"../../../Engine/Content/EngineMaterials/Substrate/GLints/dict_16_192_64_0p5_0p02_0029_0003.uasset" 5816
"../../../Engine/Content/EngineMaterials/Substrate/GLints/dict_16_192_64_0p5_0p02_0029_0004.uasset" 5817
"/Engine/EngineMaterials/Substrate/GLints/dict_16_192_64_0p5_0p02_0030_0014" 5818
"/Engine/EngineMaterials/Substrate/GLints/dict_16_192_64_0p5_0p02_0030_0015" 5819
"/Engine/EngineMaterials/Substrate/GLints/dict_16_192_64_0p5_0p02_0031_0000" 5820
"/Engine/EngineMaterials/Substrate/GLints/dict_16_192_64_0p5_0p02_0031_0001" 5821
"/Engine/EngineMaterials/Substrate/GLints/dict_16_192_64_0p5_0p02_0031_0002" 5822
"/Engine/EngineMaterials/Substrate/GLints/dict_16_192_64_0p5_0p02_0029_0003" 5823
"/Engine/EngineMaterials/Substrate/GLints/dict_16_192_64_0p5_0p02_0029_0004" 5824
"../../../Engine/Content/EngineMaterials/Substrate/GLints/dict_16_192_64_0p5_0p02_0028_0013.uasset" 5825
"../../../Engine/Content/EngineMaterials/Substrate/GLints/dict_16_192_64_0p5_0p02_0028_0014.uasset" 5826
"../../../Engine/Content/EngineMaterials/Substrate/GLints/dict_16_192_64_0p5_0p02_0028_0015.uasset" 5827
"../../../Engine/Content/EngineMaterials/Substrate/GLints/dict_16_192_64_0p5_0p02_0029_0002.uasset" 5828
"../../../Engine/Content/EngineMaterials/Substrate/GLints/dict_16_192_64_0p5_0p02_0029_0000.uasset" 5829
"../../../Engine/Content/EngineMaterials/Substrate/GLints/dict_16_192_64_0p5_0p02_0029_0001.uasset" 5830
"/Engine/EngineMaterials/Substrate/GLints/dict_16_192_64_0p5_0p02_0029_0005" 5831
"../../../Engine/Content/EngineMaterials/Substrate/GLints/dict_16_192_64_0p5_0p02_0028_0012.uasset" 5832
"/Engine/EngineMaterials/Substrate/GLints/dict_16_192_64_0p5_0p02_0029_0006" 5833
"../../../Engine/Content/EngineMaterials/Substrate/GLints/dict_16_192_64_0p5_0p02_0028_0011.uasset" 5834
"/Engine/EngineMaterials/Substrate/GLints/dict_16_192_64_0p5_0p02_0029_0007" 5835
"/Engine/EngineMaterials/Substrate/GLints/dict_16_192_64_0p5_0p02_0029_0008" 5836
"../../../Engine/Content/EngineMaterials/Substrate/GLints/dict_16_192_64_0p5_0p02_0028_0005.uasset" 5837
"/Engine/EngineMaterials/Substrate/GLints/dict_16_192_64_0p5_0p02_0029_0009" 5838
"../../../Engine/Content/EngineMaterials/Substrate/GLints/dict_16_192_64_0p5_0p02_0028_0010.uasset" 5839
"../../../Engine/Content/EngineMaterials/Substrate/GLints/dict_16_192_64_0p5_0p02_0028_0008.uasset" 5840
"../../../Engine/Content/EngineMaterials/Substrate/GLints/dict_16_192_64_0p5_0p02_0028_0009.uasset" 5841
"../../../Engine/Content/EngineMaterials/Substrate/GLints/dict_16_192_64_0p5_0p02_0028_0007.uasset" 5842
"/Engine/EngineMaterials/Substrate/GLints/dict_16_192_64_0p5_0p02_0029_0010" 5843
"../../../Engine/Content/EngineMaterials/Substrate/GLints/dict_16_192_64_0p5_0p02_0028_0006.uasset" 5844
"/Engine/EngineMaterials/Substrate/GLints/dict_16_192_64_0p5_0p02_0029_0011" 5845
"../../../Engine/Content/EngineMaterials/Substrate/GLints/dict_16_192_64_0p5_0p02_0028_0004.uasset" 5846
"/Engine/EngineMaterials/Substrate/GLints/dict_16_192_64_0p5_0p02_0029_0012" 5847
"/Engine/EngineMaterials/Substrate/GLints/dict_16_192_64_0p5_0p02_0029_0013" 5848
"/Engine/EngineMaterials/Substrate/GLints/dict_16_192_64_0p5_0p02_0029_0014" 5849
"/Engine/EngineMaterials/Substrate/GLints/dict_16_192_64_0p5_0p02_0029_0015" 5850
"/Engine/EngineMaterials/Substrate/GLints/dict_16_192_64_0p5_0p02_0030_0000" 5851
"/Engine/EngineMaterials/Substrate/GLints/dict_16_192_64_0p5_0p02_0030_0001" 5852
"/Engine/EngineMaterials/Substrate/GLints/dict_16_192_64_0p5_0p02_0030_0002" 5853
"/Engine/EngineMaterials/Substrate/GLints/dict_16_192_64_0p5_0p02_0030_0003" 5854
"/Engine/EngineMaterials/Substrate/GLints/dict_16_192_64_0p5_0p02_0028_0004" 5855
"../../../Engine/Content/EngineMaterials/Substrate/GLints/dict_16_192_64_0p5_0p02_0028_0003.uasset" 5856
"../../../Engine/Content/EngineMaterials/Substrate/GLints/dict_16_192_64_0p5_0p02_0028_0002.uasset" 5857
"../../../Engine/Content/EngineMaterials/Substrate/GLints/dict_16_192_64_0p5_0p02_0028_0001.uasset" 5858
"/Engine/EngineMaterials/Substrate/GLints/dict_16_192_64_0p5_0p02_0028_0005" 5859
"../../../Engine/Content/EngineMaterials/Substrate/GLints/dict_16_192_64_0p5_0p02_0027_0015.uasset" 5860
"../../../Engine/Content/EngineMaterials/Substrate/GLints/dict_16_192_64_0p5_0p02_0028_0000.uasset" 5861
"../../../Engine/Content/EngineMaterials/Substrate/GLints/dict_16_192_64_0p5_0p02_0027_0014.uasset" 5862
"/Engine/EngineMaterials/Substrate/GLints/dict_16_192_64_0p5_0p02_0028_0006" 5863
"/Engine/EngineMaterials/Substrate/GLints/dict_16_192_64_0p5_0p02_0028_0007" 5864
"../../../Engine/Content/EngineMaterials/Substrate/GLints/dict_16_192_64_0p5_0p02_0027_0006.uasset" 5865
"../../../Engine/Content/EngineMaterials/Substrate/GLints/dict_16_192_64_0p5_0p02_0027_0012.uasset" 5866
"../../../Engine/Content/EngineMaterials/Substrate/GLints/dict_16_192_64_0p5_0p02_0027_0008.uasset" 5867
"../../../Engine/Content/EngineMaterials/Substrate/GLints/dict_16_192_64_0p5_0p02_0027_0011.uasset" 5868
"../../../Engine/Content/EngineMaterials/Substrate/GLints/dict_16_192_64_0p5_0p02_0027_0013.uasset" 5869
"../../../Engine/Content/EngineMaterials/Substrate/GLints/dict_16_192_64_0p5_0p02_0027_0009.uasset" 5870
"../../../Engine/Content/EngineMaterials/Substrate/GLints/dict_16_192_64_0p5_0p02_0027_0010.uasset" 5871
"/Engine/EngineMaterials/Substrate/GLints/dict_16_192_64_0p5_0p02_0028_0008" 5872
"../../../Engine/Content/EngineMaterials/Substrate/GLints/dict_16_192_64_0p5_0p02_0027_0007.uasset" 5873
"/Engine/EngineMaterials/Substrate/GLints/dict_16_192_64_0p5_0p02_0028_0009" 5874
"/Engine/EngineMaterials/Substrate/GLints/dict_16_192_64_0p5_0p02_0028_0010" 5875
"../../../Engine/Content/EngineMaterials/Substrate/GLints/dict_16_192_64_0p5_0p02_0027_0005.uasset" 5876
"/Engine/EngineMaterials/Substrate/GLints/dict_16_192_64_0p5_0p02_0028_0011" 5877
"/Engine/EngineMaterials/Substrate/GLints/dict_16_192_64_0p5_0p02_0028_0012" 5878
"/Engine/EngineMaterials/Substrate/GLints/dict_16_192_64_0p5_0p02_0028_0013" 5879
"/Engine/EngineMaterials/Substrate/GLints/dict_16_192_64_0p5_0p02_0028_0014" 5880
"/Engine/EngineMaterials/Substrate/GLints/dict_16_192_64_0p5_0p02_0028_0015" 5881
"../../../Engine/Content/EngineMaterials/Substrate/GLints/dict_16_192_64_0p5_0p02_0027_0004.uasset" 5882
"/Engine/EngineMaterials/Substrate/GLints/dict_16_192_64_0p5_0p02_0029_0000" 5883
"../../../Engine/Content/EngineMaterials/Substrate/GLints/dict_16_192_64_0p5_0p02_0027_0003.uasset" 5884
"/Engine/EngineMaterials/Substrate/GLints/dict_16_192_64_0p5_0p02_0029_0001" 5885
"/Engine/EngineMaterials/Substrate/GLints/dict_16_192_64_0p5_0p02_0029_0002" 5886
"/Engine/EngineMaterials/Substrate/GLints/dict_16_192_64_0p5_0p02_0027_0005" 5887
"../../../Engine/Content/EngineMaterials/Substrate/GLints/dict_16_192_64_0p5_0p02_0027_0001.uasset" 5888
"../../../Engine/Content/EngineMaterials/Substrate/GLints/dict_16_192_64_0p5_0p02_0027_0002.uasset" 5889
"/Engine/EngineMaterials/Substrate/GLints/dict_16_192_64_0p5_0p02_0027_0006" 5890
"/Engine/EngineMaterials/Substrate/GLints/dict_16_192_64_0p5_0p02_0027_0007" 5891
"/Engine/EngineMaterials/Substrate/GLints/dict_16_192_64_0p5_0p02_0027_0008" 5892
"../../../Engine/Content/EngineMaterials/Substrate/GLints/dict_16_192_64_0p5_0p02_0027_0000.uasset" 5893
"../../../Engine/Content/EngineMaterials/Substrate/GLints/dict_16_192_64_0p5_0p02_0026_0015.uasset" 5894
"../../../Engine/Content/EngineMaterials/Substrate/GLints/dict_16_192_64_0p5_0p02_0026_0012.uasset" 5895
"/Engine/EngineMaterials/Substrate/GLints/dict_16_192_64_0p5_0p02_0027_0009" 5896
"../../../Engine/Content/EngineMaterials/Substrate/GLints/dict_16_192_64_0p5_0p02_0026_0011.uasset" 5897
"../../../Engine/Content/EngineMaterials/Substrate/GLints/dict_16_192_64_0p5_0p02_0026_0009.uasset" 5898
"../../../Engine/Content/EngineMaterials/Substrate/GLints/dict_16_192_64_0p5_0p02_0026_0013.uasset" 5899
"../../../Engine/Content/EngineMaterials/Substrate/GLints/dict_16_192_64_0p5_0p02_0026_0010.uasset" 5900
"../../../Engine/Content/EngineMaterials/Substrate/GLints/dict_16_192_64_0p5_0p02_0026_0014.uasset" 5901
"/Engine/EngineMaterials/Substrate/GLints/dict_16_192_64_0p5_0p02_0027_0010" 5902
"/Engine/EngineMaterials/Substrate/GLints/dict_16_192_64_0p5_0p02_0027_0011" 5903
"/Engine/EngineMaterials/Substrate/GLints/dict_16_192_64_0p5_0p02_0027_0012" 5904
"/Engine/EngineMaterials/Substrate/GLints/dict_16_192_64_0p5_0p02_0027_0013" 5905
"../../../Engine/Content/EngineMaterials/Substrate/GLints/dict_16_192_64_0p5_0p02_0026_0008.uasset" 5906
"../../../Engine/Content/EngineMaterials/Substrate/GLints/dict_16_192_64_0p5_0p02_0026_0007.uasset" 5907
"/Engine/EngineMaterials/Substrate/GLints/dict_16_192_64_0p5_0p02_0027_0014" 5908
"../../../Engine/Content/EngineMaterials/Substrate/GLints/dict_16_192_64_0p5_0p02_0026_0006.uasset" 5909
"/Engine/EngineMaterials/Substrate/GLints/dict_16_192_64_0p5_0p02_0027_0015" 5910
"/Engine/EngineMaterials/Substrate/GLints/dict_16_192_64_0p5_0p02_0028_0000" 5911
"../../../Engine/Content/EngineMaterials/Substrate/GLints/dict_16_192_64_0p5_0p02_0026_0004.uasset" 5912
"/Engine/EngineMaterials/Substrate/GLints/dict_16_192_64_0p5_0p02_0028_0001" 5913
"../../../Engine/Content/EngineMaterials/Substrate/GLints/dict_16_192_64_0p5_0p02_0026_0005.uasset" 5914
"/Engine/EngineMaterials/Substrate/GLints/dict_16_192_64_0p5_0p02_0028_0002" 5915
"/Engine/EngineMaterials/Substrate/GLints/dict_16_192_64_0p5_0p02_0028_0003" 5916
"../../../Engine/Content/EngineMaterials/Substrate/GLints/dict_16_192_64_0p5_0p02_0026_0002.uasset" 5917
"../../../Engine/Content/EngineMaterials/Substrate/GLints/dict_16_192_64_0p5_0p02_0026_0003.uasset" 5918
"/Engine/EngineMaterials/Substrate/GLints/dict_16_192_64_0p5_0p02_0027_0003" 5919
"/Engine/EngineMaterials/Substrate/GLints/dict_16_192_64_0p5_0p02_0027_0004" 5920
"/Engine/EngineMaterials/Substrate/GLints/dict_16_192_64_0p5_0p02_0026_0009" 5921
"/Engine/EngineMaterials/Substrate/GLints/dict_16_192_64_0p5_0p02_0026_0010" 5922
"/Engine/EngineMaterials/Substrate/GLints/dict_16_192_64_0p5_0p02_0026_0011" 5923
"/Engine/EngineMaterials/Substrate/GLints/dict_16_192_64_0p5_0p02_0026_0012" 5924
"/Engine/EngineMaterials/Substrate/GLints/dict_16_192_64_0p5_0p02_0026_0013" 5925
"/Engine/EngineMaterials/Substrate/GLints/dict_16_192_64_0p5_0p02_0026_0014" 5926
"/Engine/EngineMaterials/Substrate/GLints/dict_16_192_64_0p5_0p02_0026_0015" 5927
"/Engine/EngineMaterials/Substrate/GLints/dict_16_192_64_0p5_0p02_0027_0000" 5928
"/Engine/EngineMaterials/Substrate/GLints/dict_16_192_64_0p5_0p02_0027_0001" 5929
"/Engine/EngineMaterials/Substrate/GLints/dict_16_192_64_0p5_0p02_0027_0002" 5930
"../../../Engine/Content/EngineMaterials/Substrate/GLints/dict_16_192_64_0p5_0p02_0025_0014.uasset" 5931
"../../../Engine/Content/EngineMaterials/Substrate/GLints/dict_16_192_64_0p5_0p02_0026_0000.uasset" 5932
"../../../Engine/Content/EngineMaterials/Substrate/GLints/dict_16_192_64_0p5_0p02_0025_0015.uasset" 5933
"../../../Engine/Content/EngineMaterials/Substrate/GLints/dict_16_192_64_0p5_0p02_0026_0001.uasset" 5934
"../../../Engine/Content/EngineMaterials/Substrate/GLints/dict_16_192_64_0p5_0p02_0025_0013.uasset" 5935
"../../../Engine/Content/EngineMaterials/Substrate/GLints/dict_16_192_64_0p5_0p02_0025_0012.uasset" 5936
"../../../Engine/Content/EngineMaterials/Substrate/GLints/dict_16_192_64_0p5_0p02_0025_0011.uasset" 5937
"../../../Engine/Content/EngineMaterials/Substrate/GLints/dict_16_192_64_0p5_0p02_0025_0010.uasset" 5938
"../../../Engine/Content/EngineMaterials/Substrate/GLints/dict_16_192_64_0p5_0p02_0025_0004.uasset" 5939
"../../../Engine/Content/EngineMaterials/Substrate/GLints/dict_16_192_64_0p5_0p02_0025_0008.uasset" 5940
"../../../Engine/Content/EngineMaterials/Substrate/GLints/dict_16_192_64_0p5_0p02_0025_0009.uasset" 5941
"../../../Engine/Content/EngineMaterials/Substrate/GLints/dict_16_192_64_0p5_0p02_0025_0007.uasset" 5942
"../../../Engine/Content/EngineMaterials/Substrate/GLints/dict_16_192_64_0p5_0p02_0025_0006.uasset" 5943
"../../../Engine/Content/EngineMaterials/Substrate/GLints/dict_16_192_64_0p5_0p02_0025_0002.uasset" 5944
"../../../Engine/Content/EngineMaterials/Substrate/GLints/dict_16_192_64_0p5_0p02_0025_0001.uasset" 5945
"../../../Engine/Content/EngineMaterials/Substrate/GLints/dict_16_192_64_0p5_0p02_0025_0000.uasset" 5946
"../../../Engine/Content/EngineMaterials/Substrate/GLints/dict_16_192_64_0p5_0p02_0025_0003.uasset" 5947
"../../../Engine/Content/EngineMaterials/Substrate/GLints/dict_16_192_64_0p5_0p02_0025_0005.uasset" 5948
"../../../Engine/Content/EngineMaterials/Substrate/GLints/dict_16_192_64_0p5_0p02_0024_0015.uasset" 5949
"../../../Engine/Content/EngineMaterials/Substrate/GLints/dict_16_192_64_0p5_0p02_0024_0011.uasset" 5950
"../../../Engine/Content/EngineMaterials/Substrate/GLints/dict_16_192_64_0p5_0p02_0024_0009.uasset" 5951
"../../../Engine/Content/EngineMaterials/Substrate/GLints/dict_16_192_64_0p5_0p02_0024_0010.uasset" 5952
"../../../Engine/Content/EngineMaterials/Substrate/GLints/dict_16_192_64_0p5_0p02_0024_0012.uasset" 5953
"../../../Engine/Content/EngineMaterials/Substrate/GLints/dict_16_192_64_0p5_0p02_0024_0014.uasset" 5954
"../../../Engine/Content/EngineMaterials/Substrate/GLints/dict_16_192_64_0p5_0p02_0024_0013.uasset" 5955
"/Engine/EngineMaterials/Substrate/GLints/dict_16_192_64_0p5_0p02_0024_0009" 5956
"/Engine/EngineMaterials/Substrate/GLints/dict_16_192_64_0p5_0p02_0024_0010" 5957
"/Engine/EngineMaterials/Substrate/GLints/dict_16_192_64_0p5_0p02_0025_0005" 5958
"/Engine/EngineMaterials/Substrate/GLints/dict_16_192_64_0p5_0p02_0025_0006" 5959
"/Engine/EngineMaterials/Substrate/GLints/dict_16_192_64_0p5_0p02_0025_0007" 5960
"/Engine/EngineMaterials/Substrate/GLints/dict_16_192_64_0p5_0p02_0026_0004" 5961
"/Engine/EngineMaterials/Substrate/GLints/dict_16_192_64_0p5_0p02_0025_0008" 5962
"/Engine/EngineMaterials/Substrate/GLints/dict_16_192_64_0p5_0p02_0025_0009" 5963
"/Engine/EngineMaterials/Substrate/GLints/dict_16_192_64_0p5_0p02_0026_0005" 5964
"/Engine/EngineMaterials/Substrate/GLints/dict_16_192_64_0p5_0p02_0026_0006" 5965
"/Engine/EngineMaterials/Substrate/GLints/dict_16_192_64_0p5_0p02_0026_0007" 5966
"/Engine/EngineMaterials/Substrate/GLints/dict_16_192_64_0p5_0p02_0025_0010" 5967
"/Engine/EngineMaterials/Substrate/GLints/dict_16_192_64_0p5_0p02_0026_0008" 5968
"/Engine/EngineMaterials/Substrate/GLints/dict_16_192_64_0p5_0p02_0024_0011" 5969
"/Engine/EngineMaterials/Substrate/GLints/dict_16_192_64_0p5_0p02_0024_0012" 5970
"/Engine/EngineMaterials/Substrate/GLints/dict_16_192_64_0p5_0p02_0025_0011" 5971
"/Engine/EngineMaterials/Substrate/GLints/dict_16_192_64_0p5_0p02_0025_0012" 5972
"/Engine/EngineMaterials/Substrate/GLints/dict_16_192_64_0p5_0p02_0025_0013" 5973
"/Engine/EngineMaterials/Substrate/GLints/dict_16_192_64_0p5_0p02_0025_0014" 5974
"/Engine/EngineMaterials/Substrate/GLints/dict_16_192_64_0p5_0p02_0024_0013" 5975
"/Engine/EngineMaterials/Substrate/GLints/dict_16_192_64_0p5_0p02_0025_0015" 5976
"/Engine/EngineMaterials/Substrate/GLints/dict_16_192_64_0p5_0p02_0024_0014" 5977
"/Engine/EngineMaterials/Substrate/GLints/dict_16_192_64_0p5_0p02_0024_0015" 5978
"/Engine/EngineMaterials/Substrate/GLints/dict_16_192_64_0p5_0p02_0026_0000" 5979
"/Engine/EngineMaterials/Substrate/GLints/dict_16_192_64_0p5_0p02_0026_0001" 5980
"/Engine/EngineMaterials/Substrate/GLints/dict_16_192_64_0p5_0p02_0025_0000" 5981
"/Engine/EngineMaterials/Substrate/GLints/dict_16_192_64_0p5_0p02_0026_0002" 5982
"/Engine/EngineMaterials/Substrate/GLints/dict_16_192_64_0p5_0p02_0025_0001" 5983
"/Engine/EngineMaterials/Substrate/GLints/dict_16_192_64_0p5_0p02_0025_0002" 5984
"/Engine/EngineMaterials/Substrate/GLints/dict_16_192_64_0p5_0p02_0025_0003" 5985
"/Engine/EngineMaterials/Substrate/GLints/dict_16_192_64_0p5_0p02_0026_0003" 5986
"/Engine/EngineMaterials/Substrate/GLints/dict_16_192_64_0p5_0p02_0025_0004" 5987
"../../../Engine/Content/EngineMaterials/Substrate/GLints/dict_16_192_64_0p5_0p02_0024_0008.uasset" 5988
"../../../Engine/Content/EngineMaterials/Substrate/GLints/dict_16_192_64_0p5_0p02_0024_0007.uasset" 5989
"../../../Engine/Content/EngineMaterials/Substrate/GLints/dict_16_192_64_0p5_0p02_0024_0005.uasset" 5990
"../../../Engine/Content/EngineMaterials/Substrate/GLints/dict_16_192_64_0p5_0p02_0024_0006.uasset" 5991
"../../../Engine/Content/EngineMaterials/Substrate/GLints/dict_16_192_64_0p5_0p02_0024_0002.uasset" 5992
"/Engine/EngineMaterials/Substrate/GLints/dict_16_192_64_0p5_0p02_0024_0008" 5993
"../../../Engine/Content/EngineMaterials/Substrate/GLints/dict_16_192_64_0p5_0p02_0024_0004.uasset" 5994
"../../../Engine/Content/EngineMaterials/Substrate/GLints/dict_16_192_64_0p5_0p02_0024_0003.uasset" 5995
"/Engine/EngineMaterials/Substrate/GLints/dict_16_192_64_0p5_0p02_0024_0005" 5996
"../../../Engine/Content/EngineMaterials/Substrate/GLints/dict_16_192_64_0p5_0p02_0023_0010.uasset" 5997
"/Engine/EngineMaterials/Substrate/GLints/dict_16_192_64_0p5_0p02_0024_0007" 5998
"/Engine/EngineMaterials/Substrate/GLints/dict_16_192_64_0p5_0p02_0024_0006" 5999
"../../../Engine/Content/EngineMaterials/Substrate/GLints/dict_16_192_64_0p5_0p02_0024_0001.uasset" 6000
"../../../Engine/Content/EngineMaterials/Substrate/GLints/dict_16_192_64_0p5_0p02_0024_0000.uasset" 6001
"../../../Engine/Content/EngineMaterials/Substrate/GLints/dict_16_192_64_0p5_0p02_0023_0015.uasset" 6002
"../../../Engine/Content/EngineMaterials/Substrate/GLints/dict_16_192_64_0p5_0p02_0023_0013.uasset" 6003
"/Engine/EngineMaterials/Substrate/GLints/dict_16_192_64_0p5_0p02_0024_0002" 6004
"../../../Engine/Content/EngineMaterials/Substrate/GLints/dict_16_192_64_0p5_0p02_0023_0014.uasset" 6005
"../../../Engine/Content/EngineMaterials/Substrate/GLints/dict_16_192_64_0p5_0p02_0023_0012.uasset" 6006
"../../../Engine/Content/EngineMaterials/Substrate/GLints/dict_16_192_64_0p5_0p02_0023_0011.uasset" 6007
"../../../Engine/Content/EngineMaterials/Substrate/GLints/dict_16_192_64_0p5_0p02_0023_0009.uasset" 6008
"../../../Engine/Content/EngineMaterials/Substrate/GLints/dict_16_192_64_0p5_0p02_0023_0008.uasset" 6009
"../../../Engine/Content/EngineMaterials/Substrate/GLints/dict_16_192_64_0p5_0p02_0023_0007.uasset" 6010
"../../../Engine/Content/EngineMaterials/Substrate/GLints/dict_16_192_64_0p5_0p02_0023_0006.uasset" 6011
"../../../Engine/Content/EngineMaterials/Substrate/GLints/dict_16_192_64_0p5_0p02_0023_0003.uasset" 6012
"../../../Engine/Content/EngineMaterials/Substrate/GLints/dict_16_192_64_0p5_0p02_0023_0001.uasset" 6013
"../../../Engine/Content/EngineMaterials/Substrate/GLints/dict_16_192_64_0p5_0p02_0023_0000.uasset" 6014
"../../../Engine/Content/EngineMaterials/Substrate/GLints/dict_16_192_64_0p5_0p02_0023_0002.uasset" 6015
"../../../Engine/Content/EngineMaterials/Substrate/GLints/dict_16_192_64_0p5_0p02_0022_0013.uasset" 6016
"../../../Engine/Content/EngineMaterials/Substrate/GLints/dict_16_192_64_0p5_0p02_0022_0014.uasset" 6017
"../../../Engine/Content/EngineMaterials/Substrate/GLints/dict_16_192_64_0p5_0p02_0022_0015.uasset" 6018
"../../../Engine/Content/EngineMaterials/Substrate/GLints/dict_16_192_64_0p5_0p02_0023_0005.uasset" 6019
"../../../Engine/Content/EngineMaterials/Substrate/GLints/dict_16_192_64_0p5_0p02_0023_0004.uasset" 6020
"/Engine/EngineMaterials/Substrate/GLints/dict_16_192_64_0p5_0p02_0023_0000" 6021
"../../../Engine/Content/EngineMaterials/Substrate/GLints/dict_16_192_64_0p5_0p02_0022_0012.uasset" 6022
"../../../Engine/Content/EngineMaterials/Substrate/GLints/dict_16_192_64_0p5_0p02_0022_0011.uasset" 6023
"/Engine/EngineMaterials/Substrate/GLints/dict_16_192_64_0p5_0p02_0023_0001" 6024
"../../../Engine/Content/EngineMaterials/Substrate/GLints/dict_16_192_64_0p5_0p02_0022_0010.uasset" 6025
"/Engine/EngineMaterials/Substrate/GLints/dict_16_192_64_0p5_0p02_0023_0002" 6026
"../../../Engine/Content/EngineMaterials/Substrate/GLints/dict_16_192_64_0p5_0p02_0022_0007.uasset" 6027
"../../../Engine/Content/EngineMaterials/Substrate/GLints/dict_16_192_64_0p5_0p02_0022_0006.uasset" 6028
"../../../Engine/Content/EngineMaterials/Substrate/GLints/dict_16_192_64_0p5_0p02_0022_0005.uasset" 6029
"../../../Engine/Content/EngineMaterials/Substrate/GLints/dict_16_192_64_0p5_0p02_0022_0009.uasset" 6030
"../../../Engine/Content/EngineMaterials/Substrate/GLints/dict_16_192_64_0p5_0p02_0022_0004.uasset" 6031
"../../../Engine/Content/EngineMaterials/Substrate/GLints/dict_16_192_64_0p5_0p02_0022_0008.uasset" 6032
"/Engine/EngineMaterials/Substrate/GLints/dict_16_192_64_0p5_0p02_0023_0003" 6033
"/Engine/EngineMaterials/Substrate/GLints/dict_16_192_64_0p5_0p02_0023_0006" 6034
"/Engine/EngineMaterials/Substrate/GLints/dict_16_192_64_0p5_0p02_0023_0007" 6035
"/Engine/EngineMaterials/Substrate/GLints/dict_16_192_64_0p5_0p02_0023_0008" 6036
"/Engine/EngineMaterials/Substrate/GLints/dict_16_192_64_0p5_0p02_0023_0009" 6037
"/Engine/EngineMaterials/Substrate/GLints/dict_16_192_64_0p5_0p02_0023_0010" 6038
"/Engine/EngineMaterials/Substrate/GLints/dict_16_192_64_0p5_0p02_0023_0011" 6039
"/Engine/EngineMaterials/Substrate/GLints/dict_16_192_64_0p5_0p02_0023_0012" 6040
"/Engine/EngineMaterials/Substrate/GLints/dict_16_192_64_0p5_0p02_0023_0013" 6041
"/Engine/EngineMaterials/Substrate/GLints/dict_16_192_64_0p5_0p02_0023_0014" 6042
"/Engine/EngineMaterials/Substrate/GLints/dict_16_192_64_0p5_0p02_0023_0015" 6043
"/Engine/EngineMaterials/Substrate/GLints/dict_16_192_64_0p5_0p02_0024_0000" 6044
"/Engine/EngineMaterials/Substrate/GLints/dict_16_192_64_0p5_0p02_0024_0001" 6045
"/Engine/EngineMaterials/Substrate/GLints/dict_16_192_64_0p5_0p02_0024_0003" 6046
"/Engine/EngineMaterials/Substrate/GLints/dict_16_192_64_0p5_0p02_0024_0004" 6047
"/Engine/EngineMaterials/Substrate/GLints/dict_16_192_64_0p5_0p02_0022_0009" 6048
"../../../Engine/Content/EngineMaterials/Substrate/GLints/dict_16_192_64_0p5_0p02_0022_0002.uasset" 6049
"/Engine/EngineMaterials/Substrate/GLints/dict_16_192_64_0p5_0p02_0022_0010" 6050
"../../../Engine/Content/EngineMaterials/Substrate/GLints/dict_16_192_64_0p5_0p02_0022_0001.uasset" 6051
"../../../Engine/Content/EngineMaterials/Substrate/GLints/dict_16_192_64_0p5_0p02_0021_0014.uasset" 6052
"../../../Engine/Content/EngineMaterials/Substrate/GLints/dict_16_192_64_0p5_0p02_0021_0012.uasset" 6053
"../../../Engine/Content/EngineMaterials/Substrate/GLints/dict_16_192_64_0p5_0p02_0022_0000.uasset" 6054
"../../../Engine/Content/EngineMaterials/Substrate/GLints/dict_16_192_64_0p5_0p02_0021_0015.uasset" 6055
"../../../Engine/Content/EngineMaterials/Substrate/GLints/dict_16_192_64_0p5_0p02_0022_0003.uasset" 6056
"../../../Engine/Content/EngineMaterials/Substrate/GLints/dict_16_192_64_0p5_0p02_0021_0013.uasset" 6057
"../../../Engine/Content/EngineMaterials/Substrate/GLints/dict_16_192_64_0p5_0p02_0021_0011.uasset" 6058
"../../../Engine/Content/EngineMaterials/Substrate/GLints/dict_16_192_64_0p5_0p02_0021_0007.uasset" 6059
"../../../Engine/Content/EngineMaterials/Substrate/GLints/dict_16_192_64_0p5_0p02_0021_0008.uasset" 6060
"../../../Engine/Content/EngineMaterials/Substrate/GLints/dict_16_192_64_0p5_0p02_0021_0009.uasset" 6061
"../../../Engine/Content/EngineMaterials/Substrate/GLints/dict_16_192_64_0p5_0p02_0021_0010.uasset" 6062
"/Engine/EngineMaterials/Substrate/GLints/dict_16_192_64_0p5_0p02_0022_0011" 6063
"../../../Engine/Content/EngineMaterials/Substrate/GLints/dict_16_192_64_0p5_0p02_0021_0005.uasset" 6064
"/Engine/EngineMaterials/Substrate/GLints/dict_16_192_64_0p5_0p02_0022_0012" 6065
"/Engine/EngineMaterials/Substrate/GLints/dict_16_192_64_0p5_0p02_0022_0013" 6066
"../../../Engine/Content/EngineMaterials/Substrate/GLints/dict_16_192_64_0p5_0p02_0021_0006.uasset" 6067
"/Engine/EngineMaterials/Substrate/GLints/dict_16_192_64_0p5_0p02_0022_0014" 6068
"/Engine/EngineMaterials/Substrate/GLints/dict_16_192_64_0p5_0p02_0022_0015" 6069
"/Engine/EngineMaterials/Substrate/GLints/dict_16_192_64_0p5_0p02_0023_0004" 6070
"/Engine/EngineMaterials/Substrate/GLints/dict_16_192_64_0p5_0p02_0023_0005" 6071
"/Engine/EngineMaterials/Substrate/GLints/dict_16_192_64_0p5_0p02_0022_0004" 6072
"../../../Engine/Content/EngineMaterials/Substrate/GLints/dict_16_192_64_0p5_0p02_0021_0003.uasset" 6073
"../../../Engine/Content/EngineMaterials/Substrate/GLints/dict_16_192_64_0p5_0p02_0021_0004.uasset" 6074
"../../../Engine/Content/EngineMaterials/Substrate/GLints/dict_16_192_64_0p5_0p02_0021_0002.uasset" 6075
"/Engine/EngineMaterials/Substrate/GLints/dict_16_192_64_0p5_0p02_0022_0006" 6076
"/Engine/EngineMaterials/Substrate/GLints/dict_16_192_64_0p5_0p02_0022_0005" 6077
"/Engine/EngineMaterials/Substrate/GLints/dict_16_192_64_0p5_0p02_0022_0007" 6078
"/Engine/EngineMaterials/Substrate/GLints/dict_16_192_64_0p5_0p02_0022_0008" 6079
"../../../Engine/Content/EngineMaterials/Substrate/GLints/dict_16_192_64_0p5_0p02_0021_0001.uasset" 6080
"/Engine/EngineMaterials/Substrate/GLints/dict_16_192_64_0p5_0p02_0021_0002" 6081
"../../../Engine/Content/EngineMaterials/Substrate/GLints/dict_16_192_64_0p5_0p02_0020_0012.uasset" 6082
"../../../Engine/Content/EngineMaterials/Substrate/GLints/dict_16_192_64_0p5_0p02_0020_0013.uasset" 6083
"../../../Engine/Content/EngineMaterials/Substrate/GLints/dict_16_192_64_0p5_0p02_0020_0014.uasset" 6084
"../../../Engine/Content/EngineMaterials/Substrate/GLints/dict_16_192_64_0p5_0p02_0020_0011.uasset" 6085
"../../../Engine/Content/EngineMaterials/Substrate/GLints/dict_16_192_64_0p5_0p02_0020_0009.uasset" 6086
"../../../Engine/Content/EngineMaterials/Substrate/GLints/dict_16_192_64_0p5_0p02_0020_0015.uasset" 6087
"../../../Engine/Content/EngineMaterials/Substrate/GLints/dict_16_192_64_0p5_0p02_0020_0010.uasset" 6088
"/Engine/EngineMaterials/Substrate/GLints/dict_16_192_64_0p5_0p02_0021_0003" 6089
"../../../Engine/Content/EngineMaterials/Substrate/GLints/dict_16_192_64_0p5_0p02_0021_0000.uasset" 6090
"/Engine/EngineMaterials/Substrate/GLints/dict_16_192_64_0p5_0p02_0021_0004" 6091
"../../../Engine/Content/EngineMaterials/Substrate/GLints/dict_16_192_64_0p5_0p02_0020_0008.uasset" 6092
"../../../Engine/Content/EngineMaterials/Substrate/GLints/dict_16_192_64_0p5_0p02_0020_0007.uasset" 6093
"/Engine/EngineMaterials/Substrate/GLints/dict_16_192_64_0p5_0p02_0021_0005" 6094
"../../../Engine/Content/EngineMaterials/Substrate/GLints/dict_16_192_64_0p5_0p02_0020_0004.uasset" 6095
"/Engine/EngineMaterials/Substrate/GLints/dict_16_192_64_0p5_0p02_0021_0006" 6096
"/Engine/EngineMaterials/Substrate/GLints/dict_16_192_64_0p5_0p02_0021_0007" 6097
"../../../Engine/Content/EngineMaterials/Substrate/GLints/dict_16_192_64_0p5_0p02_0020_0005.uasset" 6098
"/Engine/EngineMaterials/Substrate/GLints/dict_16_192_64_0p5_0p02_0021_0008" 6099
"/Engine/EngineMaterials/Substrate/GLints/dict_16_192_64_0p5_0p02_0021_0009" 6100
"../../../Engine/Content/EngineMaterials/Substrate/GLints/dict_16_192_64_0p5_0p02_0020_0006.uasset" 6101
"/Engine/EngineMaterials/Substrate/GLints/dict_16_192_64_0p5_0p02_0021_0010" 6102
"/Engine/EngineMaterials/Substrate/GLints/dict_16_192_64_0p5_0p02_0021_0011" 6103
"/Engine/EngineMaterials/Substrate/GLints/dict_16_192_64_0p5_0p02_0021_0012" 6104
"/Engine/EngineMaterials/Substrate/GLints/dict_16_192_64_0p5_0p02_0021_0013" 6105
"/Engine/EngineMaterials/Substrate/GLints/dict_16_192_64_0p5_0p02_0021_0014" 6106
"/Engine/EngineMaterials/Substrate/GLints/dict_16_192_64_0p5_0p02_0021_0015" 6107
"/Engine/EngineMaterials/Substrate/GLints/dict_16_192_64_0p5_0p02_0022_0000" 6108
"/Engine/EngineMaterials/Substrate/GLints/dict_16_192_64_0p5_0p02_0022_0001" 6109
"/Engine/EngineMaterials/Substrate/GLints/dict_16_192_64_0p5_0p02_0022_0002" 6110
"/Engine/EngineMaterials/Substrate/GLints/dict_16_192_64_0p5_0p02_0022_0003" 6111
"../../../Engine/Content/EngineMaterials/Substrate/GLints/dict_16_192_64_0p5_0p02_0020_0003.uasset" 6112
"/Engine/EngineMaterials/Substrate/GLints/dict_16_192_64_0p5_0p02_0020_0004" 6113
"../../../Engine/Content/EngineMaterials/Substrate/GLints/dict_16_192_64_0p5_0p02_0019_0015.uasset" 6114
"../../../Engine/Content/EngineMaterials/Substrate/GLints/dict_16_192_64_0p5_0p02_0019_0014.uasset" 6115
"../../../Engine/Content/EngineMaterials/Substrate/GLints/dict_16_192_64_0p5_0p02_0020_0001.uasset" 6116
"../../../Engine/Content/EngineMaterials/Substrate/GLints/dict_16_192_64_0p5_0p02_0020_0002.uasset" 6117
"/Engine/EngineMaterials/Substrate/GLints/dict_16_192_64_0p5_0p02_0020_0005" 6118
"../../../Engine/Content/EngineMaterials/Substrate/GLints/dict_16_192_64_0p5_0p02_0019_0013.uasset" 6119
"../../../Engine/Content/EngineMaterials/Substrate/GLints/dict_16_192_64_0p5_0p02_0020_0000.uasset" 6120
"../../../Engine/Content/EngineMaterials/Substrate/GLints/dict_16_192_64_0p5_0p02_0019_0012.uasset" 6121
"/Engine/EngineMaterials/Substrate/GLints/dict_16_192_64_0p5_0p02_0020_0006" 6122
"../../../Engine/Content/EngineMaterials/Substrate/GLints/dict_16_192_64_0p5_0p02_0019_0010.uasset" 6123
"../../../Engine/Content/EngineMaterials/Substrate/GLints/dict_16_192_64_0p5_0p02_0019_0011.uasset" 6124
"/Engine/EngineMaterials/Substrate/GLints/dict_16_192_64_0p5_0p02_0020_0007" 6125
"/Engine/EngineMaterials/Substrate/GLints/dict_16_192_64_0p5_0p02_0020_0008" 6126
"/Engine/EngineMaterials/Substrate/GLints/dict_16_192_64_0p5_0p02_0020_0009" 6127
"../../../Engine/Content/EngineMaterials/Substrate/GLints/dict_16_192_64_0p5_0p02_0019_0006.uasset" 6128
"../../../Engine/Content/EngineMaterials/Substrate/GLints/dict_16_192_64_0p5_0p02_0019_0007.uasset" 6129
"../../../Engine/Content/EngineMaterials/Substrate/GLints/dict_16_192_64_0p5_0p02_0019_0009.uasset" 6130
"/Engine/EngineMaterials/Substrate/GLints/dict_16_192_64_0p5_0p02_0020_0010" 6131
"../../../Engine/Content/EngineMaterials/Substrate/GLints/dict_16_192_64_0p5_0p02_0019_0005.uasset" 6132
"../../../Engine/Content/EngineMaterials/Substrate/GLints/dict_16_192_64_0p5_0p02_0019_0008.uasset" 6133
"/Engine/EngineMaterials/Substrate/GLints/dict_16_192_64_0p5_0p02_0020_0011" 6134
"../../../Engine/Content/EngineMaterials/Substrate/GLints/dict_16_192_64_0p5_0p02_0019_0003.uasset" 6135
"../../../Engine/Content/EngineMaterials/Substrate/GLints/dict_16_192_64_0p5_0p02_0019_0004.uasset" 6136
"../../../Engine/Content/EngineMaterials/Substrate/GLints/dict_16_192_64_0p5_0p02_0019_0002.uasset" 6137
"/Engine/EngineMaterials/Substrate/GLints/dict_16_192_64_0p5_0p02_0020_0012" 6138
"/Engine/EngineMaterials/Substrate/GLints/dict_16_192_64_0p5_0p02_0020_0013" 6139
"/Engine/EngineMaterials/Substrate/GLints/dict_16_192_64_0p5_0p02_0020_0014" 6140
"/Engine/EngineMaterials/Substrate/GLints/dict_16_192_64_0p5_0p02_0020_0015" 6141
"/Engine/EngineMaterials/Substrate/GLints/dict_16_192_64_0p5_0p02_0021_0000" 6142
"/Engine/EngineMaterials/Substrate/GLints/dict_16_192_64_0p5_0p02_0021_0001" 6143
"/Engine/EngineMaterials/Substrate/GLints/dict_16_192_64_0p5_0p02_0019_0002" 6144
"../../../Engine/Content/EngineMaterials/Substrate/GLints/dict_16_192_64_0p5_0p02_0019_0001.uasset" 6145
"../../../Engine/Content/EngineMaterials/Substrate/GLints/dict_16_192_64_0p5_0p02_0018_0014.uasset" 6146
"../../../Engine/Content/EngineMaterials/Substrate/GLints/dict_16_192_64_0p5_0p02_0018_0015.uasset" 6147
"../../../Engine/Content/EngineMaterials/Substrate/GLints/dict_16_192_64_0p5_0p02_0019_0000.uasset" 6148
"/Engine/EngineMaterials/Substrate/GLints/dict_16_192_64_0p5_0p02_0019_0003" 6149
"../../../Engine/Content/EngineMaterials/Substrate/GLints/dict_16_192_64_0p5_0p02_0018_0012.uasset" 6150
"../../../Engine/Content/EngineMaterials/Substrate/GLints/dict_16_192_64_0p5_0p02_0018_0006.uasset" 6151
"/Engine/EngineMaterials/Substrate/GLints/dict_16_192_64_0p5_0p02_0019_0004" 6152
"../../../Engine/Content/EngineMaterials/Substrate/GLints/dict_16_192_64_0p5_0p02_0018_0008.uasset" 6153
"../../../Engine/Content/EngineMaterials/Substrate/GLints/dict_16_192_64_0p5_0p02_0018_0007.uasset" 6154
"../../../Engine/Content/EngineMaterials/Substrate/GLints/dict_16_192_64_0p5_0p02_0018_0010.uasset" 6155
"/Engine/EngineMaterials/Substrate/GLints/dict_16_192_64_0p5_0p02_0019_0005" 6156
"../../../Engine/Content/EngineMaterials/Substrate/GLints/dict_16_192_64_0p5_0p02_0018_0005.uasset" 6157
"/Engine/EngineMaterials/Substrate/GLints/dict_16_192_64_0p5_0p02_0019_0006" 6158
"../../../Engine/Content/EngineMaterials/Substrate/GLints/dict_16_192_64_0p5_0p02_0018_0004.uasset" 6159
"../../../Engine/Content/EngineMaterials/Substrate/GLints/dict_16_192_64_0p5_0p02_0018_0009.uasset" 6160
"/Engine/EngineMaterials/Substrate/GLints/dict_16_192_64_0p5_0p02_0019_0007" 6161
"../../../Engine/Content/EngineMaterials/Substrate/GLints/dict_16_192_64_0p5_0p02_0018_0011.uasset" 6162
"../../../Engine/Content/EngineMaterials/Substrate/GLints/dict_16_192_64_0p5_0p02_0018_0013.uasset" 6163
"/Engine/EngineMaterials/Substrate/GLints/dict_16_192_64_0p5_0p02_0019_0008" 6164
"/Engine/EngineMaterials/Substrate/GLints/dict_16_192_64_0p5_0p02_0019_0009" 6165
"/Engine/EngineMaterials/Substrate/GLints/dict_16_192_64_0p5_0p02_0019_0010" 6166
"/Engine/EngineMaterials/Substrate/GLints/dict_16_192_64_0p5_0p02_0019_0011" 6167
"/Engine/EngineMaterials/Substrate/GLints/dict_16_192_64_0p5_0p02_0019_0012" 6168
"/Engine/EngineMaterials/Substrate/GLints/dict_16_192_64_0p5_0p02_0019_0013" 6169
"/Engine/EngineMaterials/Substrate/GLints/dict_16_192_64_0p5_0p02_0019_0014" 6170
"/Engine/EngineMaterials/Substrate/GLints/dict_16_192_64_0p5_0p02_0019_0015" 6171
"/Engine/EngineMaterials/Substrate/GLints/dict_16_192_64_0p5_0p02_0020_0000" 6172
"/Engine/EngineMaterials/Substrate/GLints/dict_16_192_64_0p5_0p02_0020_0001" 6173
"/Engine/EngineMaterials/Substrate/GLints/dict_16_192_64_0p5_0p02_0020_0002" 6174
"/Engine/EngineMaterials/Substrate/GLints/dict_16_192_64_0p5_0p02_0020_0003" 6175
"../../../Engine/Content/EngineMaterials/Substrate/GLints/dict_16_192_64_0p5_0p02_0018_0001.uasset" 6176
"../../../Engine/Content/EngineMaterials/Substrate/GLints/dict_16_192_64_0p5_0p02_0018_0003.uasset" 6177
"../../../Engine/Content/EngineMaterials/Substrate/GLints/dict_16_192_64_0p5_0p02_0018_0002.uasset" 6178
"/Engine/EngineMaterials/Substrate/GLints/dict_16_192_64_0p5_0p02_0018_0004" 6179
"../../../Engine/Content/EngineMaterials/Substrate/GLints/dict_16_192_64_0p5_0p02_0017_0013.uasset" 6180
"../../../Engine/Content/EngineMaterials/Substrate/GLints/dict_16_192_64_0p5_0p02_0017_0010.uasset" 6181
"../../../Engine/Content/EngineMaterials/Substrate/GLints/dict_16_192_64_0p5_0p02_0017_0009.uasset" 6182
"/Engine/EngineMaterials/Substrate/GLints/dict_16_192_64_0p5_0p02_0018_0005" 6183
"../../../Engine/Content/EngineMaterials/Substrate/GLints/dict_16_192_64_0p5_0p02_0017_0015.uasset" 6184
"../../../Engine/Content/EngineMaterials/Substrate/GLints/dict_16_192_64_0p5_0p02_0017_0012.uasset" 6185
"../../../Engine/Content/EngineMaterials/Substrate/GLints/dict_16_192_64_0p5_0p02_0017_0011.uasset" 6186
"../../../Engine/Content/EngineMaterials/Substrate/GLints/dict_16_192_64_0p5_0p02_0017_0014.uasset" 6187
"../../../Engine/Content/EngineMaterials/Substrate/GLints/dict_16_192_64_0p5_0p02_0018_0000.uasset" 6188
"/Engine/EngineMaterials/Substrate/GLints/dict_16_192_64_0p5_0p02_0018_0006" 6189
"../../../Engine/Content/EngineMaterials/Substrate/GLints/dict_16_192_64_0p5_0p02_0017_0008.uasset" 6190
"/Engine/EngineMaterials/Substrate/GLints/dict_16_192_64_0p5_0p02_0018_0007" 6191
"/Engine/EngineMaterials/Substrate/GLints/dict_16_192_64_0p5_0p02_0018_0008" 6192
"/Engine/EngineMaterials/Substrate/GLints/dict_16_192_64_0p5_0p02_0018_0009" 6193
"/Engine/EngineMaterials/Substrate/GLints/dict_16_192_64_0p5_0p02_0018_0010" 6194
"/Engine/EngineMaterials/Substrate/GLints/dict_16_192_64_0p5_0p02_0018_0011" 6195
"/Engine/EngineMaterials/Substrate/GLints/dict_16_192_64_0p5_0p02_0018_0012" 6196
"/Engine/EngineMaterials/Substrate/GLints/dict_16_192_64_0p5_0p02_0018_0013" 6197
"../../../Engine/Content/EngineMaterials/Substrate/GLints/dict_16_192_64_0p5_0p02_0017_0007.uasset" 6198
"/Engine/EngineMaterials/Substrate/GLints/dict_16_192_64_0p5_0p02_0018_0014" 6199
"../../../Engine/Content/EngineMaterials/Substrate/GLints/dict_16_192_64_0p5_0p02_0017_0004.uasset" 6200
"../../../Engine/Content/EngineMaterials/Substrate/GLints/dict_16_192_64_0p5_0p02_0017_0002.uasset" 6201
"../../../Engine/Content/EngineMaterials/Substrate/GLints/dict_16_192_64_0p5_0p02_0017_0003.uasset" 6202
"../../../Engine/Content/EngineMaterials/Substrate/GLints/dict_16_192_64_0p5_0p02_0017_0006.uasset" 6203
"../../../Engine/Content/EngineMaterials/Substrate/GLints/dict_16_192_64_0p5_0p02_0017_0005.uasset" 6204
"/Engine/EngineMaterials/Substrate/GLints/dict_16_192_64_0p5_0p02_0018_0015" 6205
"/Engine/EngineMaterials/Substrate/GLints/dict_16_192_64_0p5_0p02_0019_0000" 6206
"/Engine/EngineMaterials/Substrate/GLints/dict_16_192_64_0p5_0p02_0019_0001" 6207
"../../../Engine/Content/EngineMaterials/Substrate/GLints/dict_16_192_64_0p5_0p02_0017_0001.uasset" 6208
"../../../Engine/Content/EngineMaterials/Substrate/GLints/dict_16_192_64_0p5_0p02_0017_0000.uasset" 6209
"/Engine/EngineMaterials/Substrate/GLints/dict_16_192_64_0p5_0p02_0017_0002" 6210
"../../../Engine/Content/EngineMaterials/Substrate/GLints/dict_16_192_64_0p5_0p02_0016_0015.uasset" 6211
"../../../Engine/Content/EngineMaterials/Substrate/GLints/dict_16_192_64_0p5_0p02_0016_0013.uasset" 6212
"../../../Engine/Content/EngineMaterials/Substrate/GLints/dict_16_192_64_0p5_0p02_0016_0014.uasset" 6213
"/Engine/EngineMaterials/Substrate/GLints/dict_16_192_64_0p5_0p02_0017_0003" 6214
"/Engine/EngineMaterials/Substrate/GLints/dict_16_192_64_0p5_0p02_0017_0004" 6215
"/Engine/EngineMaterials/Substrate/GLints/dict_16_192_64_0p5_0p02_0017_0005" 6216
"../../../Engine/Content/EngineMaterials/Substrate/GLints/dict_16_192_64_0p5_0p02_0016_0009.uasset" 6217
"../../../Engine/Content/EngineMaterials/Substrate/GLints/dict_16_192_64_0p5_0p02_0016_0012.uasset" 6218
"../../../Engine/Content/EngineMaterials/Substrate/GLints/dict_16_192_64_0p5_0p02_0016_0011.uasset" 6219
"../../../Engine/Content/EngineMaterials/Substrate/GLints/dict_16_192_64_0p5_0p02_0016_0010.uasset" 6220
"/Engine/EngineMaterials/Substrate/GLints/dict_16_192_64_0p5_0p02_0017_0006" 6221
"/Engine/EngineMaterials/Substrate/GLints/dict_16_192_64_0p5_0p02_0017_0007" 6222
"../../../Engine/Content/EngineMaterials/Substrate/GLints/dict_16_192_64_0p5_0p02_0016_0008.uasset" 6223
"/Engine/EngineMaterials/Substrate/GLints/dict_16_192_64_0p5_0p02_0017_0008" 6224
"/Engine/EngineMaterials/Substrate/GLints/dict_16_192_64_0p5_0p02_0017_0009" 6225
"../../../Engine/Content/EngineMaterials/Substrate/GLints/dict_16_192_64_0p5_0p02_0016_0005.uasset" 6226
"../../../Engine/Content/EngineMaterials/Substrate/GLints/dict_16_192_64_0p5_0p02_0016_0007.uasset" 6227
"../../../Engine/Content/EngineMaterials/Substrate/GLints/dict_16_192_64_0p5_0p02_0016_0004.uasset" 6228
"../../../Engine/Content/EngineMaterials/Substrate/GLints/dict_16_192_64_0p5_0p02_0016_0006.uasset" 6229
"/Engine/EngineMaterials/Substrate/GLints/dict_16_192_64_0p5_0p02_0017_0010" 6230
"/Engine/EngineMaterials/Substrate/GLints/dict_16_192_64_0p5_0p02_0017_0011" 6231
"/Engine/EngineMaterials/Substrate/GLints/dict_16_192_64_0p5_0p02_0017_0012" 6232
"/Engine/EngineMaterials/Substrate/GLints/dict_16_192_64_0p5_0p02_0017_0013" 6233
"/Engine/EngineMaterials/Substrate/GLints/dict_16_192_64_0p5_0p02_0017_0014" 6234
"/Engine/EngineMaterials/Substrate/GLints/dict_16_192_64_0p5_0p02_0017_0015" 6235
"/Engine/EngineMaterials/Substrate/GLints/dict_16_192_64_0p5_0p02_0018_0000" 6236
"/Engine/EngineMaterials/Substrate/GLints/dict_16_192_64_0p5_0p02_0018_0001" 6237
"/Engine/EngineMaterials/Substrate/GLints/dict_16_192_64_0p5_0p02_0018_0002" 6238
"/Engine/EngineMaterials/Substrate/GLints/dict_16_192_64_0p5_0p02_0018_0003" 6239
"/Engine/EngineMaterials/Substrate/GLints/dict_16_192_64_0p5_0p02_0016_0004" 6240
"../../../Engine/Content/EngineMaterials/Substrate/GLints/dict_16_192_64_0p5_0p02_0016_0002.uasset" 6241
"../../../Engine/Content/EngineMaterials/Substrate/GLints/dict_16_192_64_0p5_0p02_0016_0003.uasset" 6242
"/Engine/EngineMaterials/Substrate/GLints/dict_16_192_64_0p5_0p02_0016_0005" 6243
"/Engine/EngineMaterials/Substrate/GLints/dict_16_192_64_0p5_0p02_0016_0006" 6244
"../../../Engine/Content/EngineMaterials/Substrate/GLints/dict_16_192_64_0p5_0p02_0015_0014.uasset" 6245
"/Engine/EngineMaterials/Substrate/GLints/dict_16_192_64_0p5_0p02_0016_0007" 6246
"/Engine/EngineMaterials/Substrate/GLints/dict_16_192_64_0p5_0p02_0016_0008" 6247
"../../../Engine/Content/EngineMaterials/Substrate/GLints/dict_16_192_64_0p5_0p02_0016_0001.uasset" 6248
"/Engine/EngineMaterials/Substrate/GLints/dict_16_192_64_0p5_0p02_0016_0009" 6249
"../../../Engine/Content/EngineMaterials/Substrate/GLints/dict_16_192_64_0p5_0p02_0015_0010.uasset" 6250
"/Engine/EngineMaterials/Substrate/GLints/dict_16_192_64_0p5_0p02_0016_0010" 6251
"../../../Engine/Content/EngineMaterials/Substrate/GLints/dict_16_192_64_0p5_0p02_0015_0015.uasset" 6252
"../../../Engine/Content/EngineMaterials/Substrate/GLints/dict_16_192_64_0p5_0p02_0016_0000.uasset" 6253
"../../../Engine/Content/EngineMaterials/Substrate/GLints/dict_16_192_64_0p5_0p02_0015_0012.uasset" 6254
"../../../Engine/Content/EngineMaterials/Substrate/GLints/dict_16_192_64_0p5_0p02_0015_0011.uasset" 6255
"../../../Engine/Content/EngineMaterials/Substrate/GLints/dict_16_192_64_0p5_0p02_0015_0009.uasset" 6256
"../../../Engine/Content/EngineMaterials/Substrate/GLints/dict_16_192_64_0p5_0p02_0015_0013.uasset" 6257
"../../../Engine/Content/EngineMaterials/Substrate/GLints/dict_16_192_64_0p5_0p02_0015_0008.uasset" 6258
"../../../Engine/Content/EngineMaterials/Substrate/GLints/dict_16_192_64_0p5_0p02_0015_0007.uasset" 6259
"../../../Engine/Content/EngineMaterials/Substrate/GLints/dict_16_192_64_0p5_0p02_0015_0006.uasset" 6260
"/Engine/EngineMaterials/Substrate/GLints/dict_16_192_64_0p5_0p02_0016_0011" 6261
"../../../Engine/Content/EngineMaterials/Substrate/GLints/dict_16_192_64_0p5_0p02_0015_0005.uasset" 6262
"../../../Engine/Content/EngineMaterials/Substrate/GLints/dict_16_192_64_0p5_0p02_0015_0004.uasset" 6263
"/Engine/EngineMaterials/Substrate/GLints/dict_16_192_64_0p5_0p02_0016_0012" 6264
"/Engine/EngineMaterials/Substrate/GLints/dict_16_192_64_0p5_0p02_0016_0013" 6265
"/Engine/EngineMaterials/Substrate/GLints/dict_16_192_64_0p5_0p02_0016_0014" 6266
"/Engine/EngineMaterials/Substrate/GLints/dict_16_192_64_0p5_0p02_0016_0015" 6267
"/Engine/EngineMaterials/Substrate/GLints/dict_16_192_64_0p5_0p02_0017_0000" 6268
"../../../Engine/Content/EngineMaterials/Substrate/GLints/dict_16_192_64_0p5_0p02_0015_0003.uasset" 6269
"/Engine/EngineMaterials/Substrate/GLints/dict_16_192_64_0p5_0p02_0017_0001" 6270
"../../../Engine/Content/EngineMaterials/Substrate/GLints/dict_16_192_64_0p5_0p02_0015_0002.uasset" 6271
"../../../Engine/Content/EngineMaterials/Substrate/GLints/dict_16_192_64_0p5_0p02_0015_0001.uasset" 6272
"../../../Engine/Content/EngineMaterials/Substrate/GLints/dict_16_192_64_0p5_0p02_0015_0000.uasset" 6273
"/Engine/EngineMaterials/Substrate/GLints/dict_16_192_64_0p5_0p02_0015_0002" 6274
"../../../Engine/Content/EngineMaterials/Substrate/GLints/dict_16_192_64_0p5_0p02_0014_0011.uasset" 6275
"../../../Engine/Content/EngineMaterials/Substrate/GLints/dict_16_192_64_0p5_0p02_0014_0014.uasset" 6276
"/Engine/EngineMaterials/Substrate/GLints/dict_16_192_64_0p5_0p02_0015_0003" 6277
"../../../Engine/Content/EngineMaterials/Substrate/GLints/dict_16_192_64_0p5_0p02_0014_0013.uasset" 6278
"../../../Engine/Content/EngineMaterials/Substrate/GLints/dict_16_192_64_0p5_0p02_0014_0009.uasset" 6279
"../../../Engine/Content/EngineMaterials/Substrate/GLints/dict_16_192_64_0p5_0p02_0014_0012.uasset" 6280
"../../../Engine/Content/EngineMaterials/Substrate/GLints/dict_16_192_64_0p5_0p02_0014_0010.uasset" 6281
"/Engine/EngineMaterials/Substrate/GLints/dict_16_192_64_0p5_0p02_0015_0004" 6282
"/Engine/EngineMaterials/Substrate/GLints/dict_16_192_64_0p5_0p02_0015_0005" 6283
"../../../Engine/Content/EngineMaterials/Substrate/GLints/dict_16_192_64_0p5_0p02_0014_0015.uasset" 6284
"/Engine/EngineMaterials/Substrate/GLints/dict_16_192_64_0p5_0p02_0015_0006" 6285
"/Engine/EngineMaterials/Substrate/GLints/dict_16_192_64_0p5_0p02_0015_0007" 6286
"../../../Engine/Content/EngineMaterials/Substrate/GLints/dict_16_192_64_0p5_0p02_0014_0008.uasset" 6287
"/Engine/EngineMaterials/Substrate/GLints/dict_16_192_64_0p5_0p02_0015_0008" 6288
"/Engine/EngineMaterials/Substrate/GLints/dict_16_192_64_0p5_0p02_0015_0009" 6289
"../../../Engine/Content/EngineMaterials/Substrate/GLints/dict_16_192_64_0p5_0p02_0014_0007.uasset" 6290
"../../../Engine/Content/EngineMaterials/Substrate/GLints/dict_16_192_64_0p5_0p02_0014_0006.uasset" 6291
"/Engine/EngineMaterials/Substrate/GLints/dict_16_192_64_0p5_0p02_0015_0010" 6292
"/Engine/EngineMaterials/Substrate/GLints/dict_16_192_64_0p5_0p02_0015_0011" 6293
"../../../Engine/Content/EngineMaterials/Substrate/GLints/dict_16_192_64_0p5_0p02_0014_0004.uasset" 6294
"../../../Engine/Content/EngineMaterials/Substrate/GLints/dict_16_192_64_0p5_0p02_0014_0005.uasset" 6295
"/Engine/EngineMaterials/Substrate/GLints/dict_16_192_64_0p5_0p02_0015_0012" 6296
"/Engine/EngineMaterials/Substrate/GLints/dict_16_192_64_0p5_0p02_0015_0013" 6297
"/Engine/EngineMaterials/Substrate/GLints/dict_16_192_64_0p5_0p02_0015_0014" 6298
"/Engine/EngineMaterials/Substrate/GLints/dict_16_192_64_0p5_0p02_0015_0015" 6299
"/Engine/EngineMaterials/Substrate/GLints/dict_16_192_64_0p5_0p02_0016_0000" 6300
"/Engine/EngineMaterials/Substrate/GLints/dict_16_192_64_0p5_0p02_0016_0001" 6301
"/Engine/EngineMaterials/Substrate/GLints/dict_16_192_64_0p5_0p02_0016_0002" 6302
"/Engine/EngineMaterials/Substrate/GLints/dict_16_192_64_0p5_0p02_0016_0003" 6303
"../../../Engine/Content/EngineMaterials/Substrate/GLints/dict_16_192_64_0p5_0p02_0014_0002.uasset" 6304
"../../../Engine/Content/EngineMaterials/Substrate/GLints/dict_16_192_64_0p5_0p02_0014_0003.uasset" 6305
"/Engine/EngineMaterials/Substrate/GLints/dict_16_192_64_0p5_0p02_0014_0004" 6306
"../../../Engine/Content/EngineMaterials/Substrate/GLints/dict_16_192_64_0p5_0p02_0013_0013.uasset" 6307
"../../../Engine/Content/EngineMaterials/Substrate/GLints/dict_16_192_64_0p5_0p02_0014_0001.uasset" 6308
"../../../Engine/Content/EngineMaterials/Substrate/GLints/dict_16_192_64_0p5_0p02_0014_0000.uasset" 6309
"../../../Engine/Content/EngineMaterials/Substrate/GLints/dict_16_192_64_0p5_0p02_0013_0014.uasset" 6310
"../../../Engine/Content/EngineMaterials/Substrate/GLints/dict_16_192_64_0p5_0p02_0013_0015.uasset" 6311
"/Engine/EngineMaterials/Substrate/GLints/dict_16_192_64_0p5_0p02_0014_0005" 6312
"/Engine/EngineMaterials/Substrate/GLints/dict_16_192_64_0p5_0p02_0014_0006" 6313
"/Engine/EngineMaterials/Substrate/GLints/dict_16_192_64_0p5_0p02_0014_0007" 6314
"../../../Engine/Content/EngineMaterials/Substrate/GLints/dict_16_192_64_0p5_0p02_0013_0012.uasset" 6315
"/Engine/EngineMaterials/Substrate/GLints/dict_16_192_64_0p5_0p02_0014_0008" 6316
"/Engine/EngineMaterials/Substrate/GLints/dict_16_192_64_0p5_0p02_0014_0009" 6317
"../../../Engine/Content/EngineMaterials/Substrate/GLints/dict_16_192_64_0p5_0p02_0013_0005.uasset" 6318
"../../../Engine/Content/EngineMaterials/Substrate/GLints/dict_16_192_64_0p5_0p02_0013_0011.uasset" 6319
"../../../Engine/Content/EngineMaterials/Substrate/GLints/dict_16_192_64_0p5_0p02_0013_0004.uasset" 6320
"/Engine/EngineMaterials/Substrate/GLints/dict_16_192_64_0p5_0p02_0014_0010" 6321
"../../../Engine/Content/EngineMaterials/Substrate/GLints/dict_16_192_64_0p5_0p02_0013_0008.uasset" 6322
"../../../Engine/Content/EngineMaterials/Substrate/GLints/dict_16_192_64_0p5_0p02_0013_0009.uasset" 6323
"../../../Engine/Content/EngineMaterials/Substrate/GLints/dict_16_192_64_0p5_0p02_0013_0010.uasset" 6324
"../../../Engine/Content/EngineMaterials/Substrate/GLints/dict_16_192_64_0p5_0p02_0013_0003.uasset" 6325
"../../../Engine/Content/EngineMaterials/Substrate/GLints/dict_16_192_64_0p5_0p02_0013_0002.uasset" 6326
"/Engine/EngineMaterials/Substrate/GLints/dict_16_192_64_0p5_0p02_0014_0011" 6327
"../../../Engine/Content/EngineMaterials/Substrate/GLints/dict_16_192_64_0p5_0p02_0013_0007.uasset" 6328
"../../../Engine/Content/EngineMaterials/Substrate/GLints/dict_16_192_64_0p5_0p02_0013_0006.uasset" 6329
"/Engine/EngineMaterials/Substrate/GLints/dict_16_192_64_0p5_0p02_0014_0012" 6330
"/Engine/EngineMaterials/Substrate/GLints/dict_16_192_64_0p5_0p02_0014_0013" 6331
"/Engine/EngineMaterials/Substrate/GLints/dict_16_192_64_0p5_0p02_0014_0014" 6332
"/Engine/EngineMaterials/Substrate/GLints/dict_16_192_64_0p5_0p02_0014_0015" 6333
"/Engine/EngineMaterials/Substrate/GLints/dict_16_192_64_0p5_0p02_0015_0000" 6334
"/Engine/EngineMaterials/Substrate/GLints/dict_16_192_64_0p5_0p02_0015_0001" 6335
"/Engine/EngineMaterials/Substrate/GLints/dict_16_192_64_0p5_0p02_0013_0002" 6336
"/Engine/EngineMaterials/Substrate/GLints/dict_16_192_64_0p5_0p02_0013_0003" 6337
"../../../Engine/Content/EngineMaterials/Substrate/GLints/dict_16_192_64_0p5_0p02_0012_0006.uasset" 6338
"../../../Engine/Content/EngineMaterials/Substrate/GLints/dict_16_192_64_0p5_0p02_0012_0005.uasset" 6339
"../../../Engine/Content/EngineMaterials/Substrate/GLints/dict_16_192_64_0p5_0p02_0012_0004.uasset" 6340
"../../../Engine/Content/EngineMaterials/Substrate/GLints/dict_16_192_64_0p5_0p02_0012_0007.uasset" 6341
"../../../Engine/Content/EngineMaterials/Substrate/GLints/dict_16_192_64_0p5_0p02_0012_0010.uasset" 6342
"../../../Engine/Content/EngineMaterials/Substrate/GLints/dict_16_192_64_0p5_0p02_0012_0013.uasset" 6343
"../../../Engine/Content/EngineMaterials/Substrate/GLints/dict_16_192_64_0p5_0p02_0012_0009.uasset" 6344
"../../../Engine/Content/EngineMaterials/Substrate/GLints/dict_16_192_64_0p5_0p02_0012_0015.uasset" 6345
"../../../Engine/Content/EngineMaterials/Substrate/GLints/dict_16_192_64_0p5_0p02_0012_0014.uasset" 6346
"../../../Engine/Content/EngineMaterials/Substrate/GLints/dict_16_192_64_0p5_0p02_0012_0011.uasset" 6347
"../../../Engine/Content/EngineMaterials/Substrate/GLints/dict_16_192_64_0p5_0p02_0013_0001.uasset" 6348
"../../../Engine/Content/EngineMaterials/Substrate/GLints/dict_16_192_64_0p5_0p02_0012_0008.uasset" 6349
"../../../Engine/Content/EngineMaterials/Substrate/GLints/dict_16_192_64_0p5_0p02_0012_0012.uasset" 6350
"../../../Engine/Content/EngineMaterials/Substrate/GLints/dict_16_192_64_0p5_0p02_0013_0000.uasset" 6351
"/Engine/EngineMaterials/Substrate/GLints/dict_16_192_64_0p5_0p02_0013_0004" 6352
"/Engine/EngineMaterials/Substrate/GLints/dict_16_192_64_0p5_0p02_0013_0005" 6353
"/Engine/EngineMaterials/Substrate/GLints/dict_16_192_64_0p5_0p02_0013_0006" 6354
"/Engine/EngineMaterials/Substrate/GLints/dict_16_192_64_0p5_0p02_0013_0007" 6355
"/Engine/EngineMaterials/Substrate/GLints/dict_16_192_64_0p5_0p02_0013_0008" 6356
"/Engine/EngineMaterials/Substrate/GLints/dict_16_192_64_0p5_0p02_0013_0009" 6357
"/Engine/EngineMaterials/Substrate/GLints/dict_16_192_64_0p5_0p02_0013_0010" 6358
"/Engine/EngineMaterials/Substrate/GLints/dict_16_192_64_0p5_0p02_0013_0011" 6359
"/Engine/EngineMaterials/Substrate/GLints/dict_16_192_64_0p5_0p02_0013_0012" 6360
"/Engine/EngineMaterials/Substrate/GLints/dict_16_192_64_0p5_0p02_0013_0013" 6361
"/Engine/EngineMaterials/Substrate/GLints/dict_16_192_64_0p5_0p02_0013_0014" 6362
"/Engine/EngineMaterials/Substrate/GLints/dict_16_192_64_0p5_0p02_0013_0015" 6363
"/Engine/EngineMaterials/Substrate/GLints/dict_16_192_64_0p5_0p02_0014_0000" 6364
"/Engine/EngineMaterials/Substrate/GLints/dict_16_192_64_0p5_0p02_0014_0001" 6365
"/Engine/EngineMaterials/Substrate/GLints/dict_16_192_64_0p5_0p02_0014_0002" 6366
"/Engine/EngineMaterials/Substrate/GLints/dict_16_192_64_0p5_0p02_0014_0003" 6367
"/Engine/EngineMaterials/Substrate/GLints/dict_16_192_64_0p5_0p02_0012_0004" 6368
"/Engine/EngineMaterials/Substrate/GLints/dict_16_192_64_0p5_0p02_0012_0005" 6369
"../../../Engine/Content/EngineMaterials/Substrate/GLints/dict_16_192_64_0p5_0p02_0011_0012.uasset" 6370
"../../../Engine/Content/EngineMaterials/Substrate/GLints/dict_16_192_64_0p5_0p02_0011_0011.uasset" 6371
"../../../Engine/Content/EngineMaterials/Substrate/GLints/dict_16_192_64_0p5_0p02_0011_0009.uasset" 6372
"../../../Engine/Content/EngineMaterials/Substrate/GLints/dict_16_192_64_0p5_0p02_0011_0010.uasset" 6373
"../../../Engine/Content/EngineMaterials/Substrate/GLints/dict_16_192_64_0p5_0p02_0011_0014.uasset" 6374
"../../../Engine/Content/EngineMaterials/Substrate/GLints/dict_16_192_64_0p5_0p02_0011_0013.uasset" 6375
"../../../Engine/Content/EngineMaterials/Substrate/GLints/dict_16_192_64_0p5_0p02_0012_0003.uasset" 6376
"../../../Engine/Content/EngineMaterials/Substrate/GLints/dict_16_192_64_0p5_0p02_0012_0001.uasset" 6377
"../../../Engine/Content/EngineMaterials/Substrate/GLints/dict_16_192_64_0p5_0p02_0012_0002.uasset" 6378
"../../../Engine/Content/EngineMaterials/Substrate/GLints/dict_16_192_64_0p5_0p02_0011_0015.uasset" 6379
"../../../Engine/Content/EngineMaterials/Substrate/GLints/dict_16_192_64_0p5_0p02_0012_0000.uasset" 6380
"/Engine/EngineMaterials/Substrate/GLints/dict_16_192_64_0p5_0p02_0012_0006" 6381
"../../../Engine/Content/EngineMaterials/Substrate/GLints/dict_16_192_64_0p5_0p02_0011_0008.uasset" 6382
"/Engine/EngineMaterials/Substrate/GLints/dict_16_192_64_0p5_0p02_0012_0007" 6383
"/Engine/EngineMaterials/Substrate/GLints/dict_16_192_64_0p5_0p02_0012_0008" 6384
"/Engine/EngineMaterials/Substrate/GLints/dict_16_192_64_0p5_0p02_0012_0009" 6385
"/Engine/EngineMaterials/Substrate/GLints/dict_16_192_64_0p5_0p02_0012_0010" 6386
"../../../Engine/Content/EngineMaterials/Substrate/GLints/dict_16_192_64_0p5_0p02_0011_0007.uasset" 6387
"../../../Engine/Content/EngineMaterials/Substrate/GLints/dict_16_192_64_0p5_0p02_0011_0006.uasset" 6388
"/Engine/EngineMaterials/Substrate/GLints/dict_16_192_64_0p5_0p02_0012_0011" 6389
"../../../Engine/Content/EngineMaterials/Substrate/GLints/dict_16_192_64_0p5_0p02_0011_0003.uasset" 6390
"../../../Engine/Content/EngineMaterials/Substrate/GLints/dict_16_192_64_0p5_0p02_0011_0005.uasset" 6391
"../../../Engine/Content/EngineMaterials/Substrate/GLints/dict_16_192_64_0p5_0p02_0011_0004.uasset" 6392
"../../../Engine/Content/EngineMaterials/Substrate/GLints/dict_16_192_64_0p5_0p02_0011_0002.uasset" 6393
"/Engine/EngineMaterials/Substrate/GLints/dict_16_192_64_0p5_0p02_0012_0012" 6394
"/Engine/EngineMaterials/Substrate/GLints/dict_16_192_64_0p5_0p02_0012_0013" 6395
"/Engine/EngineMaterials/Substrate/GLints/dict_16_192_64_0p5_0p02_0012_0014" 6396
"/Engine/EngineMaterials/Substrate/GLints/dict_16_192_64_0p5_0p02_0012_0015" 6397
"/Engine/EngineMaterials/Substrate/GLints/dict_16_192_64_0p5_0p02_0013_0000" 6398
"/Engine/EngineMaterials/Substrate/GLints/dict_16_192_64_0p5_0p02_0013_0001" 6399
"/Engine/EngineMaterials/Substrate/GLints/dict_16_192_64_0p5_0p02_0011_0002" 6400
"../../../Engine/Content/EngineMaterials/Substrate/GLints/dict_16_192_64_0p5_0p02_0011_0001.uasset" 6401
"../../../Engine/Content/EngineMaterials/Substrate/GLints/dict_16_192_64_0p5_0p02_0010_0013.uasset" 6402
"../../../Engine/Content/EngineMaterials/Substrate/GLints/dict_16_192_64_0p5_0p02_0010_0014.uasset" 6403
"../../../Engine/Content/EngineMaterials/Substrate/GLints/dict_16_192_64_0p5_0p02_0010_0012.uasset" 6404
"../../../Engine/Content/EngineMaterials/Substrate/GLints/dict_16_192_64_0p5_0p02_0010_0015.uasset" 6405
"../../../Engine/Content/EngineMaterials/Substrate/GLints/dict_16_192_64_0p5_0p02_0010_0009.uasset" 6406
"../../../Engine/Content/EngineMaterials/Substrate/GLints/dict_16_192_64_0p5_0p02_0010_0010.uasset" 6407
"../../../Engine/Content/EngineMaterials/Substrate/GLints/dict_16_192_64_0p5_0p02_0010_0008.uasset" 6408
"/Engine/EngineMaterials/Substrate/GLints/dict_16_192_64_0p5_0p02_0011_0003" 6409
"../../../Engine/Content/EngineMaterials/Substrate/GLints/dict_16_192_64_0p5_0p02_0011_0000.uasset" 6410
"../../../Engine/Content/EngineMaterials/Substrate/GLints/dict_16_192_64_0p5_0p02_0010_0011.uasset" 6411
"../../../Engine/Content/EngineMaterials/Substrate/GLints/dict_16_192_64_0p5_0p02_0010_0007.uasset" 6412
"/Engine/EngineMaterials/Substrate/GLints/dict_16_192_64_0p5_0p02_0011_0004" 6413
"/Engine/EngineMaterials/Substrate/GLints/dict_16_192_64_0p5_0p02_0011_0005" 6414
"../../../Engine/Content/EngineMaterials/Substrate/GLints/dict_16_192_64_0p5_0p02_0010_0006.uasset" 6415
"/Engine/EngineMaterials/Substrate/GLints/dict_16_192_64_0p5_0p02_0011_0006" 6416
"/Engine/EngineMaterials/Substrate/GLints/dict_16_192_64_0p5_0p02_0011_0007" 6417
"../../../Engine/Content/EngineMaterials/Substrate/GLints/dict_16_192_64_0p5_0p02_0010_0005.uasset" 6418
"../../../Engine/Content/EngineMaterials/Substrate/GLints/dict_16_192_64_0p5_0p02_0010_0004.uasset" 6419
"/Engine/EngineMaterials/Substrate/GLints/dict_16_192_64_0p5_0p02_0011_0008" 6420
"/Engine/EngineMaterials/Substrate/GLints/dict_16_192_64_0p5_0p02_0011_0009" 6421
"/Engine/EngineMaterials/Substrate/GLints/dict_16_192_64_0p5_0p02_0011_0010" 6422
"/Engine/EngineMaterials/Substrate/GLints/dict_16_192_64_0p5_0p02_0011_0011" 6423
"/Engine/EngineMaterials/Substrate/GLints/dict_16_192_64_0p5_0p02_0011_0012" 6424
"/Engine/EngineMaterials/Substrate/GLints/dict_16_192_64_0p5_0p02_0011_0013" 6425
"/Engine/EngineMaterials/Substrate/GLints/dict_16_192_64_0p5_0p02_0011_0014" 6426
"/Engine/EngineMaterials/Substrate/GLints/dict_16_192_64_0p5_0p02_0011_0015" 6427
"/Engine/EngineMaterials/Substrate/GLints/dict_16_192_64_0p5_0p02_0012_0000" 6428
"/Engine/EngineMaterials/Substrate/GLints/dict_16_192_64_0p5_0p02_0012_0001" 6429
"/Engine/EngineMaterials/Substrate/GLints/dict_16_192_64_0p5_0p02_0012_0002" 6430
"/Engine/EngineMaterials/Substrate/GLints/dict_16_192_64_0p5_0p02_0012_0003" 6431
"/Engine/EngineMaterials/Substrate/GLints/dict_16_192_64_0p5_0p02_0010_0004" 6432
"/Engine/EngineMaterials/Substrate/GLints/dict_16_192_64_0p5_0p02_0010_0005" 6433
"/Engine/EngineMaterials/Substrate/GLints/dict_16_192_64_0p5_0p02_0010_0006" 6434
"/Engine/EngineMaterials/Substrate/GLints/dict_16_192_64_0p5_0p02_0010_0007" 6435
"/Engine/EngineMaterials/Substrate/GLints/dict_16_192_64_0p5_0p02_0010_0008" 6436
"/Engine/EngineMaterials/Substrate/GLints/dict_16_192_64_0p5_0p02_0010_0009" 6437
"/Engine/EngineMaterials/Substrate/GLints/dict_16_192_64_0p5_0p02_0010_0010" 6438
"/Engine/EngineMaterials/Substrate/GLints/dict_16_192_64_0p5_0p02_0010_0011" 6439
"/Engine/EngineMaterials/Substrate/GLints/dict_16_192_64_0p5_0p02_0010_0012" 6440
"/Engine/EngineMaterials/Substrate/GLints/dict_16_192_64_0p5_0p02_0010_0013" 6441
"/Engine/EngineMaterials/Substrate/GLints/dict_16_192_64_0p5_0p02_0010_0014" 6442
"/Engine/EngineMaterials/Substrate/GLints/dict_16_192_64_0p5_0p02_0010_0015" 6443
"/Engine/EngineMaterials/Substrate/GLints/dict_16_192_64_0p5_0p02_0011_0000" 6444
"/Engine/EngineMaterials/Substrate/GLints/dict_16_192_64_0p5_0p02_0011_0001" 6445
"../../../Engine/Content/EngineMaterials/Substrate/GLints/dict_16_192_64_0p5_0p02_0010_0003.uasset" 6446
"../../../Engine/Content/EngineMaterials/Substrate/GLints/dict_16_192_64_0p5_0p02_0010_0001.uasset" 6447
"../../../Engine/Content/EngineMaterials/Substrate/GLints/dict_16_192_64_0p5_0p02_0010_0002.uasset" 6448
"../../../Engine/Content/EngineMaterials/Substrate/GLints/dict_16_192_64_0p5_0p02_0010_0000.uasset" 6449
"../../../Engine/Content/EngineMaterials/Substrate/GLints/dict_16_192_64_0p5_0p02_0009_0007.uasset" 6450
"../../../Engine/Content/EngineMaterials/Substrate/GLints/dict_16_192_64_0p5_0p02_0009_0014.uasset" 6451
"../../../Engine/Content/EngineMaterials/Substrate/GLints/dict_16_192_64_0p5_0p02_0009_0013.uasset" 6452
"../../../Engine/Content/EngineMaterials/Substrate/GLints/dict_16_192_64_0p5_0p02_0009_0011.uasset" 6453
"../../../Engine/Content/EngineMaterials/Substrate/GLints/dict_16_192_64_0p5_0p02_0009_0012.uasset" 6454
"../../../Engine/Content/EngineMaterials/Substrate/GLints/dict_16_192_64_0p5_0p02_0009_0008.uasset" 6455
"../../../Engine/Content/EngineMaterials/Substrate/GLints/dict_16_192_64_0p5_0p02_0009_0010.uasset" 6456
"../../../Engine/Content/EngineMaterials/Substrate/GLints/dict_16_192_64_0p5_0p02_0009_0015.uasset" 6457
"../../../Engine/Content/EngineMaterials/Substrate/GLints/dict_16_192_64_0p5_0p02_0009_0006.uasset" 6458
"../../../Engine/Content/EngineMaterials/Substrate/GLints/dict_16_192_64_0p5_0p02_0009_0009.uasset" 6459
"../../../Engine/Content/EngineMaterials/Substrate/GLints/dict_16_192_64_0p5_0p02_0009_0005.uasset" 6460
"../../../Engine/Content/EngineMaterials/Substrate/GLints/dict_16_192_64_0p5_0p02_0009_0004.uasset" 6461
"../../../Engine/Content/EngineMaterials/Substrate/GLints/dict_16_192_64_0p5_0p02_0009_0003.uasset" 6462
"../../../Engine/Content/EngineMaterials/Substrate/GLints/dict_16_192_64_0p5_0p02_0008_0011.uasset" 6463
"../../../Engine/Content/EngineMaterials/Substrate/GLints/dict_16_192_64_0p5_0p02_0008_0009.uasset" 6464
"../../../Engine/Content/EngineMaterials/Substrate/GLints/dict_16_192_64_0p5_0p02_0008_0010.uasset" 6465
"../../../Engine/Content/EngineMaterials/Substrate/GLints/dict_16_192_64_0p5_0p02_0008_0012.uasset" 6466
"../../../Engine/Content/EngineMaterials/Substrate/GLints/dict_16_192_64_0p5_0p02_0009_0002.uasset" 6467
"../../../Engine/Content/EngineMaterials/Substrate/GLints/dict_16_192_64_0p5_0p02_0008_0015.uasset" 6468
"../../../Engine/Content/EngineMaterials/Substrate/GLints/dict_16_192_64_0p5_0p02_0009_0001.uasset" 6469
"../../../Engine/Content/EngineMaterials/Substrate/GLints/dict_16_192_64_0p5_0p02_0008_0014.uasset" 6470
"../../../Engine/Content/EngineMaterials/Substrate/GLints/dict_16_192_64_0p5_0p02_0009_0000.uasset" 6471
"../../../Engine/Content/EngineMaterials/Substrate/GLints/dict_16_192_64_0p5_0p02_0008_0013.uasset" 6472
"../../../Engine/Content/EngineMaterials/Substrate/GLints/dict_16_192_64_0p5_0p02_0008_0008.uasset" 6473
"/Engine/EngineMaterials/Substrate/GLints/dict_16_192_64_0p5_0p02_0009_0004" 6474
"/Engine/EngineMaterials/Substrate/GLints/dict_16_192_64_0p5_0p02_0009_0005" 6475
"/Engine/EngineMaterials/Substrate/GLints/dict_16_192_64_0p5_0p02_0009_0006" 6476
"/Engine/EngineMaterials/Substrate/GLints/dict_16_192_64_0p5_0p02_0009_0007" 6477
"../../../Engine/Content/EngineMaterials/Substrate/GLints/dict_16_192_64_0p5_0p02_0008_0007.uasset" 6478
"/Engine/EngineMaterials/Substrate/GLints/dict_16_192_64_0p5_0p02_0009_0008" 6479
"../../../Engine/Content/EngineMaterials/Substrate/GLints/dict_16_192_64_0p5_0p02_0008_0004.uasset" 6480
"../../../Engine/Content/EngineMaterials/Substrate/GLints/dict_16_192_64_0p5_0p02_0008_0006.uasset" 6481
"../../../Engine/Content/EngineMaterials/Substrate/GLints/dict_16_192_64_0p5_0p02_0008_0005.uasset" 6482
"/Engine/EngineMaterials/Substrate/GLints/dict_16_192_64_0p5_0p02_0009_0009" 6483
"/Engine/EngineMaterials/Substrate/GLints/dict_16_192_64_0p5_0p02_0009_0010" 6484
"/Engine/EngineMaterials/Substrate/GLints/dict_16_192_64_0p5_0p02_0009_0011" 6485
"/Engine/EngineMaterials/Substrate/GLints/dict_16_192_64_0p5_0p02_0009_0012" 6486
"/Engine/EngineMaterials/Substrate/GLints/dict_16_192_64_0p5_0p02_0009_0013" 6487
"/Engine/EngineMaterials/Substrate/GLints/dict_16_192_64_0p5_0p02_0009_0014" 6488
"/Engine/EngineMaterials/Substrate/GLints/dict_16_192_64_0p5_0p02_0009_0015" 6489
"/Engine/EngineMaterials/Substrate/GLints/dict_16_192_64_0p5_0p02_0010_0000" 6490
"/Engine/EngineMaterials/Substrate/GLints/dict_16_192_64_0p5_0p02_0010_0001" 6491
"/Engine/EngineMaterials/Substrate/GLints/dict_16_192_64_0p5_0p02_0010_0002" 6492
"/Engine/EngineMaterials/Substrate/GLints/dict_16_192_64_0p5_0p02_0010_0003" 6493
"/Engine/EngineMaterials/Substrate/GLints/dict_16_192_64_0p5_0p02_0008_0004" 6494
"../../../Engine/Content/EngineMaterials/Substrate/GLints/dict_16_192_64_0p5_0p02_0008_0001.uasset" 6495
"../../../Engine/Content/EngineMaterials/Substrate/GLints/dict_16_192_64_0p5_0p02_0007_0015.uasset" 6496
"../../../Engine/Content/EngineMaterials/Substrate/GLints/dict_16_192_64_0p5_0p02_0007_0014.uasset" 6497
"../../../Engine/Content/EngineMaterials/Substrate/GLints/dict_16_192_64_0p5_0p02_0008_0000.uasset" 6498
"../../../Engine/Content/EngineMaterials/Substrate/GLints/dict_16_192_64_0p5_0p02_0008_0003.uasset" 6499
"../../../Engine/Content/EngineMaterials/Substrate/GLints/dict_16_192_64_0p5_0p02_0007_0013.uasset" 6500
"../../../Engine/Content/EngineMaterials/Substrate/GLints/dict_16_192_64_0p5_0p02_0008_0002.uasset" 6501
"/Engine/EngineMaterials/Substrate/GLints/dict_16_192_64_0p5_0p02_0008_0005" 6502
"../../../Engine/Content/EngineMaterials/Substrate/GLints/dict_16_192_64_0p5_0p02_0007_0012.uasset" 6503
"/Engine/EngineMaterials/Substrate/GLints/dict_16_192_64_0p5_0p02_0008_0006" 6504
"/Engine/EngineMaterials/Substrate/GLints/dict_16_192_64_0p5_0p02_0008_0007" 6505
"/Engine/EngineMaterials/Substrate/GLints/dict_16_192_64_0p5_0p02_0008_0008" 6506
"../../../Engine/Content/EngineMaterials/Substrate/GLints/dict_16_192_64_0p5_0p02_0007_0011.uasset" 6507
"/Engine/EngineMaterials/Substrate/GLints/dict_16_192_64_0p5_0p02_0008_0009" 6508
"../../../Engine/Content/EngineMaterials/Substrate/GLints/dict_16_192_64_0p5_0p02_0007_0008.uasset" 6509
"../../../Engine/Content/EngineMaterials/Substrate/GLints/dict_16_192_64_0p5_0p02_0007_0007.uasset" 6510
"../../../Engine/Content/EngineMaterials/Substrate/GLints/dict_16_192_64_0p5_0p02_0007_0009.uasset" 6511
"/Engine/EngineMaterials/Substrate/GLints/dict_16_192_64_0p5_0p02_0008_0010" 6512
"../../../Engine/Content/EngineMaterials/Substrate/GLints/dict_16_192_64_0p5_0p02_0007_0010.uasset" 6513
"/Engine/EngineMaterials/Substrate/GLints/dict_16_192_64_0p5_0p02_0009_0002" 6514
"../../../Engine/Content/EngineMaterials/Substrate/GLints/dict_16_192_64_0p5_0p02_0007_0006.uasset" 6515
"../../../Engine/Content/EngineMaterials/Substrate/GLints/dict_16_192_64_0p5_0p02_0007_0005.uasset" 6516
"/Engine/EngineMaterials/Substrate/GLints/dict_16_192_64_0p5_0p02_0009_0003" 6517
"../../../Engine/Content/EngineMaterials/Substrate/GLints/dict_16_192_64_0p5_0p02_0007_0004.uasset" 6518
"/Engine/EngineMaterials/Substrate/GLints/dict_16_192_64_0p5_0p02_0008_0011" 6519
"/Engine/EngineMaterials/Substrate/GLints/dict_16_192_64_0p5_0p02_0008_0012" 6520
"/Engine/EngineMaterials/Substrate/GLints/dict_16_192_64_0p5_0p02_0008_0013" 6521
"/Engine/EngineMaterials/Substrate/GLints/dict_16_192_64_0p5_0p02_0008_0014" 6522
"/Engine/EngineMaterials/Substrate/GLints/dict_16_192_64_0p5_0p02_0008_0015" 6523
"/Engine/EngineMaterials/Substrate/GLints/dict_16_192_64_0p5_0p02_0009_0000" 6524
"/Engine/EngineMaterials/Substrate/GLints/dict_16_192_64_0p5_0p02_0009_0001" 6525
"/Engine/EngineMaterials/Substrate/GLints/dict_16_192_64_0p5_0p02_0007_0004" 6526
"../../../Engine/Content/EngineMaterials/Substrate/GLints/dict_16_192_64_0p5_0p02_0007_0002.uasset" 6527
"../../../Engine/Content/EngineMaterials/Substrate/GLints/dict_16_192_64_0p5_0p02_0007_0001.uasset" 6528
"../../../Engine/Content/EngineMaterials/Substrate/GLints/dict_16_192_64_0p5_0p02_0007_0003.uasset" 6529
"../../../Engine/Content/EngineMaterials/Substrate/GLints/dict_16_192_64_0p5_0p02_0007_0000.uasset" 6530
"/Engine/EngineMaterials/Substrate/GLints/dict_16_192_64_0p5_0p02_0007_0005" 6531
"../../../Engine/Content/EngineMaterials/Substrate/GLints/dict_16_192_64_0p5_0p02_0006_0011.uasset" 6532
"../../../Engine/Content/EngineMaterials/Substrate/GLints/dict_16_192_64_0p5_0p02_0006_0007.uasset" 6533
"../../../Engine/Content/EngineMaterials/Substrate/GLints/dict_16_192_64_0p5_0p02_0006_0014.uasset" 6534
"../../../Engine/Content/EngineMaterials/Substrate/GLints/dict_16_192_64_0p5_0p02_0006_0012.uasset" 6535
"/Engine/EngineMaterials/Substrate/GLints/dict_16_192_64_0p5_0p02_0007_0006" 6536
"../../../Engine/Content/EngineMaterials/Substrate/GLints/dict_16_192_64_0p5_0p02_0006_0015.uasset" 6537
"../../../Engine/Content/EngineMaterials/Substrate/GLints/dict_16_192_64_0p5_0p02_0006_0013.uasset" 6538
"../../../Engine/Content/EngineMaterials/Substrate/GLints/dict_16_192_64_0p5_0p02_0006_0010.uasset" 6539
"/Engine/EngineMaterials/Substrate/GLints/dict_16_192_64_0p5_0p02_0007_0007" 6540
"../../../Engine/Content/EngineMaterials/Substrate/GLints/dict_16_192_64_0p5_0p02_0006_0006.uasset" 6541
"../../../Engine/Content/EngineMaterials/Substrate/GLints/dict_16_192_64_0p5_0p02_0006_0008.uasset" 6542
"../../../Engine/Content/EngineMaterials/Substrate/GLints/dict_16_192_64_0p5_0p02_0006_0005.uasset" 6543
"../../../Engine/Content/EngineMaterials/Substrate/GLints/dict_16_192_64_0p5_0p02_0006_0009.uasset" 6544
"/Engine/EngineMaterials/Substrate/GLints/dict_16_192_64_0p5_0p02_0007_0008" 6545
"../../../Engine/Content/EngineMaterials/Substrate/GLints/dict_16_192_64_0p5_0p02_0006_0004.uasset" 6546
"/Engine/EngineMaterials/Substrate/GLints/dict_16_192_64_0p5_0p02_0007_0009" 6547
"/Engine/EngineMaterials/Substrate/GLints/dict_16_192_64_0p5_0p02_0007_0010" 6548
"/Engine/EngineMaterials/Substrate/GLints/dict_16_192_64_0p5_0p02_0007_0011" 6549
"/Engine/EngineMaterials/Substrate/GLints/dict_16_192_64_0p5_0p02_0007_0012" 6550
"/Engine/EngineMaterials/Substrate/GLints/dict_16_192_64_0p5_0p02_0007_0013" 6551
"/Engine/EngineMaterials/Substrate/GLints/dict_16_192_64_0p5_0p02_0007_0014" 6552
"/Engine/EngineMaterials/Substrate/GLints/dict_16_192_64_0p5_0p02_0007_0015" 6553
"/Engine/EngineMaterials/Substrate/GLints/dict_16_192_64_0p5_0p02_0008_0000" 6554
"/Engine/EngineMaterials/Substrate/GLints/dict_16_192_64_0p5_0p02_0008_0001" 6555
"/Engine/EngineMaterials/Substrate/GLints/dict_16_192_64_0p5_0p02_0008_0002" 6556
"/Engine/EngineMaterials/Substrate/GLints/dict_16_192_64_0p5_0p02_0008_0003" 6557
"../../../Engine/Content/EngineMaterials/Substrate/GLints/dict_16_192_64_0p5_0p02_0006_0002.uasset" 6558
"../../../Engine/Content/EngineMaterials/Substrate/GLints/dict_16_192_64_0p5_0p02_0006_0001.uasset" 6559
"../../../Engine/Content/EngineMaterials/Substrate/GLints/dict_16_192_64_0p5_0p02_0006_0003.uasset" 6560
"/Engine/EngineMaterials/Substrate/GLints/dict_16_192_64_0p5_0p02_0006_0004" 6561
"../../../Engine/Content/EngineMaterials/Substrate/GLints/dict_16_192_64_0p5_0p02_0005_0013.uasset" 6562
"../../../Engine/Content/EngineMaterials/Substrate/GLints/dict_16_192_64_0p5_0p02_0005_0012.uasset" 6563
"../../../Engine/Content/EngineMaterials/Substrate/GLints/dict_16_192_64_0p5_0p02_0005_0011.uasset" 6564
"/Engine/EngineMaterials/Substrate/GLints/dict_16_192_64_0p5_0p02_0006_0005" 6565
"../../../Engine/Content/EngineMaterials/Substrate/GLints/dict_16_192_64_0p5_0p02_0005_0009.uasset" 6566
"../../../Engine/Content/EngineMaterials/Substrate/GLints/dict_16_192_64_0p5_0p02_0005_0010.uasset" 6567
"../../../Engine/Content/EngineMaterials/Substrate/GLints/dict_16_192_64_0p5_0p02_0005_0015.uasset" 6568
"/Engine/EngineMaterials/Substrate/GLints/dict_16_192_64_0p5_0p02_0006_0006" 6569
"../../../Engine/Content/EngineMaterials/Substrate/GLints/dict_16_192_64_0p5_0p02_0006_0000.uasset" 6570
"/Engine/EngineMaterials/Substrate/GLints/dict_16_192_64_0p5_0p02_0006_0007" 6571
"../../../Engine/Content/EngineMaterials/Substrate/GLints/dict_16_192_64_0p5_0p02_0005_0014.uasset" 6572
"/Engine/EngineMaterials/Substrate/GLints/dict_16_192_64_0p5_0p02_0006_0008" 6573
"/Engine/EngineMaterials/Substrate/GLints/dict_16_192_64_0p5_0p02_0006_0009" 6574
"/Engine/EngineMaterials/Substrate/GLints/dict_16_192_64_0p5_0p02_0006_0010" 6575
"../../../Engine/Content/EngineMaterials/Substrate/GLints/dict_16_192_64_0p5_0p02_0005_0007.uasset" 6576
"/Engine/EngineMaterials/Substrate/GLints/dict_16_192_64_0p5_0p02_0006_0011" 6577
"../../../Engine/Content/EngineMaterials/Substrate/GLints/dict_16_192_64_0p5_0p02_0005_0008.uasset" 6578
"../../../Engine/Content/EngineMaterials/Substrate/GLints/dict_16_192_64_0p5_0p02_0005_0004.uasset" 6579
"../../../Engine/Content/EngineMaterials/Substrate/GLints/dict_16_192_64_0p5_0p02_0005_0005.uasset" 6580
"/Engine/EngineMaterials/Substrate/GLints/dict_16_192_64_0p5_0p02_0006_0012" 6581
"../../../Engine/Content/EngineMaterials/Substrate/GLints/dict_16_192_64_0p5_0p02_0005_0006.uasset" 6582
"/Engine/EngineMaterials/Substrate/GLints/dict_16_192_64_0p5_0p02_0006_0013" 6583
"/Engine/EngineMaterials/Substrate/GLints/dict_16_192_64_0p5_0p02_0006_0014" 6584
"/Engine/EngineMaterials/Substrate/GLints/dict_16_192_64_0p5_0p02_0006_0015" 6585
"/Engine/EngineMaterials/Substrate/GLints/dict_16_192_64_0p5_0p02_0007_0000" 6586
"/Engine/EngineMaterials/Substrate/GLints/dict_16_192_64_0p5_0p02_0007_0001" 6587
"/Engine/EngineMaterials/Substrate/GLints/dict_16_192_64_0p5_0p02_0007_0002" 6588
"/Engine/EngineMaterials/Substrate/GLints/dict_16_192_64_0p5_0p02_0007_0003" 6589
"../../../Engine/Content/EngineMaterials/Substrate/GLints/dict_16_192_64_0p5_0p02_0005_0001.uasset" 6590
"/Engine/EngineMaterials/Substrate/GLints/dict_16_192_64_0p5_0p02_0005_0004" 6591
"../../../Engine/Content/EngineMaterials/Substrate/GLints/dict_16_192_64_0p5_0p02_0005_0003.uasset" 6592
"../../../Engine/Content/EngineMaterials/Substrate/GLints/dict_16_192_64_0p5_0p02_0005_0002.uasset" 6593
"/Engine/EngineMaterials/Substrate/GLints/dict_16_192_64_0p5_0p02_0005_0005" 6594
"../../../Engine/Content/EngineMaterials/Substrate/GLints/dict_16_192_64_0p5_0p02_0004_0013.uasset" 6595
"../../../Engine/Content/EngineMaterials/Substrate/GLints/dict_16_192_64_0p5_0p02_0005_0000.uasset" 6596
"../../../Engine/Content/EngineMaterials/Substrate/GLints/dict_16_192_64_0p5_0p02_0004_0014.uasset" 6597
"../../../Engine/Content/EngineMaterials/Substrate/GLints/dict_16_192_64_0p5_0p02_0004_0015.uasset" 6598
"/Engine/EngineMaterials/Substrate/GLints/dict_16_192_64_0p5_0p02_0005_0006" 6599
"/Engine/EngineMaterials/Substrate/GLints/dict_16_192_64_0p5_0p02_0005_0007" 6600
"/Engine/EngineMaterials/Substrate/GLints/dict_16_192_64_0p5_0p02_0005_0008" 6601
"../../../Engine/Content/EngineMaterials/Substrate/GLints/dict_16_192_64_0p5_0p02_0004_0012.uasset" 6602
"/Engine/EngineMaterials/Substrate/GLints/dict_16_192_64_0p5_0p02_0005_0009" 6603
"../../../Engine/Content/EngineMaterials/Substrate/GLints/dict_16_192_64_0p5_0p02_0004_0010.uasset" 6604
"/Engine/EngineMaterials/Substrate/GLints/dict_16_192_64_0p5_0p02_0005_0010" 6605
"../../../Engine/Content/EngineMaterials/Substrate/GLints/dict_16_192_64_0p5_0p02_0004_0011.uasset" 6606
"/Engine/EngineMaterials/Substrate/GLints/dict_16_192_64_0p5_0p02_0005_0011" 6607
"../../../Engine/Content/EngineMaterials/Substrate/GLints/dict_16_192_64_0p5_0p02_0004_0007.uasset" 6608
"../../../Engine/Content/EngineMaterials/Substrate/GLints/dict_16_192_64_0p5_0p02_0004_0009.uasset" 6609
"/Engine/EngineMaterials/Substrate/GLints/dict_16_192_64_0p5_0p02_0005_0012" 6610
"/Engine/EngineMaterials/Substrate/GLints/dict_16_192_64_0p5_0p02_0005_0013" 6611
"../../../Engine/Content/EngineMaterials/Substrate/GLints/dict_16_192_64_0p5_0p02_0004_0004.uasset" 6612
"../../../Engine/Content/EngineMaterials/Substrate/GLints/dict_16_192_64_0p5_0p02_0004_0006.uasset" 6613
"/Engine/EngineMaterials/Substrate/GLints/dict_16_192_64_0p5_0p02_0005_0014" 6614
"../../../Engine/Content/EngineMaterials/Substrate/GLints/dict_16_192_64_0p5_0p02_0004_0005.uasset" 6615
"../../../Engine/Content/EngineMaterials/Substrate/GLints/dict_16_192_64_0p5_0p02_0004_0008.uasset" 6616
"/Engine/EngineMaterials/Substrate/GLints/dict_16_192_64_0p5_0p02_0005_0015" 6617
"/Engine/EngineMaterials/Substrate/GLints/dict_16_192_64_0p5_0p02_0006_0000" 6618
"/Engine/EngineMaterials/Substrate/GLints/dict_16_192_64_0p5_0p02_0006_0001" 6619
"/Engine/EngineMaterials/Substrate/GLints/dict_16_192_64_0p5_0p02_0006_0002" 6620
"/Engine/EngineMaterials/Substrate/GLints/dict_16_192_64_0p5_0p02_0006_0003" 6621
"../../../Engine/Content/EngineMaterials/Substrate/GLints/dict_16_192_64_0p5_0p02_0004_0003.uasset" 6622
"../../../Engine/Content/EngineMaterials/Substrate/GLints/dict_16_192_64_0p5_0p02_0004_0002.uasset" 6623
"/Engine/EngineMaterials/Substrate/GLints/dict_16_192_64_0p5_0p02_0004_0004" 6624
"../../../Engine/Content/EngineMaterials/Substrate/GLints/dict_16_192_64_0p5_0p02_0004_0001.uasset" 6625
"../../../Engine/Content/EngineMaterials/Substrate/GLints/dict_16_192_64_0p5_0p02_0004_0000.uasset" 6626
"../../../Engine/Content/EngineMaterials/Substrate/GLints/dict_16_192_64_0p5_0p02_0003_0015.uasset" 6627
"/Engine/EngineMaterials/Substrate/GLints/dict_16_192_64_0p5_0p02_0004_0005" 6628
"/Engine/EngineMaterials/Substrate/GLints/dict_16_192_64_0p5_0p02_0004_0006" 6629
"../../../Engine/Content/EngineMaterials/Substrate/GLints/dict_16_192_64_0p5_0p02_0003_0013.uasset" 6630
"/Engine/EngineMaterials/Substrate/GLints/dict_16_192_64_0p5_0p02_0004_0007" 6631
"/Engine/EngineMaterials/Substrate/GLints/dict_16_192_64_0p5_0p02_0004_0008" 6632
"../../../Engine/Content/EngineMaterials/Substrate/GLints/dict_16_192_64_0p5_0p02_0003_0008.uasset" 6633
"../../../Engine/Content/EngineMaterials/Substrate/GLints/dict_16_192_64_0p5_0p02_0003_0005.uasset" 6634
"../../../Engine/Content/EngineMaterials/Substrate/GLints/dict_16_192_64_0p5_0p02_0003_0012.uasset" 6635
"../../../Engine/Content/EngineMaterials/Substrate/GLints/dict_16_192_64_0p5_0p02_0003_0010.uasset" 6636
"../../../Engine/Content/EngineMaterials/Substrate/GLints/dict_16_192_64_0p5_0p02_0003_0014.uasset" 6637
"../../../Engine/Content/EngineMaterials/Substrate/GLints/dict_16_192_64_0p5_0p02_0003_0011.uasset" 6638
"../../../Engine/Content/EngineMaterials/Substrate/GLints/dict_16_192_64_0p5_0p02_0003_0007.uasset" 6639
"../../../Engine/Content/EngineMaterials/Substrate/GLints/dict_16_192_64_0p5_0p02_0003_0006.uasset" 6640
"/Engine/EngineMaterials/Substrate/GLints/dict_16_192_64_0p5_0p02_0004_0009" 6641
"../../../Engine/Content/EngineMaterials/Substrate/GLints/dict_16_192_64_0p5_0p02_0003_0009.uasset" 6642
"/Engine/EngineMaterials/Substrate/GLints/dict_16_192_64_0p5_0p02_0004_0010" 6643
"/Engine/EngineMaterials/Substrate/GLints/dict_16_192_64_0p5_0p02_0004_0011" 6644
"../../../Engine/Content/EngineMaterials/Substrate/GLints/dict_16_192_64_0p5_0p02_0003_0004.uasset" 6645
"/Engine/EngineMaterials/Substrate/GLints/dict_16_192_64_0p5_0p02_0004_0012" 6646
"/Engine/EngineMaterials/Substrate/GLints/dict_16_192_64_0p5_0p02_0004_0013" 6647
"/Engine/EngineMaterials/Substrate/GLints/dict_16_192_64_0p5_0p02_0004_0014" 6648
"/Engine/EngineMaterials/Substrate/GLints/dict_16_192_64_0p5_0p02_0004_0015" 6649
"/Engine/EngineMaterials/Substrate/GLints/dict_16_192_64_0p5_0p02_0005_0000" 6650
"/Engine/EngineMaterials/Substrate/GLints/dict_16_192_64_0p5_0p02_0005_0001" 6651
"/Engine/EngineMaterials/Substrate/GLints/dict_16_192_64_0p5_0p02_0005_0002" 6652
"/Engine/EngineMaterials/Substrate/GLints/dict_16_192_64_0p5_0p02_0005_0003" 6653
"../../../Engine/Content/EngineMaterials/Substrate/GLints/dict_16_192_64_0p5_0p02_0003_0002.uasset" 6654
"/Engine/EngineMaterials/Substrate/GLints/dict_16_192_64_0p5_0p02_0003_0004" 6655
"../../../Engine/Content/EngineMaterials/Substrate/GLints/dict_16_192_64_0p5_0p02_0003_0003.uasset" 6656
"../../../Engine/Content/EngineMaterials/Substrate/GLints/dict_16_192_64_0p5_0p02_0003_0001.uasset" 6657
"../../../Engine/Content/EngineMaterials/Substrate/GLints/dict_16_192_64_0p5_0p02_0002_0015.uasset" 6658
"../../../Engine/Content/EngineMaterials/Substrate/GLints/dict_16_192_64_0p5_0p02_0002_0009.uasset" 6659
"/Engine/EngineMaterials/Substrate/GLints/dict_16_192_64_0p5_0p02_0003_0005" 6660
"../../../Engine/Content/EngineMaterials/Substrate/GLints/dict_16_192_64_0p5_0p02_0002_0011.uasset" 6661
"../../../Engine/Content/EngineMaterials/Substrate/GLints/dict_16_192_64_0p5_0p02_0002_0010.uasset" 6662
"../../../Engine/Content/EngineMaterials/Substrate/GLints/dict_16_192_64_0p5_0p02_0003_0000.uasset" 6663
"../../../Engine/Content/EngineMaterials/Substrate/GLints/dict_16_192_64_0p5_0p02_0002_0012.uasset" 6664
"../../../Engine/Content/EngineMaterials/Substrate/GLints/dict_16_192_64_0p5_0p02_0002_0013.uasset" 6665
"../../../Engine/Content/EngineMaterials/Substrate/GLints/dict_16_192_64_0p5_0p02_0002_0008.uasset" 6666
"/Engine/EngineMaterials/Substrate/GLints/dict_16_192_64_0p5_0p02_0003_0006" 6667
"/Engine/EngineMaterials/Substrate/GLints/dict_16_192_64_0p5_0p02_0003_0007" 6668
"/Engine/EngineMaterials/Substrate/GLints/dict_16_192_64_0p5_0p02_0003_0008" 6669
"../../../Engine/Content/EngineMaterials/Substrate/GLints/dict_16_192_64_0p5_0p02_0002_0007.uasset" 6670
"../../../Engine/Content/EngineMaterials/Substrate/GLints/dict_16_192_64_0p5_0p02_0002_0006.uasset" 6671
"/Engine/EngineMaterials/Substrate/GLints/dict_16_192_64_0p5_0p02_0003_0009" 6672
"../../../Engine/Content/EngineMaterials/Substrate/GLints/dict_16_192_64_0p5_0p02_0002_0004.uasset" 6673
"../../../Engine/Content/EngineMaterials/Substrate/GLints/dict_16_192_64_0p5_0p02_0002_0005.uasset" 6674
"../../../Engine/Content/EngineMaterials/Substrate/GLints/dict_16_192_64_0p5_0p02_0002_0014.uasset" 6675
"/Engine/EngineMaterials/Substrate/GLints/dict_16_192_64_0p5_0p02_0003_0010" 6676
"/Engine/EngineMaterials/Substrate/GLints/dict_16_192_64_0p5_0p02_0003_0011" 6677
"/Engine/EngineMaterials/Substrate/GLints/dict_16_192_64_0p5_0p02_0003_0012" 6678
"/Engine/EngineMaterials/Substrate/GLints/dict_16_192_64_0p5_0p02_0003_0013" 6679
"/Engine/EngineMaterials/Substrate/GLints/dict_16_192_64_0p5_0p02_0003_0014" 6680
"/Engine/EngineMaterials/Substrate/GLints/dict_16_192_64_0p5_0p02_0003_0015" 6681
"/Engine/EngineMaterials/Substrate/GLints/dict_16_192_64_0p5_0p02_0004_0000" 6682
"/Engine/EngineMaterials/Substrate/GLints/dict_16_192_64_0p5_0p02_0004_0001" 6683
"/Engine/EngineMaterials/Substrate/GLints/dict_16_192_64_0p5_0p02_0004_0002" 6684
"/Engine/EngineMaterials/Substrate/GLints/dict_16_192_64_0p5_0p02_0004_0003" 6685
"../../../Engine/Content/EngineMaterials/Substrate/GLints/dict_16_192_64_0p5_0p02_0002_0001.uasset" 6686
"../../../Engine/Content/EngineMaterials/Substrate/GLints/dict_16_192_64_0p5_0p02_0002_0002.uasset" 6687
"../../../Engine/Content/EngineMaterials/Substrate/GLints/dict_16_192_64_0p5_0p02_0002_0003.uasset" 6688
"/Engine/EngineMaterials/Substrate/GLints/dict_16_192_64_0p5_0p02_0002_0004" 6689
"/Engine/EngineMaterials/Substrate/GLints/dict_16_192_64_0p5_0p02_0002_0005" 6690
"../../../Engine/Content/EngineMaterials/Substrate/GLints/dict_16_192_64_0p5_0p02_0001_0015.uasset" 6691
"../../../Engine/Content/EngineMaterials/Substrate/GLints/dict_16_192_64_0p5_0p02_0001_0013.uasset" 6692
"../../../Engine/Content/EngineMaterials/Substrate/GLints/dict_16_192_64_0p5_0p02_0002_0000.uasset" 6693
"/Engine/EngineMaterials/Substrate/GLints/dict_16_192_64_0p5_0p02_0002_0006" 6694
"/Engine/EngineMaterials/Substrate/GLints/dict_16_192_64_0p5_0p02_0002_0007" 6695
"../../../Engine/Content/EngineMaterials/Substrate/GLints/dict_16_192_64_0p5_0p02_0001_0014.uasset" 6696
"/Engine/EngineMaterials/Substrate/GLints/dict_16_192_64_0p5_0p02_0002_0008" 6697
"../../../Engine/Content/EngineMaterials/Substrate/GLints/dict_16_192_64_0p5_0p02_0001_0012.uasset" 6698
"/Engine/EngineMaterials/Substrate/GLints/dict_16_192_64_0p5_0p02_0002_0009" 6699
"../../../Engine/Content/EngineMaterials/Substrate/GLints/dict_16_192_64_0p5_0p02_0001_0005.uasset" 6700
"../../../Engine/Content/EngineMaterials/Substrate/GLints/dict_16_192_64_0p5_0p02_0001_0009.uasset" 6701
"../../../Engine/Content/EngineMaterials/Substrate/GLints/dict_16_192_64_0p5_0p02_0001_0011.uasset" 6702
"../../../Engine/Content/EngineMaterials/Substrate/GLints/dict_16_192_64_0p5_0p02_0001_0007.uasset" 6703
"../../../Engine/Content/EngineMaterials/Substrate/GLints/dict_16_192_64_0p5_0p02_0001_0006.uasset" 6704
"../../../Engine/Content/EngineMaterials/Substrate/GLints/dict_16_192_64_0p5_0p02_0001_0010.uasset" 6705
"../../../Engine/Content/EngineMaterials/Substrate/GLints/dict_16_192_64_0p5_0p02_0001_0008.uasset" 6706
"../../../Engine/Content/EngineMaterials/Substrate/GLints/dict_16_192_64_0p5_0p02_0001_0004.uasset" 6707
"/Engine/EngineMaterials/Substrate/GLints/dict_16_192_64_0p5_0p02_0002_0010" 6708
"/Engine/EngineMaterials/Substrate/GLints/dict_16_192_64_0p5_0p02_0002_0011" 6709
"/Engine/EngineMaterials/Substrate/GLints/dict_16_192_64_0p5_0p02_0002_0012" 6710
"/Engine/EngineMaterials/Substrate/GLints/dict_16_192_64_0p5_0p02_0002_0013" 6711
"/Engine/EngineMaterials/Substrate/GLints/dict_16_192_64_0p5_0p02_0002_0014" 6712
"/Engine/EngineMaterials/Substrate/GLints/dict_16_192_64_0p5_0p02_0002_0015" 6713
"/Engine/EngineMaterials/Substrate/GLints/dict_16_192_64_0p5_0p02_0003_0000" 6714
"/Engine/EngineMaterials/Substrate/GLints/dict_16_192_64_0p5_0p02_0003_0001" 6715
"/Engine/EngineMaterials/Substrate/GLints/dict_16_192_64_0p5_0p02_0003_0002" 6716
"/Engine/EngineMaterials/Substrate/GLints/dict_16_192_64_0p5_0p02_0003_0003" 6717
"../../../Engine/Content/EngineMaterials/Substrate/GLints/dict_16_192_64_0p5_0p02_0001_0003.uasset" 6718
"/Engine/EngineMaterials/Substrate/GLints/dict_16_192_64_0p5_0p02_0001_0004" 6719
"/Engine/EngineMaterials/Substrate/GLints/dict_16_192_64_0p5_0p02_0001_0005" 6720
"/Engine/EngineMaterials/Substrate/GLints/dict_16_192_64_0p5_0p02_0001_0006" 6721
"/Engine/EngineMaterials/Substrate/GLints/dict_16_192_64_0p5_0p02_0001_0007" 6722
"/Engine/EngineMaterials/Substrate/GLints/dict_16_192_64_0p5_0p02_0001_0008" 6723
"/Engine/EngineMaterials/Substrate/GLints/dict_16_192_64_0p5_0p02_0001_0009" 6724
"/Engine/EngineMaterials/Substrate/GLints/dict_16_192_64_0p5_0p02_0001_0010" 6725
"/Engine/EngineMaterials/Substrate/GLints/dict_16_192_64_0p5_0p02_0001_0011" 6726
"/Engine/EngineMaterials/Substrate/GLints/dict_16_192_64_0p5_0p02_0001_0012" 6727
"/Engine/EngineMaterials/Substrate/GLints/dict_16_192_64_0p5_0p02_0001_0013" 6728
"/Engine/EngineMaterials/Substrate/GLints/dict_16_192_64_0p5_0p02_0001_0014" 6729
"/Engine/EngineMaterials/Substrate/GLints/dict_16_192_64_0p5_0p02_0001_0015" 6730
"/Engine/EngineMaterials/Substrate/GLints/dict_16_192_64_0p5_0p02_0002_0000" 6731
"/Engine/EngineMaterials/Substrate/GLints/dict_16_192_64_0p5_0p02_0002_0001" 6732
"/Engine/EngineMaterials/Substrate/GLints/dict_16_192_64_0p5_0p02_0002_0002" 6733
"/Engine/EngineMaterials/Substrate/GLints/dict_16_192_64_0p5_0p02_0002_0003" 6734
"../../../Engine/Content/EngineMaterials/Substrate/GLints/dict_16_192_64_0p5_0p02_0001_0002.uasset" 6735
"../../../Engine/Content/EngineMaterials/Substrate/GLints/dict_16_192_64_0p5_0p02_0001_0001.uasset" 6736
"../../../Engine/Content/EngineMaterials/Substrate/GLints/dict_16_192_64_0p5_0p02_0000_0015.uasset" 6737
"../../../Engine/Content/EngineMaterials/Substrate/GLints/dict_16_192_64_0p5_0p02_0001_0000.uasset" 6738
"../../../Engine/Content/EngineMaterials/Substrate/GLints/dict_16_192_64_0p5_0p02_0000_0013.uasset" 6739
"../../../Engine/Content/EngineMaterials/Substrate/GLints/dict_16_192_64_0p5_0p02_0000_0014.uasset" 6740
"../../../Engine/Content/EngineMaterials/Substrate/GLints/dict_16_192_64_0p5_0p02_0000_0012.uasset" 6741
"../../../Engine/Content/EngineMaterials/Substrate/GLints/dict_16_192_64_0p5_0p02_0000_0011.uasset" 6742
"../../../Engine/Content/EngineMaterials/Substrate/GLints/dict_16_192_64_0p5_0p02_0000_0007.uasset" 6743
"../../../Engine/Content/EngineMaterials/Substrate/GLints/dict_16_192_64_0p5_0p02_0000_0008.uasset" 6744
"../../../Engine/Content/EngineMaterials/Substrate/GLints/dict_16_192_64_0p5_0p02_0000_0005.uasset" 6745
"../../../Engine/Content/EngineMaterials/Substrate/GLints/dict_16_192_64_0p5_0p02_0000_0009.uasset" 6746
"../../../Engine/Content/EngineMaterials/Substrate/GLints/dict_16_192_64_0p5_0p02_0000_0006.uasset" 6747
"../../../Engine/Content/EngineMaterials/Substrate/GLints/dict_16_192_64_0p5_0p02_0000_0010.uasset" 6748
"/Engine/EngineMaterials/Substrate/GLints/dict_16_192_64_0p5_0p02_0000_0013" 6749
"/Engine/EngineMaterials/Substrate/GLints/dict_16_192_64_0p5_0p02_0000_0014" 6750
"../../../Engine/Content/EngineMaterials/Substrate/GLints/dict_16_192_64_0p5_0p02_0000_0002.uasset" 6751
"../../../Engine/Content/EngineMaterials/Substrate/GLints/dict_16_192_64_0p5_0p02_0000_0001.uasset" 6752
"../../../Engine/Content/EngineMaterials/Substrate/GLints/dict_16_192_64_0p5_0p02_0000_0003.uasset" 6753
"../../../Engine/Content/EngineMaterials/Substrate/GLints/dict_16_192_64_0p5_0p02_0000_0004.uasset" 6754
"/Engine/EngineMaterials/Substrate/GLints/dict_16_192_64_0p5_0p02_0000_0015" 6755
"../../../Engine/Content/EngineMaterials/Substrate/GLints/dict_16_192_64_0p5_0p02_0000_0000.uasset" 6756
"/Engine/EngineMaterials/Substrate/GLints/dict_16_192_64_0p5_0p02_0001_0000" 6757
"../../../Engine/Content/EngineMaterials/Substrate/GLints/AGlintTex2dArray.uasset" 6758
"/Engine/EngineMaterials/Substrate/GLints/dict_16_192_64_0p5_0p02_0001_0001" 6759
"/Engine/EngineMaterials/Substrate/GLints/dict_16_192_64_0p5_0p02_0001_0002" 6760
"../../../Engine/Content/EngineMaterials/Substrate/Glints2/dict_0007_0255.uasset" 6761
"../../../Engine/Content/EngineMaterials/Substrate/Glints2/dict_0007_0251.uasset" 6762
"../../../Engine/Content/EngineMaterials/Substrate/Glints2/dict_0007_0246.uasset" 6763
"../../../Engine/Content/EngineMaterials/Substrate/Glints2/dict_0007_0252.uasset" 6764
"../../../Engine/Content/EngineMaterials/Substrate/Glints2/dict_0007_0247.uasset" 6765
"../../../Engine/Content/EngineMaterials/Substrate/Glints2/dict_0007_0245.uasset" 6766
"../../../Engine/Content/EngineMaterials/Substrate/Glints2/dict_0007_0253.uasset" 6767
"../../../Engine/Content/EngineMaterials/Substrate/Glints2/dict_0007_0250.uasset" 6768
"../../../Engine/Content/EngineMaterials/Substrate/Glints2/dict_0007_0254.uasset" 6769
"../../../Engine/Content/EngineMaterials/Substrate/Glints2/dict_0007_0248.uasset" 6770
"/Engine/EngineMaterials/Substrate/GLints/dict_16_192_64_0p5_0p02_0001_0003" 6771
"../../../Engine/Content/EngineMaterials/Substrate/Glints2/dict_0007_0249.uasset" 6772
"../../../Engine/Content/EngineMaterials/Substrate/Glints2/dict_0007_0242.uasset" 6773
"../../../Engine/Content/EngineMaterials/Substrate/Glints2/dict_0007_0243.uasset" 6774
"../../../Engine/Content/EngineMaterials/Substrate/Glints2/dict_0007_0240.uasset" 6775
"../../../Engine/Content/EngineMaterials/Substrate/Glints2/dict_0007_0244.uasset" 6776
"../../../Engine/Content/EngineMaterials/Substrate/Glints2/dict_0007_0241.uasset" 6777
"/Engine/EngineMaterials/Substrate/GLints/dict_16_192_64_0p5_0p02_0000_0004" 6778
"../../../Engine/Content/EngineMaterials/Substrate/Glints2/dict_0007_0239.uasset" 6779
"../../../Engine/Content/EngineMaterials/Substrate/Glints2/dict_0007_0238.uasset" 6780
"/Engine/EngineMaterials/Substrate/GLints/dict_16_192_64_0p5_0p02_0000_0005" 6781
"/Engine/EngineMaterials/Substrate/GLints/dict_16_192_64_0p5_0p02_0000_0006" 6782
"/Engine/EngineMaterials/Substrate/GLints/dict_16_192_64_0p5_0p02_0000_0007" 6783
"/Engine/EngineMaterials/Substrate/GLints/dict_16_192_64_0p5_0p02_0000_0008" 6784
"/Engine/EngineMaterials/Substrate/GLints/dict_16_192_64_0p5_0p02_0000_0009" 6785
"/Engine/EngineMaterials/Substrate/GLints/dict_16_192_64_0p5_0p02_0000_0010" 6786
"/Engine/EngineMaterials/Substrate/GLints/dict_16_192_64_0p5_0p02_0000_0011" 6787
"/Engine/EngineMaterials/Substrate/GLints/dict_16_192_64_0p5_0p02_0000_0012" 6788
"/Engine/EngineMaterials/Substrate/Glints2/dict_0007_0255" 6789
"/Engine/EngineMaterials/Substrate/GLints/AGlintTex2dArray" 6790
"../../../Engine/Content/EngineMaterials/Substrate/Glints2/dict_0007_0230.uasset" 6791
"../../../Engine/Content/EngineMaterials/Substrate/Glints2/dict_0007_0234.uasset" 6792
"../../../Engine/Content/EngineMaterials/Substrate/Glints2/dict_0007_0236.uasset" 6793
"../../../Engine/Content/EngineMaterials/Substrate/Glints2/dict_0007_0232.uasset" 6794
"../../../Engine/Content/EngineMaterials/Substrate/Glints2/dict_0007_0237.uasset" 6795
"../../../Engine/Content/EngineMaterials/Substrate/Glints2/dict_0007_0235.uasset" 6796
"../../../Engine/Content/EngineMaterials/Substrate/Glints2/dict_0007_0233.uasset" 6797
"../../../Engine/Content/EngineMaterials/Substrate/Glints2/dict_0007_0231.uasset" 6798
"../../../Engine/Content/EngineMaterials/Substrate/Glints2/dict_0007_0229.uasset" 6799
"../../../Engine/Content/EngineMaterials/Substrate/Glints2/dict_0007_0226.uasset" 6800
"../../../Engine/Content/EngineMaterials/Substrate/Glints2/dict_0007_0227.uasset" 6801
"../../../Engine/Content/EngineMaterials/Substrate/Glints2/dict_0007_0225.uasset" 6802
"../../../Engine/Content/EngineMaterials/Substrate/Glints2/dict_0007_0224.uasset" 6803
"../../../Engine/Content/EngineMaterials/Substrate/Glints2/dict_0007_0228.uasset" 6804
"../../../Engine/Content/EngineMaterials/Substrate/Glints2/dict_0007_0223.uasset" 6805
"/Engine/EngineMaterials/Substrate/Glints2/dict_0007_0245" 6806
"/Engine/EngineMaterials/Substrate/Glints2/dict_0007_0246" 6807
"/Engine/EngineMaterials/Substrate/Glints2/dict_0007_0238" 6808
"/Engine/EngineMaterials/Substrate/Glints2/dict_0007_0239" 6809
"/Engine/EngineMaterials/Substrate/Glints2/dict_0007_0247" 6810
"/Engine/EngineMaterials/Substrate/Glints2/dict_0007_0248" 6811
"/Engine/EngineMaterials/Substrate/Glints2/dict_0007_0249" 6812
"/Engine/EngineMaterials/Substrate/Glints2/dict_0007_0250" 6813
"/Engine/EngineMaterials/Substrate/Glints2/dict_0007_0251" 6814
"/Engine/EngineMaterials/Substrate/Glints2/dict_0007_0252" 6815
"/Engine/EngineMaterials/Substrate/Glints2/dict_0007_0253" 6816
"/Engine/EngineMaterials/Substrate/Glints2/dict_0007_0254" 6817
"/Engine/EngineMaterials/Substrate/Glints2/dict_0007_0240" 6818
"/Engine/EngineMaterials/Substrate/Glints2/dict_0007_0241" 6819
"/Engine/EngineMaterials/Substrate/Glints2/dict_0007_0242" 6820
"/Engine/EngineMaterials/Substrate/Glints2/dict_0007_0243" 6821
"/Engine/EngineMaterials/Substrate/Glints2/dict_0007_0244" 6822
"/Engine/EngineMaterials/Substrate/Glints2/dict_0007_0223" 6823
"../../../Engine/Content/EngineMaterials/Substrate/Glints2/dict_0007_0216.uasset" 6824
"../../../Engine/Content/EngineMaterials/Substrate/Glints2/dict_0007_0214.uasset" 6825
"../../../Engine/Content/EngineMaterials/Substrate/Glints2/dict_0007_0222.uasset" 6826
"../../../Engine/Content/EngineMaterials/Substrate/Glints2/dict_0007_0218.uasset" 6827
"../../../Engine/Content/EngineMaterials/Substrate/Glints2/dict_0007_0217.uasset" 6828
"../../../Engine/Content/EngineMaterials/Substrate/Glints2/dict_0007_0220.uasset" 6829
"../../../Engine/Content/EngineMaterials/Substrate/Glints2/dict_0007_0219.uasset" 6830
"../../../Engine/Content/EngineMaterials/Substrate/Glints2/dict_0007_0215.uasset" 6831
"../../../Engine/Content/EngineMaterials/Substrate/Glints2/dict_0007_0221.uasset" 6832
"/Engine/EngineMaterials/Substrate/Glints2/dict_0007_0224" 6833
"/Engine/EngineMaterials/Substrate/Glints2/dict_0007_0225" 6834
"/Engine/EngineMaterials/Substrate/Glints2/dict_0007_0226" 6835
"/Engine/EngineMaterials/Substrate/Glints2/dict_0007_0227" 6836
"/Engine/EngineMaterials/Substrate/Glints2/dict_0007_0228" 6837
"/Engine/EngineMaterials/Substrate/Glints2/dict_0007_0229" 6838
"/Engine/EngineMaterials/Substrate/Glints2/dict_0007_0230" 6839
"/Engine/EngineMaterials/Substrate/Glints2/dict_0007_0231" 6840
"/Engine/EngineMaterials/Substrate/Glints2/dict_0007_0232" 6841
"/Engine/EngineMaterials/Substrate/Glints2/dict_0007_0233" 6842
"/Engine/EngineMaterials/Substrate/Glints2/dict_0007_0234" 6843
"/Engine/EngineMaterials/Substrate/Glints2/dict_0007_0235" 6844
"/Engine/EngineMaterials/Substrate/Glints2/dict_0007_0236" 6845
"/Engine/EngineMaterials/Substrate/Glints2/dict_0007_0237" 6846
"../../../Engine/Content/EngineMaterials/Substrate/Glints2/dict_0007_0211.uasset" 6847
"../../../Engine/Content/EngineMaterials/Substrate/Glints2/dict_0007_0212.uasset" 6848
"../../../Engine/Content/EngineMaterials/Substrate/Glints2/dict_0007_0213.uasset" 6849
"../../../Engine/Content/EngineMaterials/Substrate/Glints2/dict_0007_0209.uasset" 6850
"../../../Engine/Content/EngineMaterials/Substrate/Glints2/dict_0007_0208.uasset" 6851
"../../../Engine/Content/EngineMaterials/Substrate/Glints2/dict_0007_0207.uasset" 6852
"../../../Engine/Content/EngineMaterials/Substrate/Glints2/dict_0007_0206.uasset" 6853
"../../../Engine/Content/EngineMaterials/Substrate/Glints2/dict_0007_0205.uasset" 6854
"../../../Engine/Content/EngineMaterials/Substrate/Glints2/dict_0007_0204.uasset" 6855
"../../../Engine/Content/EngineMaterials/Substrate/Glints2/dict_0007_0210.uasset" 6856
"../../../Engine/Content/EngineMaterials/Substrate/Glints2/dict_0007_0202.uasset" 6857
"../../../Engine/Content/EngineMaterials/Substrate/Glints2/dict_0007_0201.uasset" 6858
"../../../Engine/Content/EngineMaterials/Substrate/Glints2/dict_0007_0200.uasset" 6859
"../../../Engine/Content/EngineMaterials/Substrate/Glints2/dict_0007_0199.uasset" 6860
"../../../Engine/Content/EngineMaterials/Substrate/Glints2/dict_0007_0198.uasset" 6861
"../../../Engine/Content/EngineMaterials/Substrate/Glints2/dict_0007_0203.uasset" 6862
"../../../Engine/Content/EngineMaterials/Substrate/Glints2/dict_0007_0197.uasset" 6863
"../../../Engine/Content/EngineMaterials/Substrate/Glints2/dict_0007_0196.uasset" 6864
"../../../Engine/Content/EngineMaterials/Substrate/Glints2/dict_0007_0195.uasset" 6865
"../../../Engine/Content/EngineMaterials/Substrate/Glints2/dict_0007_0194.uasset" 6866
"../../../Engine/Content/EngineMaterials/Substrate/Glints2/dict_0007_0193.uasset" 6867
"../../../Engine/Content/EngineMaterials/Substrate/Glints2/dict_0007_0192.uasset" 6868
"/Engine/EngineMaterials/Substrate/Glints2/dict_0007_0195" 6869
"../../../Engine/Content/EngineMaterials/Substrate/Glints2/dict_0007_0191.uasset" 6870
"/Engine/EngineMaterials/Substrate/Glints2/dict_0007_0196" 6871
"/Engine/EngineMaterials/Substrate/Glints2/dict_0007_0197" 6872
"/Engine/EngineMaterials/Substrate/Glints2/dict_0007_0198" 6873
"/Engine/EngineMaterials/Substrate/Glints2/dict_0007_0199" 6874
"/Engine/EngineMaterials/Substrate/Glints2/dict_0007_0206" 6875
"/Engine/EngineMaterials/Substrate/Glints2/dict_0007_0207" 6876
"/Engine/EngineMaterials/Substrate/Glints2/dict_0007_0208" 6877
"/Engine/EngineMaterials/Substrate/Glints2/dict_0007_0209" 6878
"/Engine/EngineMaterials/Substrate/Glints2/dict_0007_0210" 6879
"/Engine/EngineMaterials/Substrate/Glints2/dict_0007_0211" 6880
"/Engine/EngineMaterials/Substrate/Glints2/dict_0007_0212" 6881
"/Engine/EngineMaterials/Substrate/Glints2/dict_0007_0213" 6882
"/Engine/EngineMaterials/Substrate/Glints2/dict_0007_0214" 6883
"/Engine/EngineMaterials/Substrate/Glints2/dict_0007_0215" 6884
"/Engine/EngineMaterials/Substrate/Glints2/dict_0007_0216" 6885
"/Engine/EngineMaterials/Substrate/Glints2/dict_0007_0217" 6886
"/Engine/EngineMaterials/Substrate/Glints2/dict_0007_0200" 6887
"/Engine/EngineMaterials/Substrate/Glints2/dict_0007_0201" 6888
"/Engine/EngineMaterials/Substrate/Glints2/dict_0007_0202" 6889
"/Engine/EngineMaterials/Substrate/Glints2/dict_0007_0203" 6890
"/Engine/EngineMaterials/Substrate/Glints2/dict_0007_0218" 6891
"/Engine/EngineMaterials/Substrate/Glints2/dict_0007_0204" 6892
"/Engine/EngineMaterials/Substrate/Glints2/dict_0007_0205" 6893
"/Engine/EngineMaterials/Substrate/Glints2/dict_0007_0219" 6894
"/Engine/EngineMaterials/Substrate/Glints2/dict_0007_0220" 6895
"/Engine/EngineMaterials/Substrate/Glints2/dict_0007_0221" 6896
"/Engine/EngineMaterials/Substrate/Glints2/dict_0007_0222" 6897
"/Engine/EngineMaterials/Substrate/Glints2/dict_0007_0191" 6898
"../../../Engine/Content/EngineMaterials/Substrate/Glints2/dict_0007_0190.uasset" 6899
"../../../Engine/Content/EngineMaterials/Substrate/Glints2/dict_0007_0189.uasset" 6900
"/Engine/EngineMaterials/Substrate/Glints2/dict_0007_0192" 6901
"/Engine/EngineMaterials/Substrate/Glints2/dict_0007_0193" 6902
"/Engine/EngineMaterials/Substrate/Glints2/dict_0007_0194" 6903
"../../../Engine/Content/EngineMaterials/Substrate/Glints2/dict_0007_0185.uasset" 6904
"../../../Engine/Content/EngineMaterials/Substrate/Glints2/dict_0007_0184.uasset" 6905
"../../../Engine/Content/EngineMaterials/Substrate/Glints2/dict_0007_0183.uasset" 6906
"../../../Engine/Content/EngineMaterials/Substrate/Glints2/dict_0007_0187.uasset" 6907
"../../../Engine/Content/EngineMaterials/Substrate/Glints2/dict_0007_0186.uasset" 6908
"../../../Engine/Content/EngineMaterials/Substrate/Glints2/dict_0007_0188.uasset" 6909
"../../../Engine/Content/EngineMaterials/Substrate/Glints2/dict_0007_0182.uasset" 6910
"../../../Engine/Content/EngineMaterials/Substrate/Glints2/dict_0007_0181.uasset" 6911
"../../../Engine/Content/EngineMaterials/Substrate/Glints2/dict_0007_0179.uasset" 6912
"../../../Engine/Content/EngineMaterials/Substrate/Glints2/dict_0007_0178.uasset" 6913
"../../../Engine/Content/EngineMaterials/Substrate/Glints2/dict_0007_0180.uasset" 6914
"../../../Engine/Content/EngineMaterials/Substrate/Glints2/dict_0007_0172.uasset" 6915
"../../../Engine/Content/EngineMaterials/Substrate/Glints2/dict_0007_0176.uasset" 6916
"../../../Engine/Content/EngineMaterials/Substrate/Glints2/dict_0007_0177.uasset" 6917
"../../../Engine/Content/EngineMaterials/Substrate/Glints2/dict_0007_0174.uasset" 6918
"../../../Engine/Content/EngineMaterials/Substrate/Glints2/dict_0007_0173.uasset" 6919
"../../../Engine/Content/EngineMaterials/Substrate/Glints2/dict_0007_0175.uasset" 6920
"../../../Engine/Content/EngineMaterials/Substrate/Glints2/dict_0007_0171.uasset" 6921
"../../../Engine/Content/EngineMaterials/Substrate/Glints2/dict_0007_0170.uasset" 6922
"../../../Engine/Content/EngineMaterials/Substrate/Glints2/dict_0007_0169.uasset" 6923
"../../../Engine/Content/EngineMaterials/Substrate/Glints2/dict_0007_0168.uasset" 6924
"/Engine/EngineMaterials/Substrate/Glints2/dict_0007_0172" 6925
"../../../Engine/Content/EngineMaterials/Substrate/Glints2/dict_0007_0167.uasset" 6926
"../../../Engine/Content/EngineMaterials/Substrate/Glints2/dict_0007_0166.uasset" 6927
"../../../Engine/Content/EngineMaterials/Substrate/Glints2/dict_0007_0165.uasset" 6928
"/Engine/EngineMaterials/Substrate/Glints2/dict_0007_0174" 6929
"/Engine/EngineMaterials/Substrate/Glints2/dict_0007_0176" 6930
"/Engine/EngineMaterials/Substrate/Glints2/dict_0007_0177" 6931
"../../../Engine/Content/EngineMaterials/Substrate/Glints2/dict_0007_0164.uasset" 6932
"../../../Engine/Content/EngineMaterials/Substrate/Glints2/dict_0007_0159.uasset" 6933
"../../../Engine/Content/EngineMaterials/Substrate/Glints2/dict_0007_0160.uasset" 6934
"../../../Engine/Content/EngineMaterials/Substrate/Glints2/dict_0007_0162.uasset" 6935
"../../../Engine/Content/EngineMaterials/Substrate/Glints2/dict_0007_0163.uasset" 6936
"../../../Engine/Content/EngineMaterials/Substrate/Glints2/dict_0007_0161.uasset" 6937
"/Engine/EngineMaterials/Substrate/Glints2/dict_0007_0178" 6938
"/Engine/EngineMaterials/Substrate/Glints2/dict_0007_0179" 6939
"/Engine/EngineMaterials/Substrate/Glints2/dict_0007_0180" 6940
"/Engine/EngineMaterials/Substrate/Glints2/dict_0007_0181" 6941
"/Engine/EngineMaterials/Substrate/Glints2/dict_0007_0182" 6942
"/Engine/EngineMaterials/Substrate/Glints2/dict_0007_0183" 6943
"/Engine/EngineMaterials/Substrate/Glints2/dict_0007_0184" 6944
"/Engine/EngineMaterials/Substrate/Glints2/dict_0007_0185" 6945
"/Engine/EngineMaterials/Substrate/Glints2/dict_0007_0186" 6946
"/Engine/EngineMaterials/Substrate/Glints2/dict_0007_0187" 6947
"/Engine/EngineMaterials/Substrate/Glints2/dict_0007_0188" 6948
"/Engine/EngineMaterials/Substrate/Glints2/dict_0007_0189" 6949
"/Engine/EngineMaterials/Substrate/Glints2/dict_0007_0190" 6950
"../../../Engine/Content/EngineMaterials/Substrate/Glints2/dict_0007_0158.uasset" 6951
"../../../Engine/Content/EngineMaterials/Substrate/Glints2/dict_0007_0157.uasset" 6952
"/Engine/EngineMaterials/Substrate/Glints2/dict_0007_0159" 6953
"/Engine/EngineMaterials/Substrate/Glints2/dict_0007_0160" 6954
"/Engine/EngineMaterials/Substrate/Glints2/dict_0007_0161" 6955
"/Engine/EngineMaterials/Substrate/Glints2/dict_0007_0162" 6956
"/Engine/EngineMaterials/Substrate/Glints2/dict_0007_0163" 6957
"/Engine/EngineMaterials/Substrate/Glints2/dict_0007_0164" 6958
"/Engine/EngineMaterials/Substrate/Glints2/dict_0007_0165" 6959
"/Engine/EngineMaterials/Substrate/Glints2/dict_0007_0166" 6960
"/Engine/EngineMaterials/Substrate/Glints2/dict_0007_0167" 6961
"/Engine/EngineMaterials/Substrate/Glints2/dict_0007_0168" 6962
"/Engine/EngineMaterials/Substrate/Glints2/dict_0007_0169" 6963
"/Engine/EngineMaterials/Substrate/Glints2/dict_0007_0170" 6964
"/Engine/EngineMaterials/Substrate/Glints2/dict_0007_0171" 6965
"/Engine/EngineMaterials/Substrate/Glints2/dict_0007_0173" 6966
"/Engine/EngineMaterials/Substrate/Glints2/dict_0007_0175" 6967
"../../../Engine/Content/EngineMaterials/Substrate/Glints2/dict_0007_0156.uasset" 6968
"../../../Engine/Content/EngineMaterials/Substrate/Glints2/dict_0007_0151.uasset" 6969
"../../../Engine/Content/EngineMaterials/Substrate/Glints2/dict_0007_0154.uasset" 6970
"../../../Engine/Content/EngineMaterials/Substrate/Glints2/dict_0007_0150.uasset" 6971
"../../../Engine/Content/EngineMaterials/Substrate/Glints2/dict_0007_0153.uasset" 6972
"../../../Engine/Content/EngineMaterials/Substrate/Glints2/dict_0007_0149.uasset" 6973
"../../../Engine/Content/EngineMaterials/Substrate/Glints2/dict_0007_0152.uasset" 6974
"../../../Engine/Content/EngineMaterials/Substrate/Glints2/dict_0007_0155.uasset" 6975
"../../../Engine/Content/EngineMaterials/Substrate/Glints2/dict_0007_0148.uasset" 6976
"../../../Engine/Content/EngineMaterials/Substrate/Glints2/dict_0007_0146.uasset" 6977
"../../../Engine/Content/EngineMaterials/Substrate/Glints2/dict_0007_0145.uasset" 6978
"../../../Engine/Content/EngineMaterials/Substrate/Glints2/dict_0007_0147.uasset" 6979
"../../../Engine/Content/EngineMaterials/Substrate/Glints2/dict_0007_0144.uasset" 6980
"../../../Engine/Content/EngineMaterials/Substrate/Glints2/dict_0007_0143.uasset" 6981
"../../../Engine/Content/EngineMaterials/Substrate/Glints2/dict_0007_0140.uasset" 6982
"../../../Engine/Content/EngineMaterials/Substrate/Glints2/dict_0007_0142.uasset" 6983
"../../../Engine/Content/EngineMaterials/Substrate/Glints2/dict_0007_0141.uasset" 6984
"../../../Engine/Content/EngineMaterials/Substrate/Glints2/dict_0007_0139.uasset" 6985
"../../../Engine/Content/EngineMaterials/Substrate/Glints2/dict_0007_0138.uasset" 6986
"/Engine/EngineMaterials/Substrate/Glints2/dict_0007_0146" 6987
"../../../Engine/Content/EngineMaterials/Substrate/Glints2/dict_0007_0137.uasset" 6988
"../../../Engine/Content/EngineMaterials/Substrate/Glints2/dict_0007_0136.uasset" 6989
"/Engine/EngineMaterials/Substrate/Glints2/dict_0007_0148" 6990
"../../../Engine/Content/EngineMaterials/Substrate/Glints2/dict_0007_0135.uasset" 6991
"../../../Engine/Content/EngineMaterials/Substrate/Glints2/dict_0007_0134.uasset" 6992
"/Engine/EngineMaterials/Substrate/Glints2/dict_0007_0149" 6993
"/Engine/EngineMaterials/Substrate/Glints2/dict_0007_0150" 6994
"../../../Engine/Content/EngineMaterials/Substrate/Glints2/dict_0007_0133.uasset" 6995
"/Engine/EngineMaterials/Substrate/Glints2/dict_0007_0151" 6996
"/Engine/EngineMaterials/Substrate/Glints2/dict_0007_0152" 6997
"/Engine/EngineMaterials/Substrate/Glints2/dict_0007_0153" 6998
"/Engine/EngineMaterials/Substrate/Glints2/dict_0007_0154" 6999
"/Engine/EngineMaterials/Substrate/Glints2/dict_0007_0155" 7000
"../../../Engine/Content/EngineMaterials/Substrate/Glints2/dict_0007_0128.uasset" 7001
"../../../Engine/Content/EngineMaterials/Substrate/Glints2/dict_0007_0127.uasset" 7002
"../../../Engine/Content/EngineMaterials/Substrate/Glints2/dict_0007_0132.uasset" 7003
"../../../Engine/Content/EngineMaterials/Substrate/Glints2/dict_0007_0131.uasset" 7004
"../../../Engine/Content/EngineMaterials/Substrate/Glints2/dict_0007_0130.uasset" 7005
"/Engine/EngineMaterials/Substrate/Glints2/dict_0007_0156" 7006
"../../../Engine/Content/EngineMaterials/Substrate/Glints2/dict_0007_0129.uasset" 7007
"/Engine/EngineMaterials/Substrate/Glints2/dict_0007_0157" 7008
"/Engine/EngineMaterials/Substrate/Glints2/dict_0007_0158" 7009
"/Engine/EngineMaterials/Substrate/Glints2/dict_0007_0127" 7010
"../../../Engine/Content/EngineMaterials/Substrate/Glints2/dict_0007_0118.uasset" 7011
"../../../Engine/Content/EngineMaterials/Substrate/Glints2/dict_0007_0123.uasset" 7012
"/Engine/EngineMaterials/Substrate/Glints2/dict_0007_0128" 7013
"../../../Engine/Content/EngineMaterials/Substrate/Glints2/dict_0007_0120.uasset" 7014
"../../../Engine/Content/EngineMaterials/Substrate/Glints2/dict_0007_0122.uasset" 7015
"../../../Engine/Content/EngineMaterials/Substrate/Glints2/dict_0007_0126.uasset" 7016
"../../../Engine/Content/EngineMaterials/Substrate/Glints2/dict_0007_0125.uasset" 7017
"../../../Engine/Content/EngineMaterials/Substrate/Glints2/dict_0007_0119.uasset" 7018
"/Engine/EngineMaterials/Substrate/Glints2/dict_0007_0129" 7019
"../../../Engine/Content/EngineMaterials/Substrate/Glints2/dict_0007_0121.uasset" 7020
"../../../Engine/Content/EngineMaterials/Substrate/Glints2/dict_0007_0124.uasset" 7021
"/Engine/EngineMaterials/Substrate/Glints2/dict_0007_0130" 7022
"/Engine/EngineMaterials/Substrate/Glints2/dict_0007_0131" 7023
"../../../Engine/Content/EngineMaterials/Substrate/Glints2/dict_0007_0117.uasset" 7024
"../../../Engine/Content/EngineMaterials/Substrate/Glints2/dict_0007_0115.uasset" 7025
"../../../Engine/Content/EngineMaterials/Substrate/Glints2/dict_0007_0116.uasset" 7026
"/Engine/EngineMaterials/Substrate/Glints2/dict_0007_0132" 7027
"/Engine/EngineMaterials/Substrate/Glints2/dict_0007_0133" 7028
"/Engine/EngineMaterials/Substrate/Glints2/dict_0007_0134" 7029
"/Engine/EngineMaterials/Substrate/Glints2/dict_0007_0135" 7030
"/Engine/EngineMaterials/Substrate/Glints2/dict_0007_0136" 7031
"/Engine/EngineMaterials/Substrate/Glints2/dict_0007_0137" 7032
"/Engine/EngineMaterials/Substrate/Glints2/dict_0007_0138" 7033
"/Engine/EngineMaterials/Substrate/Glints2/dict_0007_0139" 7034
"/Engine/EngineMaterials/Substrate/Glints2/dict_0007_0142" 7035
"/Engine/EngineMaterials/Substrate/Glints2/dict_0007_0140" 7036
"/Engine/EngineMaterials/Substrate/Glints2/dict_0007_0143" 7037
"/Engine/EngineMaterials/Substrate/Glints2/dict_0007_0141" 7038
"/Engine/EngineMaterials/Substrate/Glints2/dict_0007_0144" 7039
"/Engine/EngineMaterials/Substrate/Glints2/dict_0007_0145" 7040
"/Engine/EngineMaterials/Substrate/Glints2/dict_0007_0147" 7041
"/Engine/EngineMaterials/Substrate/Glints2/dict_0007_0115" 7042
"../../../Engine/Content/EngineMaterials/Substrate/Glints2/dict_0007_0114.uasset" 7043
"/Engine/EngineMaterials/Substrate/Glints2/dict_0007_0116" 7044
"/Engine/EngineMaterials/Substrate/Glints2/dict_0007_0117" 7045
"/Engine/EngineMaterials/Substrate/Glints2/dict_0007_0118" 7046
"/Engine/EngineMaterials/Substrate/Glints2/dict_0007_0119" 7047
"/Engine/EngineMaterials/Substrate/Glints2/dict_0007_0120" 7048
"/Engine/EngineMaterials/Substrate/Glints2/dict_0007_0121" 7049
"/Engine/EngineMaterials/Substrate/Glints2/dict_0007_0122" 7050
"/Engine/EngineMaterials/Substrate/Glints2/dict_0007_0123" 7051
"/Engine/EngineMaterials/Substrate/Glints2/dict_0007_0124" 7052
"/Engine/EngineMaterials/Substrate/Glints2/dict_0007_0125" 7053
"/Engine/EngineMaterials/Substrate/Glints2/dict_0007_0126" 7054
"../../../Engine/Content/EngineMaterials/Substrate/Glints2/dict_0007_0102.uasset" 7055
"../../../Engine/Content/EngineMaterials/Substrate/Glints2/dict_0007_0108.uasset" 7056
"../../../Engine/Content/EngineMaterials/Substrate/Glints2/dict_0007_0107.uasset" 7057
"../../../Engine/Content/EngineMaterials/Substrate/Glints2/dict_0007_0113.uasset" 7058
"../../../Engine/Content/EngineMaterials/Substrate/Glints2/dict_0007_0111.uasset" 7059
"../../../Engine/Content/EngineMaterials/Substrate/Glints2/dict_0007_0109.uasset" 7060
"../../../Engine/Content/EngineMaterials/Substrate/Glints2/dict_0007_0110.uasset" 7061
"../../../Engine/Content/EngineMaterials/Substrate/Glints2/dict_0007_0103.uasset" 7062
"../../../Engine/Content/EngineMaterials/Substrate/Glints2/dict_0007_0105.uasset" 7063
"../../../Engine/Content/EngineMaterials/Substrate/Glints2/dict_0007_0101.uasset" 7064
"../../../Engine/Content/EngineMaterials/Substrate/Glints2/dict_0007_0106.uasset" 7065
"../../../Engine/Content/EngineMaterials/Substrate/Glints2/dict_0007_0112.uasset" 7066
"../../../Engine/Content/EngineMaterials/Substrate/Glints2/dict_0007_0104.uasset" 7067
"../../../Engine/Content/EngineMaterials/Substrate/Glints2/dict_0007_0100.uasset" 7068
"/Engine/EngineMaterials/Substrate/Glints2/dict_0007_0101" 7069
"../../../Engine/Content/EngineMaterials/Substrate/Glints2/dict_0007_0095.uasset" 7070
"../../../Engine/Content/EngineMaterials/Substrate/Glints2/dict_0007_0099.uasset" 7071
"../../../Engine/Content/EngineMaterials/Substrate/Glints2/dict_0007_0098.uasset" 7072
"../../../Engine/Content/EngineMaterials/Substrate/Glints2/dict_0007_0097.uasset" 7073
"../../../Engine/Content/EngineMaterials/Substrate/Glints2/dict_0007_0096.uasset" 7074
"../../../Engine/Content/EngineMaterials/Substrate/Glints2/dict_0007_0094.uasset" 7075
"../../../Engine/Content/EngineMaterials/Substrate/Glints2/dict_0007_0093.uasset" 7076
"/Engine/EngineMaterials/Substrate/Glints2/dict_0007_0102" 7077
"../../../Engine/Content/EngineMaterials/Substrate/Glints2/dict_0007_0091.uasset" 7078
"../../../Engine/Content/EngineMaterials/Substrate/Glints2/dict_0007_0087.uasset" 7079
"../../../Engine/Content/EngineMaterials/Substrate/Glints2/dict_0007_0090.uasset" 7080
"../../../Engine/Content/EngineMaterials/Substrate/Glints2/dict_0007_0089.uasset" 7081
"/Engine/EngineMaterials/Substrate/Glints2/dict_0007_0103" 7082
"../../../Engine/Content/EngineMaterials/Substrate/Glints2/dict_0007_0092.uasset" 7083
"../../../Engine/Content/EngineMaterials/Substrate/Glints2/dict_0007_0088.uasset" 7084
"/Engine/EngineMaterials/Substrate/Glints2/dict_0007_0105" 7085
"../../../Engine/Content/EngineMaterials/Substrate/Glints2/dict_0007_0086.uasset" 7086
"/Engine/EngineMaterials/Substrate/Glints2/dict_0007_0106" 7087
"/Engine/EngineMaterials/Substrate/Glints2/dict_0007_0107" 7088
"../../../Engine/Content/EngineMaterials/Substrate/Glints2/dict_0007_0085.uasset" 7089
"../../../Engine/Content/EngineMaterials/Substrate/Glints2/dict_0007_0084.uasset" 7090
"/Engine/EngineMaterials/Substrate/Glints2/dict_0007_0108" 7091
"/Engine/EngineMaterials/Substrate/Glints2/dict_0007_0109" 7092
"../../../Engine/Content/EngineMaterials/Substrate/Glints2/dict_0007_0083.uasset" 7093
"/Engine/EngineMaterials/Substrate/Glints2/dict_0007_0110" 7094
"/Engine/EngineMaterials/Substrate/Glints2/dict_0007_0111" 7095
"/Engine/EngineMaterials/Substrate/Glints2/dict_0007_0112" 7096
"/Engine/EngineMaterials/Substrate/Glints2/dict_0007_0113" 7097
"/Engine/EngineMaterials/Substrate/Glints2/dict_0007_0114" 7098
"../../../Engine/Content/EngineMaterials/Substrate/Glints2/dict_0007_0081.uasset" 7099
"../../../Engine/Content/EngineMaterials/Substrate/Glints2/dict_0007_0080.uasset" 7100
"../../../Engine/Content/EngineMaterials/Substrate/Glints2/dict_0007_0082.uasset" 7101
"/Engine/EngineMaterials/Substrate/Glints2/dict_0007_0095" 7102
"../../../Engine/Content/EngineMaterials/Substrate/Glints2/dict_0007_0079.uasset" 7103
"../../../Engine/Content/EngineMaterials/Substrate/Glints2/dict_0007_0072.uasset" 7104
"../../../Engine/Content/EngineMaterials/Substrate/Glints2/dict_0007_0078.uasset" 7105
"../../../Engine/Content/EngineMaterials/Substrate/Glints2/dict_0007_0077.uasset" 7106
"../../../Engine/Content/EngineMaterials/Substrate/Glints2/dict_0007_0076.uasset" 7107
"../../../Engine/Content/EngineMaterials/Substrate/Glints2/dict_0007_0071.uasset" 7108
"../../../Engine/Content/EngineMaterials/Substrate/Glints2/dict_0007_0075.uasset" 7109
"../../../Engine/Content/EngineMaterials/Substrate/Glints2/dict_0007_0074.uasset" 7110
"../../../Engine/Content/EngineMaterials/Substrate/Glints2/dict_0007_0073.uasset" 7111
"/Engine/EngineMaterials/Substrate/Glints2/dict_0007_0096" 7112
"../../../Engine/Content/EngineMaterials/Substrate/Glints2/dict_0007_0070.uasset" 7113
"/Engine/EngineMaterials/Substrate/Glints2/dict_0007_0097" 7114
"/Engine/EngineMaterials/Substrate/Glints2/dict_0007_0098" 7115
"/Engine/EngineMaterials/Substrate/Glints2/dict_0007_0099" 7116
"/Engine/EngineMaterials/Substrate/Glints2/dict_0007_0100" 7117
"/Engine/EngineMaterials/Substrate/Glints2/dict_0007_0104" 7118
"/Engine/EngineMaterials/Substrate/Glints2/dict_0007_0083" 7119
"/Engine/EngineMaterials/Substrate/Glints2/dict_0007_0084" 7120
"/Engine/EngineMaterials/Substrate/Glints2/dict_0007_0085" 7121
"/Engine/EngineMaterials/Substrate/Glints2/dict_0007_0086" 7122
"/Engine/EngineMaterials/Substrate/Glints2/dict_0007_0087" 7123
"/Engine/EngineMaterials/Substrate/Glints2/dict_0007_0088" 7124
"/Engine/EngineMaterials/Substrate/Glints2/dict_0007_0089" 7125
"/Engine/EngineMaterials/Substrate/Glints2/dict_0007_0090" 7126
"/Engine/EngineMaterials/Substrate/Glints2/dict_0007_0091" 7127
"/Engine/EngineMaterials/Substrate/Glints2/dict_0007_0092" 7128
"/Engine/EngineMaterials/Substrate/Glints2/dict_0007_0093" 7129
"/Engine/EngineMaterials/Substrate/Glints2/dict_0007_0094" 7130
"/Engine/EngineMaterials/Substrate/Glints2/dict_0007_0070" 7131
"/Engine/EngineMaterials/Substrate/Glints2/dict_0007_0071" 7132
"/Engine/EngineMaterials/Substrate/Glints2/dict_0007_0072" 7133
"/Engine/EngineMaterials/Substrate/Glints2/dict_0007_0073" 7134
"/Engine/EngineMaterials/Substrate/Glints2/dict_0007_0074" 7135
"/Engine/EngineMaterials/Substrate/Glints2/dict_0007_0075" 7136
"/Engine/EngineMaterials/Substrate/Glints2/dict_0007_0076" 7137
"/Engine/EngineMaterials/Substrate/Glints2/dict_0007_0077" 7138
"/Engine/EngineMaterials/Substrate/Glints2/dict_0007_0078" 7139
"/Engine/EngineMaterials/Substrate/Glints2/dict_0007_0079" 7140
"/Engine/EngineMaterials/Substrate/Glints2/dict_0007_0080" 7141
"/Engine/EngineMaterials/Substrate/Glints2/dict_0007_0081" 7142
"/Engine/EngineMaterials/Substrate/Glints2/dict_0007_0082" 7143
"../../../Engine/Content/EngineMaterials/Substrate/Glints2/dict_0007_0069.uasset" 7144
"../../../Engine/Content/EngineMaterials/Substrate/Glints2/dict_0007_0068.uasset" 7145
"../../../Engine/Content/EngineMaterials/Substrate/Glints2/dict_0007_0063.uasset" 7146
"../../../Engine/Content/EngineMaterials/Substrate/Glints2/dict_0007_0064.uasset" 7147
"../../../Engine/Content/EngineMaterials/Substrate/Glints2/dict_0007_0065.uasset" 7148
"../../../Engine/Content/EngineMaterials/Substrate/Glints2/dict_0007_0061.uasset" 7149
"../../../Engine/Content/EngineMaterials/Substrate/Glints2/dict_0007_0067.uasset" 7150
"../../../Engine/Content/EngineMaterials/Substrate/Glints2/dict_0007_0062.uasset" 7151
"../../../Engine/Content/EngineMaterials/Substrate/Glints2/dict_0007_0066.uasset" 7152
"../../../Engine/Content/EngineMaterials/Substrate/Glints2/dict_0007_0060.uasset" 7153
"../../../Engine/Content/EngineMaterials/Substrate/Glints2/dict_0007_0057.uasset" 7154
"../../../Engine/Content/EngineMaterials/Substrate/Glints2/dict_0007_0059.uasset" 7155
"../../../Engine/Content/EngineMaterials/Substrate/Glints2/dict_0007_0058.uasset" 7156
"../../../Engine/Content/EngineMaterials/Substrate/Glints2/dict_0007_0056.uasset" 7157
"../../../Engine/Content/EngineMaterials/Substrate/Glints2/dict_0007_0055.uasset" 7158
"../../../Engine/Content/EngineMaterials/Substrate/Glints2/dict_0007_0054.uasset" 7159
"../../../Engine/Content/EngineMaterials/Substrate/Glints2/dict_0007_0053.uasset" 7160
"../../../Engine/Content/EngineMaterials/Substrate/Glints2/dict_0007_0052.uasset" 7161
"../../../Engine/Content/EngineMaterials/Substrate/Glints2/dict_0007_0051.uasset" 7162
"../../../Engine/Content/EngineMaterials/Substrate/Glints2/dict_0007_0040.uasset" 7163
"../../../Engine/Content/EngineMaterials/Substrate/Glints2/dict_0007_0042.uasset" 7164
"../../../Engine/Content/EngineMaterials/Substrate/Glints2/dict_0007_0050.uasset" 7165
"../../../Engine/Content/EngineMaterials/Substrate/Glints2/dict_0007_0049.uasset" 7166
"../../../Engine/Content/EngineMaterials/Substrate/Glints2/dict_0007_0048.uasset" 7167
"../../../Engine/Content/EngineMaterials/Substrate/Glints2/dict_0007_0047.uasset" 7168
"../../../Engine/Content/EngineMaterials/Substrate/Glints2/dict_0007_0046.uasset" 7169
"../../../Engine/Content/EngineMaterials/Substrate/Glints2/dict_0007_0045.uasset" 7170
"../../../Engine/Content/EngineMaterials/Substrate/Glints2/dict_0007_0043.uasset" 7171
"../../../Engine/Content/EngineMaterials/Substrate/Glints2/dict_0007_0044.uasset" 7172
"../../../Engine/Content/EngineMaterials/Substrate/Glints2/dict_0007_0041.uasset" 7173
"../../../Engine/Content/EngineMaterials/Substrate/Glints2/dict_0007_0038.uasset" 7174
"../../../Engine/Content/EngineMaterials/Substrate/Glints2/dict_0007_0039.uasset" 7175
"/Engine/EngineMaterials/Substrate/Glints2/dict_0007_0051" 7176
"/Engine/EngineMaterials/Substrate/Glints2/dict_0007_0052" 7177
"/Engine/EngineMaterials/Substrate/Glints2/dict_0007_0053" 7178
"/Engine/EngineMaterials/Substrate/Glints2/dict_0007_0054" 7179
"/Engine/EngineMaterials/Substrate/Glints2/dict_0007_0055" 7180
"/Engine/EngineMaterials/Substrate/Glints2/dict_0007_0056" 7181
"/Engine/EngineMaterials/Substrate/Glints2/dict_0007_0040" 7182
"/Engine/EngineMaterials/Substrate/Glints2/dict_0007_0057" 7183
"/Engine/EngineMaterials/Substrate/Glints2/dict_0007_0058" 7184
"/Engine/EngineMaterials/Substrate/Glints2/dict_0007_0059" 7185
"/Engine/EngineMaterials/Substrate/Glints2/dict_0007_0060" 7186
"/Engine/EngineMaterials/Substrate/Glints2/dict_0007_0061" 7187
"/Engine/EngineMaterials/Substrate/Glints2/dict_0007_0062" 7188
"/Engine/EngineMaterials/Substrate/Glints2/dict_0007_0063" 7189
"/Engine/EngineMaterials/Substrate/Glints2/dict_0007_0064" 7190
"/Engine/EngineMaterials/Substrate/Glints2/dict_0007_0065" 7191
"/Engine/EngineMaterials/Substrate/Glints2/dict_0007_0066" 7192
"/Engine/EngineMaterials/Substrate/Glints2/dict_0007_0067" 7193
"/Engine/EngineMaterials/Substrate/Glints2/dict_0007_0068" 7194
"/Engine/EngineMaterials/Substrate/Glints2/dict_0007_0069" 7195
"/Engine/EngineMaterials/Substrate/Glints2/dict_0007_0038" 7196
"/Engine/EngineMaterials/Substrate/Glints2/dict_0007_0039" 7197
"../../../Engine/Content/EngineMaterials/Substrate/Glints2/dict_0007_0037.uasset" 7198
"/Engine/EngineMaterials/Substrate/Glints2/dict_0007_0041" 7199
"../../../Engine/Content/EngineMaterials/Substrate/Glints2/dict_0007_0029.uasset" 7200
"../../../Engine/Content/EngineMaterials/Substrate/Glints2/dict_0007_0030.uasset" 7201
"../../../Engine/Content/EngineMaterials/Substrate/Glints2/dict_0007_0032.uasset" 7202
"../../../Engine/Content/EngineMaterials/Substrate/Glints2/dict_0007_0031.uasset" 7203
"/Engine/EngineMaterials/Substrate/Glints2/dict_0007_0042" 7204
"../../../Engine/Content/EngineMaterials/Substrate/Glints2/dict_0007_0033.uasset" 7205
"../../../Engine/Content/EngineMaterials/Substrate/Glints2/dict_0007_0034.uasset" 7206
"../../../Engine/Content/EngineMaterials/Substrate/Glints2/dict_0007_0036.uasset" 7207
"../../../Engine/Content/EngineMaterials/Substrate/Glints2/dict_0007_0025.uasset" 7208
"/Engine/EngineMaterials/Substrate/Glints2/dict_0007_0043" 7209
"../../../Engine/Content/EngineMaterials/Substrate/Glints2/dict_0007_0035.uasset" 7210
"../../../Engine/Content/EngineMaterials/Substrate/Glints2/dict_0007_0024.uasset" 7211
"../../../Engine/Content/EngineMaterials/Substrate/Glints2/dict_0007_0027.uasset" 7212
"../../../Engine/Content/EngineMaterials/Substrate/Glints2/dict_0007_0028.uasset" 7213
"../../../Engine/Content/EngineMaterials/Substrate/Glints2/dict_0007_0026.uasset" 7214
"/Engine/EngineMaterials/Substrate/Glints2/dict_0007_0044" 7215
"/Engine/EngineMaterials/Substrate/Glints2/dict_0007_0045" 7216
"../../../Engine/Content/EngineMaterials/Substrate/Glints2/dict_0007_0023.uasset" 7217
"/Engine/EngineMaterials/Substrate/Glints2/dict_0007_0046" 7218
"/Engine/EngineMaterials/Substrate/Glints2/dict_0007_0047" 7219
"/Engine/EngineMaterials/Substrate/Glints2/dict_0007_0048" 7220
"../../../Engine/Content/EngineMaterials/Substrate/Glints2/dict_0007_0022.uasset" 7221
"../../../Engine/Content/EngineMaterials/Substrate/Glints2/dict_0007_0021.uasset" 7222
"../../../Engine/Content/EngineMaterials/Substrate/Glints2/dict_0007_0020.uasset" 7223
"../../../Engine/Content/EngineMaterials/Substrate/Glints2/dict_0007_0019.uasset" 7224
"/Engine/EngineMaterials/Substrate/Glints2/dict_0007_0049" 7225
"/Engine/EngineMaterials/Substrate/Glints2/dict_0007_0050" 7226
"/Engine/EngineMaterials/Substrate/Glints2/dict_0007_0019" 7227
"../../../Engine/Content/EngineMaterials/Substrate/Glints2/dict_0007_0017.uasset" 7228
"../../../Engine/Content/EngineMaterials/Substrate/Glints2/dict_0007_0018.uasset" 7229
"../../../Engine/Content/EngineMaterials/Substrate/Glints2/dict_0007_0013.uasset" 7230
"../../../Engine/Content/EngineMaterials/Substrate/Glints2/dict_0007_0010.uasset" 7231
"../../../Engine/Content/EngineMaterials/Substrate/Glints2/dict_0007_0012.uasset" 7232
"../../../Engine/Content/EngineMaterials/Substrate/Glints2/dict_0007_0011.uasset" 7233
"../../../Engine/Content/EngineMaterials/Substrate/Glints2/dict_0007_0009.uasset" 7234
"../../../Engine/Content/EngineMaterials/Substrate/Glints2/dict_0007_0016.uasset" 7235
"../../../Engine/Content/EngineMaterials/Substrate/Glints2/dict_0007_0008.uasset" 7236
"../../../Engine/Content/EngineMaterials/Substrate/Glints2/dict_0007_0015.uasset" 7237
"/Engine/EngineMaterials/Substrate/Glints2/dict_0007_0020" 7238
"../../../Engine/Content/EngineMaterials/Substrate/Glints2/dict_0007_0006.uasset" 7239
"../../../Engine/Content/EngineMaterials/Substrate/Glints2/dict_0007_0007.uasset" 7240
"../../../Engine/Content/EngineMaterials/Substrate/Glints2/dict_0007_0014.uasset" 7241
"/Engine/EngineMaterials/Substrate/Glints2/dict_0007_0021" 7242
"/Engine/EngineMaterials/Substrate/Glints2/dict_0007_0022" 7243
"/Engine/EngineMaterials/Substrate/Glints2/dict_0007_0023" 7244
"/Engine/EngineMaterials/Substrate/Glints2/dict_0007_0024" 7245
"/Engine/EngineMaterials/Substrate/Glints2/dict_0007_0025" 7246
"/Engine/EngineMaterials/Substrate/Glints2/dict_0007_0026" 7247
"/Engine/EngineMaterials/Substrate/Glints2/dict_0007_0027" 7248
"/Engine/EngineMaterials/Substrate/Glints2/dict_0007_0028" 7249
"/Engine/EngineMaterials/Substrate/Glints2/dict_0007_0029" 7250
"/Engine/EngineMaterials/Substrate/Glints2/dict_0007_0030" 7251
"/Engine/EngineMaterials/Substrate/Glints2/dict_0007_0031" 7252
"/Engine/EngineMaterials/Substrate/Glints2/dict_0007_0032" 7253
"/Engine/EngineMaterials/Substrate/Glints2/dict_0007_0033" 7254
"/Engine/EngineMaterials/Substrate/Glints2/dict_0007_0034" 7255
"/Engine/EngineMaterials/Substrate/Glints2/dict_0007_0035" 7256
"/Engine/EngineMaterials/Substrate/Glints2/dict_0007_0036" 7257
"/Engine/EngineMaterials/Substrate/Glints2/dict_0007_0037" 7258
"/Engine/EngineMaterials/Substrate/Glints2/dict_0007_0018" 7259
"../../../Engine/Content/EngineMaterials/Substrate/Glints2/dict_0007_0004.uasset" 7260
"../../../Engine/Content/EngineMaterials/Substrate/Glints2/dict_0007_0005.uasset" 7261
"/Engine/EngineMaterials/Substrate/Glints2/dict_0007_0006" 7262
"../../../Engine/Content/EngineMaterials/Substrate/Glints2/dict_0007_0002.uasset" 7263
"../../../Engine/Content/EngineMaterials/Substrate/Glints2/dict_0006_0249.uasset" 7264
"../../../Engine/Content/EngineMaterials/Substrate/Glints2/dict_0007_0000.uasset" 7265
"../../../Engine/Content/EngineMaterials/Substrate/Glints2/dict_0006_0255.uasset" 7266
"../../../Engine/Content/EngineMaterials/Substrate/Glints2/dict_0006_0254.uasset" 7267
"../../../Engine/Content/EngineMaterials/Substrate/Glints2/dict_0006_0253.uasset" 7268
"../../../Engine/Content/EngineMaterials/Substrate/Glints2/dict_0006_0251.uasset" 7269
"../../../Engine/Content/EngineMaterials/Substrate/Glints2/dict_0006_0252.uasset" 7270
"/Engine/EngineMaterials/Substrate/Glints2/dict_0007_0007" 7271
"../../../Engine/Content/EngineMaterials/Substrate/Glints2/dict_0006_0248.uasset" 7272
"../../../Engine/Content/EngineMaterials/Substrate/Glints2/dict_0007_0001.uasset" 7273
"../../../Engine/Content/EngineMaterials/Substrate/Glints2/dict_0007_0003.uasset" 7274
"../../../Engine/Content/EngineMaterials/Substrate/Glints2/dict_0006_0250.uasset" 7275
"/Engine/EngineMaterials/Substrate/Glints2/dict_0007_0008" 7276
"../../../Engine/Content/EngineMaterials/Substrate/Glints2/dict_0006_0246.uasset" 7277
"/Engine/EngineMaterials/Substrate/Glints2/dict_0007_0009" 7278
"/Engine/EngineMaterials/Substrate/Glints2/dict_0007_0010" 7279
"../../../Engine/Content/EngineMaterials/Substrate/Glints2/dict_0006_0247.uasset" 7280
"/Engine/EngineMaterials/Substrate/Glints2/dict_0007_0011" 7281
"/Engine/EngineMaterials/Substrate/Glints2/dict_0007_0012" 7282
"/Engine/EngineMaterials/Substrate/Glints2/dict_0007_0013" 7283
"/Engine/EngineMaterials/Substrate/Glints2/dict_0007_0014" 7284
"../../../Engine/Content/EngineMaterials/Substrate/Glints2/dict_0006_0245.uasset" 7285
"/Engine/EngineMaterials/Substrate/Glints2/dict_0007_0015" 7286
"/Engine/EngineMaterials/Substrate/Glints2/dict_0007_0016" 7287
"../../../Engine/Content/EngineMaterials/Substrate/Glints2/dict_0006_0244.uasset" 7288
"../../../Engine/Content/EngineMaterials/Substrate/Glints2/dict_0006_0243.uasset" 7289
"/Engine/EngineMaterials/Substrate/Glints2/dict_0007_0017" 7290
"../../../Engine/Content/EngineMaterials/Substrate/Glints2/dict_0006_0242.uasset" 7291
"/Engine/EngineMaterials/Substrate/Glints2/dict_0006_0243" 7292
"../../../Engine/Content/EngineMaterials/Substrate/Glints2/dict_0006_0241.uasset" 7293
"../../../Engine/Content/EngineMaterials/Substrate/Glints2/dict_0006_0239.uasset" 7294
"../../../Engine/Content/EngineMaterials/Substrate/Glints2/dict_0006_0238.uasset" 7295
"../../../Engine/Content/EngineMaterials/Substrate/Glints2/dict_0006_0235.uasset" 7296
"../../../Engine/Content/EngineMaterials/Substrate/Glints2/dict_0006_0233.uasset" 7297
"../../../Engine/Content/EngineMaterials/Substrate/Glints2/dict_0006_0240.uasset" 7298
"../../../Engine/Content/EngineMaterials/Substrate/Glints2/dict_0006_0234.uasset" 7299
"../../../Engine/Content/EngineMaterials/Substrate/Glints2/dict_0006_0232.uasset" 7300
"../../../Engine/Content/EngineMaterials/Substrate/Glints2/dict_0006_0231.uasset" 7301
"../../../Engine/Content/EngineMaterials/Substrate/Glints2/dict_0006_0236.uasset" 7302
"/Engine/EngineMaterials/Substrate/Glints2/dict_0006_0244" 7303
"../../../Engine/Content/EngineMaterials/Substrate/Glints2/dict_0006_0230.uasset" 7304
"../../../Engine/Content/EngineMaterials/Substrate/Glints2/dict_0006_0237.uasset" 7305
"/Engine/EngineMaterials/Substrate/Glints2/dict_0006_0245" 7306
"/Engine/EngineMaterials/Substrate/Glints2/dict_0006_0246" 7307
"/Engine/EngineMaterials/Substrate/Glints2/dict_0006_0247" 7308
"/Engine/EngineMaterials/Substrate/Glints2/dict_0006_0248" 7309
"/Engine/EngineMaterials/Substrate/Glints2/dict_0006_0249" 7310
"/Engine/EngineMaterials/Substrate/Glints2/dict_0006_0250" 7311
"/Engine/EngineMaterials/Substrate/Glints2/dict_0006_0251" 7312
"/Engine/EngineMaterials/Substrate/Glints2/dict_0006_0252" 7313
"/Engine/EngineMaterials/Substrate/Glints2/dict_0006_0253" 7314
"/Engine/EngineMaterials/Substrate/Glints2/dict_0006_0254" 7315
"/Engine/EngineMaterials/Substrate/Glints2/dict_0006_0255" 7316
"/Engine/EngineMaterials/Substrate/Glints2/dict_0007_0000" 7317
"/Engine/EngineMaterials/Substrate/Glints2/dict_0007_0001" 7318
"/Engine/EngineMaterials/Substrate/Glints2/dict_0007_0002" 7319
"/Engine/EngineMaterials/Substrate/Glints2/dict_0007_0003" 7320
"/Engine/EngineMaterials/Substrate/Glints2/dict_0007_0004" 7321
"/Engine/EngineMaterials/Substrate/Glints2/dict_0007_0005" 7322
"/Engine/EngineMaterials/Substrate/Glints2/dict_0006_0230" 7323
"/Engine/EngineMaterials/Substrate/Glints2/dict_0006_0231" 7324
"/Engine/EngineMaterials/Substrate/Glints2/dict_0006_0232" 7325
"/Engine/EngineMaterials/Substrate/Glints2/dict_0006_0233" 7326
"/Engine/EngineMaterials/Substrate/Glints2/dict_0006_0234" 7327
"/Engine/EngineMaterials/Substrate/Glints2/dict_0006_0235" 7328
"/Engine/EngineMaterials/Substrate/Glints2/dict_0006_0236" 7329
"/Engine/EngineMaterials/Substrate/Glints2/dict_0006_0237" 7330
"/Engine/EngineMaterials/Substrate/Glints2/dict_0006_0238" 7331
"/Engine/EngineMaterials/Substrate/Glints2/dict_0006_0239" 7332
"/Engine/EngineMaterials/Substrate/Glints2/dict_0006_0240" 7333
"/Engine/EngineMaterials/Substrate/Glints2/dict_0006_0241" 7334
"/Engine/EngineMaterials/Substrate/Glints2/dict_0006_0242" 7335
"../../../Engine/Content/EngineMaterials/Substrate/Glints2/dict_0006_0227.uasset" 7336
"../../../Engine/Content/EngineMaterials/Substrate/Glints2/dict_0006_0226.uasset" 7337
"../../../Engine/Content/EngineMaterials/Substrate/Glints2/dict_0006_0224.uasset" 7338
"../../../Engine/Content/EngineMaterials/Substrate/Glints2/dict_0006_0220.uasset" 7339
"../../../Engine/Content/EngineMaterials/Substrate/Glints2/dict_0006_0221.uasset" 7340
"../../../Engine/Content/EngineMaterials/Substrate/Glints2/dict_0006_0222.uasset" 7341
"../../../Engine/Content/EngineMaterials/Substrate/Glints2/dict_0006_0219.uasset" 7342
"../../../Engine/Content/EngineMaterials/Substrate/Glints2/dict_0006_0218.uasset" 7343
"../../../Engine/Content/EngineMaterials/Substrate/Glints2/dict_0006_0223.uasset" 7344
"../../../Engine/Content/EngineMaterials/Substrate/Glints2/dict_0006_0228.uasset" 7345
"../../../Engine/Content/EngineMaterials/Substrate/Glints2/dict_0006_0225.uasset" 7346
"../../../Engine/Content/EngineMaterials/Substrate/Glints2/dict_0006_0229.uasset" 7347
"../../../Engine/Content/EngineMaterials/Substrate/Glints2/dict_0006_0217.uasset" 7348
"../../../Engine/Content/EngineMaterials/Substrate/Glints2/dict_0006_0216.uasset" 7349
"/Engine/EngineMaterials/Substrate/Glints2/dict_0006_0220" 7350
"/Engine/EngineMaterials/Substrate/Glints2/dict_0006_0224" 7351
"../../../Engine/Content/EngineMaterials/Substrate/Glints2/dict_0006_0215.uasset" 7352
"/Engine/EngineMaterials/Substrate/Glints2/dict_0006_0226" 7353
"../../../Engine/Content/EngineMaterials/Substrate/Glints2/dict_0006_0214.uasset" 7354
"../../../Engine/Content/EngineMaterials/Substrate/Glints2/dict_0006_0212.uasset" 7355
"../../../Engine/Content/EngineMaterials/Substrate/Glints2/dict_0006_0213.uasset" 7356
"../../../Engine/Content/EngineMaterials/Substrate/Glints2/dict_0006_0203.uasset" 7357
"/Engine/EngineMaterials/Substrate/Glints2/dict_0006_0227" 7358
"../../../Engine/Content/EngineMaterials/Substrate/Glints2/dict_0006_0202.uasset" 7359
"../../../Engine/Content/EngineMaterials/Substrate/Glints2/dict_0006_0207.uasset" 7360
"../../../Engine/Content/EngineMaterials/Substrate/Glints2/dict_0006_0206.uasset" 7361
"../../../Engine/Content/EngineMaterials/Substrate/Glints2/dict_0006_0205.uasset" 7362
"../../../Engine/Content/EngineMaterials/Substrate/Glints2/dict_0006_0204.uasset" 7363
"/Engine/EngineMaterials/Substrate/Glints2/dict_0006_0216" 7364
"../../../Engine/Content/EngineMaterials/Substrate/Glints2/dict_0006_0201.uasset" 7365
"../../../Engine/Content/EngineMaterials/Substrate/Glints2/dict_0006_0200.uasset" 7366
"../../../Engine/Content/EngineMaterials/Substrate/Glints2/dict_0006_0199.uasset" 7367
"/Engine/EngineMaterials/Substrate/Glints2/dict_0006_0217" 7368
"../../../Engine/Content/EngineMaterials/Substrate/Glints2/dict_0006_0198.uasset" 7369
"../../../Engine/Content/EngineMaterials/Substrate/Glints2/dict_0006_0211.uasset" 7370
"/Engine/EngineMaterials/Substrate/Glints2/dict_0006_0218" 7371
"../../../Engine/Content/EngineMaterials/Substrate/Glints2/dict_0006_0210.uasset" 7372
"../../../Engine/Content/EngineMaterials/Substrate/Glints2/dict_0006_0208.uasset" 7373
"/Engine/EngineMaterials/Substrate/Glints2/dict_0006_0219" 7374
"../../../Engine/Content/EngineMaterials/Substrate/Glints2/dict_0006_0209.uasset" 7375
"/Engine/EngineMaterials/Substrate/Glints2/dict_0006_0221" 7376
"/Engine/EngineMaterials/Substrate/Glints2/dict_0006_0222" 7377
"../../../Engine/Content/EngineMaterials/Substrate/Glints2/dict_0006_0197.uasset" 7378
"/Engine/EngineMaterials/Substrate/Glints2/dict_0006_0223" 7379
"../../../Engine/Content/EngineMaterials/Substrate/Glints2/dict_0006_0196.uasset" 7380
"/Engine/EngineMaterials/Substrate/Glints2/dict_0006_0225" 7381
"../../../Engine/Content/EngineMaterials/Substrate/Glints2/dict_0006_0195.uasset" 7382
"../../../Engine/Content/EngineMaterials/Substrate/Glints2/dict_0006_0194.uasset" 7383
"/Engine/EngineMaterials/Substrate/Glints2/dict_0006_0228" 7384
"/Engine/EngineMaterials/Substrate/Glints2/dict_0006_0229" 7385
"../../../Engine/Content/EngineMaterials/Substrate/Glints2/dict_0006_0190.uasset" 7386
"../../../Engine/Content/EngineMaterials/Substrate/Glints2/dict_0006_0185.uasset" 7387
"../../../Engine/Content/EngineMaterials/Substrate/Glints2/dict_0006_0189.uasset" 7388
"../../../Engine/Content/EngineMaterials/Substrate/Glints2/dict_0006_0186.uasset" 7389
"../../../Engine/Content/EngineMaterials/Substrate/Glints2/dict_0006_0187.uasset" 7390
"../../../Engine/Content/EngineMaterials/Substrate/Glints2/dict_0006_0191.uasset" 7391
"../../../Engine/Content/EngineMaterials/Substrate/Glints2/dict_0006_0193.uasset" 7392
"../../../Engine/Content/EngineMaterials/Substrate/Glints2/dict_0006_0184.uasset" 7393
"../../../Engine/Content/EngineMaterials/Substrate/Glints2/dict_0006_0192.uasset" 7394
"../../../Engine/Content/EngineMaterials/Substrate/Glints2/dict_0006_0188.uasset" 7395
"/Engine/EngineMaterials/Substrate/Glints2/dict_0006_0198" 7396
"/Engine/EngineMaterials/Substrate/Glints2/dict_0006_0211" 7397
"/Engine/EngineMaterials/Substrate/Glints2/dict_0006_0212" 7398
"/Engine/EngineMaterials/Substrate/Glints2/dict_0006_0213" 7399
"/Engine/EngineMaterials/Substrate/Glints2/dict_0006_0214" 7400
"/Engine/EngineMaterials/Substrate/Glints2/dict_0006_0215" 7401
"/Engine/EngineMaterials/Substrate/Glints2/dict_0006_0199" 7402
"/Engine/EngineMaterials/Substrate/Glints2/dict_0006_0200" 7403
"/Engine/EngineMaterials/Substrate/Glints2/dict_0006_0201" 7404
"/Engine/EngineMaterials/Substrate/Glints2/dict_0006_0202" 7405
"/Engine/EngineMaterials/Substrate/Glints2/dict_0006_0203" 7406
"/Engine/EngineMaterials/Substrate/Glints2/dict_0006_0204" 7407
"/Engine/EngineMaterials/Substrate/Glints2/dict_0006_0205" 7408
"/Engine/EngineMaterials/Substrate/Glints2/dict_0006_0206" 7409
"/Engine/EngineMaterials/Substrate/Glints2/dict_0006_0207" 7410
"/Engine/EngineMaterials/Substrate/Glints2/dict_0006_0208" 7411
"/Engine/EngineMaterials/Substrate/Glints2/dict_0006_0209" 7412
"/Engine/EngineMaterials/Substrate/Glints2/dict_0006_0210" 7413
"/Engine/EngineMaterials/Substrate/Glints2/dict_0006_0194" 7414
"/Engine/EngineMaterials/Substrate/Glints2/dict_0006_0195" 7415
"/Engine/EngineMaterials/Substrate/Glints2/dict_0006_0196" 7416
"/Engine/EngineMaterials/Substrate/Glints2/dict_0006_0197" 7417
"../../../Engine/Content/EngineMaterials/Substrate/Glints2/dict_0006_0182.uasset" 7418
"../../../Engine/Content/EngineMaterials/Substrate/Glints2/dict_0006_0183.uasset" 7419
"/Engine/EngineMaterials/Substrate/Glints2/dict_0006_0184" 7420
"/Engine/EngineMaterials/Substrate/Glints2/dict_0006_0185" 7421
"/Engine/EngineMaterials/Substrate/Glints2/dict_0006_0186" 7422
"/Engine/EngineMaterials/Substrate/Glints2/dict_0006_0187" 7423
"/Engine/EngineMaterials/Substrate/Glints2/dict_0006_0188" 7424
"/Engine/EngineMaterials/Substrate/Glints2/dict_0006_0189" 7425
"/Engine/EngineMaterials/Substrate/Glints2/dict_0006_0190" 7426
"/Engine/EngineMaterials/Substrate/Glints2/dict_0006_0191" 7427
"/Engine/EngineMaterials/Substrate/Glints2/dict_0006_0192" 7428
"/Engine/EngineMaterials/Substrate/Glints2/dict_0006_0193" 7429
"../../../Engine/Content/EngineMaterials/Substrate/Glints2/dict_0006_0179.uasset" 7430
"../../../Engine/Content/EngineMaterials/Substrate/Glints2/dict_0006_0181.uasset" 7431
"../../../Engine/Content/EngineMaterials/Substrate/Glints2/dict_0006_0178.uasset" 7432
"../../../Engine/Content/EngineMaterials/Substrate/Glints2/dict_0006_0180.uasset" 7433
"../../../Engine/Content/EngineMaterials/Substrate/Glints2/dict_0006_0177.uasset" 7434
"../../../Engine/Content/EngineMaterials/Substrate/Glints2/dict_0006_0176.uasset" 7435
"../../../Engine/Content/EngineMaterials/Substrate/Glints2/dict_0006_0175.uasset" 7436
"../../../Engine/Content/EngineMaterials/Substrate/Glints2/dict_0006_0174.uasset" 7437
"../../../Engine/Content/EngineMaterials/Substrate/Glints2/dict_0006_0173.uasset" 7438
"../../../Engine/Content/EngineMaterials/Substrate/Glints2/dict_0006_0172.uasset" 7439
"../../../Engine/Content/EngineMaterials/Substrate/Glints2/dict_0006_0169.uasset" 7440
"../../../Engine/Content/EngineMaterials/Substrate/Glints2/dict_0006_0168.uasset" 7441
"../../../Engine/Content/EngineMaterials/Substrate/Glints2/dict_0006_0171.uasset" 7442
"../../../Engine/Content/EngineMaterials/Substrate/Glints2/dict_0006_0170.uasset" 7443
"../../../Engine/Content/EngineMaterials/Substrate/Glints2/dict_0006_0167.uasset" 7444
"../../../Engine/Content/EngineMaterials/Substrate/Glints2/dict_0006_0166.uasset" 7445
"../../../Engine/Content/EngineMaterials/Substrate/Glints2/dict_0006_0165.uasset" 7446
"../../../Engine/Content/EngineMaterials/Substrate/Glints2/dict_0006_0164.uasset" 7447
"../../../Engine/Content/EngineMaterials/Substrate/Glints2/dict_0006_0163.uasset" 7448
"../../../Engine/Content/EngineMaterials/Substrate/Glints2/dict_0006_0162.uasset" 7449
"../../../Engine/Content/EngineMaterials/Substrate/Glints2/dict_0006_0161.uasset" 7450
"../../../Engine/Content/EngineMaterials/Substrate/Glints2/dict_0006_0160.uasset" 7451
"../../../Engine/Content/EngineMaterials/Substrate/Glints2/dict_0006_0159.uasset" 7452
"../../../Engine/Content/EngineMaterials/Substrate/Glints2/dict_0006_0158.uasset" 7453
"../../../Engine/Content/EngineMaterials/Substrate/Glints2/dict_0006_0157.uasset" 7454
"/Engine/EngineMaterials/Substrate/Glints2/dict_0006_0166" 7455
"../../../Engine/Content/EngineMaterials/Substrate/Glints2/dict_0006_0156.uasset" 7456
"../../../Engine/Content/EngineMaterials/Substrate/Glints2/dict_0006_0155.uasset" 7457
"../../../Engine/Content/EngineMaterials/Substrate/Glints2/dict_0006_0154.uasset" 7458
"../../../Engine/Content/EngineMaterials/Substrate/Glints2/dict_0006_0153.uasset" 7459
"../../../Engine/Content/EngineMaterials/Substrate/Glints2/dict_0006_0152.uasset" 7460
"/Engine/EngineMaterials/Substrate/Glints2/dict_0006_0167" 7461
"/Engine/EngineMaterials/Substrate/Glints2/dict_0006_0168" 7462
"/Engine/EngineMaterials/Substrate/Glints2/dict_0006_0169" 7463
"/Engine/EngineMaterials/Substrate/Glints2/dict_0006_0170" 7464
"/Engine/EngineMaterials/Substrate/Glints2/dict_0006_0171" 7465
"/Engine/EngineMaterials/Substrate/Glints2/dict_0006_0172" 7466
"/Engine/EngineMaterials/Substrate/Glints2/dict_0006_0173" 7467
"/Engine/EngineMaterials/Substrate/Glints2/dict_0006_0174" 7468
"/Engine/EngineMaterials/Substrate/Glints2/dict_0006_0175" 7469
"/Engine/EngineMaterials/Substrate/Glints2/dict_0006_0176" 7470
"/Engine/EngineMaterials/Substrate/Glints2/dict_0006_0177" 7471
"/Engine/EngineMaterials/Substrate/Glints2/dict_0006_0178" 7472
"/Engine/EngineMaterials/Substrate/Glints2/dict_0006_0179" 7473
"/Engine/EngineMaterials/Substrate/Glints2/dict_0006_0180" 7474
"/Engine/EngineMaterials/Substrate/Glints2/dict_0006_0181" 7475
"/Engine/EngineMaterials/Substrate/Glints2/dict_0006_0182" 7476
"/Engine/EngineMaterials/Substrate/Glints2/dict_0006_0183" 7477
"../../../Engine/Content/EngineMaterials/Substrate/Glints2/dict_0006_0151.uasset" 7478
"../../../Engine/Content/EngineMaterials/Substrate/Glints2/dict_0006_0150.uasset" 7479
"/Engine/EngineMaterials/Substrate/Glints2/dict_0006_0162" 7480
"/Engine/EngineMaterials/Substrate/Glints2/dict_0006_0163" 7481
"/Engine/EngineMaterials/Substrate/Glints2/dict_0006_0164" 7482
"/Engine/EngineMaterials/Substrate/Glints2/dict_0006_0165" 7483
"/Engine/EngineMaterials/Substrate/Glints2/dict_0006_0152" 7484
"/Engine/EngineMaterials/Substrate/Glints2/dict_0006_0153" 7485
"/Engine/EngineMaterials/Substrate/Glints2/dict_0006_0154" 7486
"/Engine/EngineMaterials/Substrate/Glints2/dict_0006_0155" 7487
"/Engine/EngineMaterials/Substrate/Glints2/dict_0006_0156" 7488
"/Engine/EngineMaterials/Substrate/Glints2/dict_0006_0157" 7489
"/Engine/EngineMaterials/Substrate/Glints2/dict_0006_0158" 7490
"/Engine/EngineMaterials/Substrate/Glints2/dict_0006_0159" 7491
"/Engine/EngineMaterials/Substrate/Glints2/dict_0006_0160" 7492
"/Engine/EngineMaterials/Substrate/Glints2/dict_0006_0161" 7493
"../../../Engine/Content/EngineMaterials/Substrate/Glints2/dict_0006_0148.uasset" 7494
"../../../Engine/Content/EngineMaterials/Substrate/Glints2/dict_0006_0144.uasset" 7495
"../../../Engine/Content/EngineMaterials/Substrate/Glints2/dict_0006_0146.uasset" 7496
"../../../Engine/Content/EngineMaterials/Substrate/Glints2/dict_0006_0145.uasset" 7497
"../../../Engine/Content/EngineMaterials/Substrate/Glints2/dict_0006_0143.uasset" 7498
"../../../Engine/Content/EngineMaterials/Substrate/Glints2/dict_0006_0149.uasset" 7499
"../../../Engine/Content/EngineMaterials/Substrate/Glints2/dict_0006_0147.uasset" 7500
"../../../Engine/Content/EngineMaterials/Substrate/Glints2/dict_0006_0142.uasset" 7501
"../../../Engine/Content/EngineMaterials/Substrate/Glints2/dict_0006_0140.uasset" 7502
"../../../Engine/Content/EngineMaterials/Substrate/Glints2/dict_0006_0139.uasset" 7503
"../../../Engine/Content/EngineMaterials/Substrate/Glints2/dict_0006_0138.uasset" 7504
"../../../Engine/Content/EngineMaterials/Substrate/Glints2/dict_0006_0141.uasset" 7505
"../../../Engine/Content/EngineMaterials/Substrate/Glints2/dict_0006_0137.uasset" 7506
"../../../Engine/Content/EngineMaterials/Substrate/Glints2/dict_0006_0136.uasset" 7507
"../../../Engine/Content/EngineMaterials/Substrate/Glints2/dict_0006_0135.uasset" 7508
"../../../Engine/Content/EngineMaterials/Substrate/Glints2/dict_0006_0134.uasset" 7509
"/Engine/EngineMaterials/Substrate/Glints2/dict_0006_0135" 7510
"../../../Engine/Content/EngineMaterials/Substrate/Glints2/dict_0006_0133.uasset" 7511
"../../../Engine/Content/EngineMaterials/Substrate/Glints2/dict_0006_0132.uasset" 7512
"../../../Engine/Content/EngineMaterials/Substrate/Glints2/dict_0006_0131.uasset" 7513
"../../../Engine/Content/EngineMaterials/Substrate/Glints2/dict_0006_0130.uasset" 7514
"../../../Engine/Content/EngineMaterials/Substrate/Glints2/dict_0006_0129.uasset" 7515
"../../../Engine/Content/EngineMaterials/Substrate/Glints2/dict_0006_0128.uasset" 7516
"../../../Engine/Content/EngineMaterials/Substrate/Glints2/dict_0006_0127.uasset" 7517
"../../../Engine/Content/EngineMaterials/Substrate/Glints2/dict_0006_0126.uasset" 7518
"../../../Engine/Content/EngineMaterials/Substrate/Glints2/dict_0006_0125.uasset" 7519
"../../../Engine/Content/EngineMaterials/Substrate/Glints2/dict_0006_0123.uasset" 7520
"../../../Engine/Content/EngineMaterials/Substrate/Glints2/dict_0006_0122.uasset" 7521
"/Engine/EngineMaterials/Substrate/Glints2/dict_0006_0136" 7522
"../../../Engine/Content/EngineMaterials/Substrate/Glints2/dict_0006_0121.uasset" 7523
"../../../Engine/Content/EngineMaterials/Substrate/Glints2/dict_0006_0124.uasset" 7524
"../../../Engine/Content/EngineMaterials/Substrate/Glints2/dict_0006_0120.uasset" 7525
"/Engine/EngineMaterials/Substrate/Glints2/dict_0006_0137" 7526
"/Engine/EngineMaterials/Substrate/Glints2/dict_0006_0138" 7527
"/Engine/EngineMaterials/Substrate/Glints2/dict_0006_0139" 7528
"/Engine/EngineMaterials/Substrate/Glints2/dict_0006_0140" 7529
"/Engine/EngineMaterials/Substrate/Glints2/dict_0006_0141" 7530
"/Engine/EngineMaterials/Substrate/Glints2/dict_0006_0142" 7531
"/Engine/EngineMaterials/Substrate/Glints2/dict_0006_0143" 7532
"/Engine/EngineMaterials/Substrate/Glints2/dict_0006_0144" 7533
"/Engine/EngineMaterials/Substrate/Glints2/dict_0006_0145" 7534
"/Engine/EngineMaterials/Substrate/Glints2/dict_0006_0146" 7535
"/Engine/EngineMaterials/Substrate/Glints2/dict_0006_0147" 7536
"/Engine/EngineMaterials/Substrate/Glints2/dict_0006_0148" 7537
"/Engine/EngineMaterials/Substrate/Glints2/dict_0006_0149" 7538
"/Engine/EngineMaterials/Substrate/Glints2/dict_0006_0150" 7539
"/Engine/EngineMaterials/Substrate/Glints2/dict_0006_0151" 7540
"/Engine/EngineMaterials/Substrate/Glints2/dict_0006_0120" 7541
"../../../Engine/Content/EngineMaterials/Substrate/Glints2/dict_0006_0118.uasset" 7542
"../../../Engine/Content/EngineMaterials/Substrate/Glints2/dict_0006_0119.uasset" 7543
"/Engine/EngineMaterials/Substrate/Glints2/dict_0006_0121" 7544
"/Engine/EngineMaterials/Substrate/Glints2/dict_0006_0122" 7545
"/Engine/EngineMaterials/Substrate/Glints2/dict_0006_0123" 7546
"/Engine/EngineMaterials/Substrate/Glints2/dict_0006_0134" 7547
"/Engine/EngineMaterials/Substrate/Glints2/dict_0006_0124" 7548
"/Engine/EngineMaterials/Substrate/Glints2/dict_0006_0125" 7549
"/Engine/EngineMaterials/Substrate/Glints2/dict_0006_0126" 7550
"/Engine/EngineMaterials/Substrate/Glints2/dict_0006_0127" 7551
"/Engine/EngineMaterials/Substrate/Glints2/dict_0006_0128" 7552
"/Engine/EngineMaterials/Substrate/Glints2/dict_0006_0129" 7553
"/Engine/EngineMaterials/Substrate/Glints2/dict_0006_0130" 7554
"/Engine/EngineMaterials/Substrate/Glints2/dict_0006_0131" 7555
"/Engine/EngineMaterials/Substrate/Glints2/dict_0006_0132" 7556
"/Engine/EngineMaterials/Substrate/Glints2/dict_0006_0133" 7557
"../../../Engine/Content/EngineMaterials/Substrate/Glints2/dict_0006_0111.uasset" 7558
"../../../Engine/Content/EngineMaterials/Substrate/Glints2/dict_0006_0109.uasset" 7559
"../../../Engine/Content/EngineMaterials/Substrate/Glints2/dict_0006_0116.uasset" 7560
"../../../Engine/Content/EngineMaterials/Substrate/Glints2/dict_0006_0117.uasset" 7561
"../../../Engine/Content/EngineMaterials/Substrate/Glints2/dict_0006_0115.uasset" 7562
"../../../Engine/Content/EngineMaterials/Substrate/Glints2/dict_0006_0114.uasset" 7563
"../../../Engine/Content/EngineMaterials/Substrate/Glints2/dict_0006_0112.uasset" 7564
"../../../Engine/Content/EngineMaterials/Substrate/Glints2/dict_0006_0108.uasset" 7565
"../../../Engine/Content/EngineMaterials/Substrate/Glints2/dict_0006_0110.uasset" 7566
"../../../Engine/Content/EngineMaterials/Substrate/Glints2/dict_0006_0113.uasset" 7567
"../../../Engine/Content/EngineMaterials/Substrate/Glints2/dict_0006_0107.uasset" 7568
"../../../Engine/Content/EngineMaterials/Substrate/Glints2/dict_0006_0106.uasset" 7569
"../../../Engine/Content/EngineMaterials/Substrate/Glints2/dict_0006_0104.uasset" 7570
"../../../Engine/Content/EngineMaterials/Substrate/Glints2/dict_0006_0105.uasset" 7571
"../../../Engine/Content/EngineMaterials/Substrate/Glints2/dict_0006_0103.uasset" 7572
"../../../Engine/Content/EngineMaterials/Substrate/Glints2/dict_0006_0102.uasset" 7573
"/Engine/EngineMaterials/Substrate/Glints2/dict_0006_0107" 7574
"../../../Engine/Content/EngineMaterials/Substrate/Glints2/dict_0006_0101.uasset" 7575
"../../../Engine/Content/EngineMaterials/Substrate/Glints2/dict_0006_0100.uasset" 7576
"../../../Engine/Content/EngineMaterials/Substrate/Glints2/dict_0006_0099.uasset" 7577
"../../../Engine/Content/EngineMaterials/Substrate/Glints2/dict_0006_0098.uasset" 7578
"../../../Engine/Content/EngineMaterials/Substrate/Glints2/dict_0006_0097.uasset" 7579
"../../../Engine/Content/EngineMaterials/Substrate/Glints2/dict_0006_0096.uasset" 7580
"../../../Engine/Content/EngineMaterials/Substrate/Glints2/dict_0006_0095.uasset" 7581
"../../../Engine/Content/EngineMaterials/Substrate/Glints2/dict_0006_0093.uasset" 7582
"../../../Engine/Content/EngineMaterials/Substrate/Glints2/dict_0006_0094.uasset" 7583
"../../../Engine/Content/EngineMaterials/Substrate/Glints2/dict_0006_0092.uasset" 7584
"../../../Engine/Content/EngineMaterials/Substrate/Glints2/dict_0006_0091.uasset" 7585
"../../../Engine/Content/EngineMaterials/Substrate/Glints2/dict_0006_0090.uasset" 7586
"../../../Engine/Content/EngineMaterials/Substrate/Glints2/dict_0006_0089.uasset" 7587
"../../../Engine/Content/EngineMaterials/Substrate/Glints2/dict_0006_0088.uasset" 7588
"/Engine/EngineMaterials/Substrate/Glints2/dict_0006_0108" 7589
"/Engine/EngineMaterials/Substrate/Glints2/dict_0006_0109" 7590
"/Engine/EngineMaterials/Substrate/Glints2/dict_0006_0110" 7591
"/Engine/EngineMaterials/Substrate/Glints2/dict_0006_0111" 7592
"/Engine/EngineMaterials/Substrate/Glints2/dict_0006_0112" 7593
"/Engine/EngineMaterials/Substrate/Glints2/dict_0006_0113" 7594
"/Engine/EngineMaterials/Substrate/Glints2/dict_0006_0114" 7595
"/Engine/EngineMaterials/Substrate/Glints2/dict_0006_0115" 7596
"/Engine/EngineMaterials/Substrate/Glints2/dict_0006_0116" 7597
"/Engine/EngineMaterials/Substrate/Glints2/dict_0006_0117" 7598
"/Engine/EngineMaterials/Substrate/Glints2/dict_0006_0118" 7599
"/Engine/EngineMaterials/Substrate/Glints2/dict_0006_0119" 7600
"../../../Engine/Content/EngineMaterials/Substrate/Glints2/dict_0006_0087.uasset" 7601
"../../../Engine/Content/EngineMaterials/Substrate/Glints2/dict_0006_0086.uasset" 7602
"/Engine/EngineMaterials/Substrate/Glints2/dict_0006_0088" 7603
"/Engine/EngineMaterials/Substrate/Glints2/dict_0006_0089" 7604
"/Engine/EngineMaterials/Substrate/Glints2/dict_0006_0090" 7605
"/Engine/EngineMaterials/Substrate/Glints2/dict_0006_0091" 7606
"/Engine/EngineMaterials/Substrate/Glints2/dict_0006_0092" 7607
"/Engine/EngineMaterials/Substrate/Glints2/dict_0006_0103" 7608
"/Engine/EngineMaterials/Substrate/Glints2/dict_0006_0104" 7609
"/Engine/EngineMaterials/Substrate/Glints2/dict_0006_0105" 7610
"/Engine/EngineMaterials/Substrate/Glints2/dict_0006_0093" 7611
"/Engine/EngineMaterials/Substrate/Glints2/dict_0006_0094" 7612
"/Engine/EngineMaterials/Substrate/Glints2/dict_0006_0106" 7613
"/Engine/EngineMaterials/Substrate/Glints2/dict_0006_0095" 7614
"/Engine/EngineMaterials/Substrate/Glints2/dict_0006_0096" 7615
"/Engine/EngineMaterials/Substrate/Glints2/dict_0006_0097" 7616
"/Engine/EngineMaterials/Substrate/Glints2/dict_0006_0098" 7617
"/Engine/EngineMaterials/Substrate/Glints2/dict_0006_0099" 7618
"/Engine/EngineMaterials/Substrate/Glints2/dict_0006_0100" 7619
"/Engine/EngineMaterials/Substrate/Glints2/dict_0006_0101" 7620
"/Engine/EngineMaterials/Substrate/Glints2/dict_0006_0102" 7621
"../../../Engine/Content/EngineMaterials/Substrate/Glints2/dict_0006_0083.uasset" 7622
"../../../Engine/Content/EngineMaterials/Substrate/Glints2/dict_0006_0081.uasset" 7623
"../../../Engine/Content/EngineMaterials/Substrate/Glints2/dict_0006_0085.uasset" 7624
"../../../Engine/Content/EngineMaterials/Substrate/Glints2/dict_0006_0079.uasset" 7625
"../../../Engine/Content/EngineMaterials/Substrate/Glints2/dict_0006_0077.uasset" 7626
"../../../Engine/Content/EngineMaterials/Substrate/Glints2/dict_0006_0080.uasset" 7627
"../../../Engine/Content/EngineMaterials/Substrate/Glints2/dict_0006_0076.uasset" 7628
"../../../Engine/Content/EngineMaterials/Substrate/Glints2/dict_0006_0078.uasset" 7629
"../../../Engine/Content/EngineMaterials/Substrate/Glints2/dict_0006_0082.uasset" 7630
"../../../Engine/Content/EngineMaterials/Substrate/Glints2/dict_0006_0084.uasset" 7631
"../../../Engine/Content/EngineMaterials/Substrate/Glints2/dict_0006_0075.uasset" 7632
"../../../Engine/Content/EngineMaterials/Substrate/Glints2/dict_0006_0073.uasset" 7633
"../../../Engine/Content/EngineMaterials/Substrate/Glints2/dict_0006_0072.uasset" 7634
"../../../Engine/Content/EngineMaterials/Substrate/Glints2/dict_0006_0074.uasset" 7635
"../../../Engine/Content/EngineMaterials/Substrate/Glints2/dict_0006_0071.uasset" 7636
"../../../Engine/Content/EngineMaterials/Substrate/Glints2/dict_0006_0070.uasset" 7637
"../../../Engine/Content/EngineMaterials/Substrate/Glints2/dict_0006_0069.uasset" 7638
"../../../Engine/Content/EngineMaterials/Substrate/Glints2/dict_0006_0056.uasset" 7639
"../../../Engine/Content/EngineMaterials/Substrate/Glints2/dict_0006_0068.uasset" 7640
"../../../Engine/Content/EngineMaterials/Substrate/Glints2/dict_0006_0067.uasset" 7641
"../../../Engine/Content/EngineMaterials/Substrate/Glints2/dict_0006_0066.uasset" 7642
"../../../Engine/Content/EngineMaterials/Substrate/Glints2/dict_0006_0065.uasset" 7643
"../../../Engine/Content/EngineMaterials/Substrate/Glints2/dict_0006_0064.uasset" 7644
"../../../Engine/Content/EngineMaterials/Substrate/Glints2/dict_0006_0063.uasset" 7645
"../../../Engine/Content/EngineMaterials/Substrate/Glints2/dict_0006_0062.uasset" 7646
"../../../Engine/Content/EngineMaterials/Substrate/Glints2/dict_0006_0061.uasset" 7647
"/Engine/EngineMaterials/Substrate/Glints2/dict_0006_0075" 7648
"../../../Engine/Content/EngineMaterials/Substrate/Glints2/dict_0006_0059.uasset" 7649
"../../../Engine/Content/EngineMaterials/Substrate/Glints2/dict_0006_0060.uasset" 7650
"../../../Engine/Content/EngineMaterials/Substrate/Glints2/dict_0006_0058.uasset" 7651
"../../../Engine/Content/EngineMaterials/Substrate/Glints2/dict_0006_0057.uasset" 7652
"/Engine/EngineMaterials/Substrate/Glints2/dict_0006_0076" 7653
"/Engine/EngineMaterials/Substrate/Glints2/dict_0006_0077" 7654
"/Engine/EngineMaterials/Substrate/Glints2/dict_0006_0078" 7655
"/Engine/EngineMaterials/Substrate/Glints2/dict_0006_0079" 7656
"/Engine/EngineMaterials/Substrate/Glints2/dict_0006_0080" 7657
"/Engine/EngineMaterials/Substrate/Glints2/dict_0006_0081" 7658
"/Engine/EngineMaterials/Substrate/Glints2/dict_0006_0082" 7659
"/Engine/EngineMaterials/Substrate/Glints2/dict_0006_0083" 7660
"/Engine/EngineMaterials/Substrate/Glints2/dict_0006_0084" 7661
"/Engine/EngineMaterials/Substrate/Glints2/dict_0006_0070" 7662
"/Engine/EngineMaterials/Substrate/Glints2/dict_0006_0071" 7663
"/Engine/EngineMaterials/Substrate/Glints2/dict_0006_0085" 7664
"/Engine/EngineMaterials/Substrate/Glints2/dict_0006_0072" 7665
"/Engine/EngineMaterials/Substrate/Glints2/dict_0006_0086" 7666
"/Engine/EngineMaterials/Substrate/Glints2/dict_0006_0087" 7667
"/Engine/EngineMaterials/Substrate/Glints2/dict_0006_0073" 7668
"/Engine/EngineMaterials/Substrate/Glints2/dict_0006_0074" 7669
"/Engine/EngineMaterials/Substrate/Glints2/dict_0006_0056" 7670
"../../../Engine/Content/EngineMaterials/Substrate/Glints2/dict_0006_0055.uasset" 7671
"../../../Engine/Content/EngineMaterials/Substrate/Glints2/dict_0006_0054.uasset" 7672
"/Engine/EngineMaterials/Substrate/Glints2/dict_0006_0057" 7673
"/Engine/EngineMaterials/Substrate/Glints2/dict_0006_0058" 7674
"/Engine/EngineMaterials/Substrate/Glints2/dict_0006_0059" 7675
"/Engine/EngineMaterials/Substrate/Glints2/dict_0006_0060" 7676
"/Engine/EngineMaterials/Substrate/Glints2/dict_0006_0061" 7677
"/Engine/EngineMaterials/Substrate/Glints2/dict_0006_0062" 7678
"/Engine/EngineMaterials/Substrate/Glints2/dict_0006_0063" 7679
"/Engine/EngineMaterials/Substrate/Glints2/dict_0006_0064" 7680
"/Engine/EngineMaterials/Substrate/Glints2/dict_0006_0065" 7681
"/Engine/EngineMaterials/Substrate/Glints2/dict_0006_0066" 7682
"/Engine/EngineMaterials/Substrate/Glints2/dict_0006_0067" 7683
"/Engine/EngineMaterials/Substrate/Glints2/dict_0006_0068" 7684
"/Engine/EngineMaterials/Substrate/Glints2/dict_0006_0069" 7685
"../../../Engine/Content/EngineMaterials/Substrate/Glints2/dict_0006_0049.uasset" 7686
"../../../Engine/Content/EngineMaterials/Substrate/Glints2/dict_0006_0052.uasset" 7687
"../../../Engine/Content/EngineMaterials/Substrate/Glints2/dict_0006_0050.uasset" 7688
"../../../Engine/Content/EngineMaterials/Substrate/Glints2/dict_0006_0048.uasset" 7689
"../../../Engine/Content/EngineMaterials/Substrate/Glints2/dict_0006_0051.uasset" 7690
"../../../Engine/Content/EngineMaterials/Substrate/Glints2/dict_0006_0046.uasset" 7691
"../../../Engine/Content/EngineMaterials/Substrate/Glints2/dict_0006_0047.uasset" 7692
"../../../Engine/Content/EngineMaterials/Substrate/Glints2/dict_0006_0053.uasset" 7693
"../../../Engine/Content/EngineMaterials/Substrate/Glints2/dict_0006_0045.uasset" 7694
"../../../Engine/Content/EngineMaterials/Substrate/Glints2/dict_0006_0041.uasset" 7695
"../../../Engine/Content/EngineMaterials/Substrate/Glints2/dict_0006_0040.uasset" 7696
"../../../Engine/Content/EngineMaterials/Substrate/Glints2/dict_0006_0044.uasset" 7697
"../../../Engine/Content/EngineMaterials/Substrate/Glints2/dict_0006_0043.uasset" 7698
"../../../Engine/Content/EngineMaterials/Substrate/Glints2/dict_0006_0039.uasset" 7699
"../../../Engine/Content/EngineMaterials/Substrate/Glints2/dict_0006_0038.uasset" 7700
"../../../Engine/Content/EngineMaterials/Substrate/Glints2/dict_0006_0042.uasset" 7701
"../../../Engine/Content/EngineMaterials/Substrate/Glints2/dict_0006_0037.uasset" 7702
"../../../Engine/Content/EngineMaterials/Substrate/Glints2/dict_0006_0026.uasset" 7703
"../../../Engine/Content/EngineMaterials/Substrate/Glints2/dict_0006_0025.uasset" 7704
"../../../Engine/Content/EngineMaterials/Substrate/Glints2/dict_0006_0036.uasset" 7705
"/Engine/EngineMaterials/Substrate/Glints2/dict_0006_0038" 7706
"../../../Engine/Content/EngineMaterials/Substrate/Glints2/dict_0006_0024.uasset" 7707
"../../../Engine/Content/EngineMaterials/Substrate/Glints2/dict_0006_0035.uasset" 7708
"../../../Engine/Content/EngineMaterials/Substrate/Glints2/dict_0006_0034.uasset" 7709
"../../../Engine/Content/EngineMaterials/Substrate/Glints2/dict_0006_0033.uasset" 7710
"../../../Engine/Content/EngineMaterials/Substrate/Glints2/dict_0006_0032.uasset" 7711
"../../../Engine/Content/EngineMaterials/Substrate/Glints2/dict_0006_0031.uasset" 7712
"../../../Engine/Content/EngineMaterials/Substrate/Glints2/dict_0006_0030.uasset" 7713
"../../../Engine/Content/EngineMaterials/Substrate/Glints2/dict_0006_0029.uasset" 7714
"../../../Engine/Content/EngineMaterials/Substrate/Glints2/dict_0006_0028.uasset" 7715
"../../../Engine/Content/EngineMaterials/Substrate/Glints2/dict_0006_0027.uasset" 7716
"/Engine/EngineMaterials/Substrate/Glints2/dict_0006_0039" 7717
"/Engine/EngineMaterials/Substrate/Glints2/dict_0006_0040" 7718
"/Engine/EngineMaterials/Substrate/Glints2/dict_0006_0041" 7719
"/Engine/EngineMaterials/Substrate/Glints2/dict_0006_0043" 7720
"/Engine/EngineMaterials/Substrate/Glints2/dict_0006_0044" 7721
"/Engine/EngineMaterials/Substrate/Glints2/dict_0006_0045" 7722
"/Engine/EngineMaterials/Substrate/Glints2/dict_0006_0046" 7723
"/Engine/EngineMaterials/Substrate/Glints2/dict_0006_0047" 7724
"/Engine/EngineMaterials/Substrate/Glints2/dict_0006_0048" 7725
"/Engine/EngineMaterials/Substrate/Glints2/dict_0006_0049" 7726
"/Engine/EngineMaterials/Substrate/Glints2/dict_0006_0050" 7727
"/Engine/EngineMaterials/Substrate/Glints2/dict_0006_0051" 7728
"/Engine/EngineMaterials/Substrate/Glints2/dict_0006_0052" 7729
"/Engine/EngineMaterials/Substrate/Glints2/dict_0006_0053" 7730
"/Engine/EngineMaterials/Substrate/Glints2/dict_0006_0054" 7731
"/Engine/EngineMaterials/Substrate/Glints2/dict_0006_0055" 7732
"../../../Engine/Content/EngineMaterials/Substrate/Glints2/dict_0006_0023.uasset" 7733
"../../../Engine/Content/EngineMaterials/Substrate/Glints2/dict_0006_0022.uasset" 7734
"/Engine/EngineMaterials/Substrate/Glints2/dict_0006_0024" 7735
"/Engine/EngineMaterials/Substrate/Glints2/dict_0006_0025" 7736
"/Engine/EngineMaterials/Substrate/Glints2/dict_0006_0026" 7737
"/Engine/EngineMaterials/Substrate/Glints2/dict_0006_0027" 7738
"/Engine/EngineMaterials/Substrate/Glints2/dict_0006_0028" 7739
"/Engine/EngineMaterials/Substrate/Glints2/dict_0006_0029" 7740
"/Engine/EngineMaterials/Substrate/Glints2/dict_0006_0030" 7741
"/Engine/EngineMaterials/Substrate/Glints2/dict_0006_0031" 7742
"/Engine/EngineMaterials/Substrate/Glints2/dict_0006_0032" 7743
"/Engine/EngineMaterials/Substrate/Glints2/dict_0006_0033" 7744
"/Engine/EngineMaterials/Substrate/Glints2/dict_0006_0034" 7745
"/Engine/EngineMaterials/Substrate/Glints2/dict_0006_0042" 7746
"/Engine/EngineMaterials/Substrate/Glints2/dict_0006_0035" 7747
"/Engine/EngineMaterials/Substrate/Glints2/dict_0006_0036" 7748
"/Engine/EngineMaterials/Substrate/Glints2/dict_0006_0037" 7749
"../../../Engine/Content/EngineMaterials/Substrate/Glints2/dict_0006_0021.uasset" 7750
"../../../Engine/Content/EngineMaterials/Substrate/Glints2/dict_0006_0019.uasset" 7751
"../../../Engine/Content/EngineMaterials/Substrate/Glints2/dict_0006_0015.uasset" 7752
"../../../Engine/Content/EngineMaterials/Substrate/Glints2/dict_0006_0020.uasset" 7753
"../../../Engine/Content/EngineMaterials/Substrate/Glints2/dict_0006_0018.uasset" 7754
"../../../Engine/Content/EngineMaterials/Substrate/Glints2/dict_0006_0017.uasset" 7755
"../../../Engine/Content/EngineMaterials/Substrate/Glints2/dict_0006_0014.uasset" 7756
"../../../Engine/Content/EngineMaterials/Substrate/Glints2/dict_0006_0016.uasset" 7757
"../../../Engine/Content/EngineMaterials/Substrate/Glints2/dict_0006_0013.uasset" 7758
"../../../Engine/Content/EngineMaterials/Substrate/Glints2/dict_0006_0012.uasset" 7759
"../../../Engine/Content/EngineMaterials/Substrate/Glints2/dict_0006_0011.uasset" 7760
"../../../Engine/Content/EngineMaterials/Substrate/Glints2/dict_0006_0010.uasset" 7761
"../../../Engine/Content/EngineMaterials/Substrate/Glints2/dict_0006_0009.uasset" 7762
"../../../Engine/Content/EngineMaterials/Substrate/Glints2/dict_0006_0008.uasset" 7763
"../../../Engine/Content/EngineMaterials/Substrate/Glints2/dict_0006_0007.uasset" 7764
"../../../Engine/Content/EngineMaterials/Substrate/Glints2/dict_0006_0006.uasset" 7765
"/Engine/EngineMaterials/Substrate/Glints2/dict_0006_0007" 7766
"../../../Engine/Content/EngineMaterials/Substrate/Glints2/dict_0006_0002.uasset" 7767
"../../../Engine/Content/EngineMaterials/Substrate/Glints2/dict_0006_0005.uasset" 7768
"../../../Engine/Content/EngineMaterials/Substrate/Glints2/dict_0006_0001.uasset" 7769
"../../../Engine/Content/EngineMaterials/Substrate/Glints2/dict_0006_0004.uasset" 7770
"../../../Engine/Content/EngineMaterials/Substrate/Glints2/dict_0005_0252.uasset" 7771
"../../../Engine/Content/EngineMaterials/Substrate/Glints2/dict_0005_0254.uasset" 7772
"../../../Engine/Content/EngineMaterials/Substrate/Glints2/dict_0005_0251.uasset" 7773
"../../../Engine/Content/EngineMaterials/Substrate/Glints2/dict_0005_0255.uasset" 7774
"../../../Engine/Content/EngineMaterials/Substrate/Glints2/dict_0006_0000.uasset" 7775
"../../../Engine/Content/EngineMaterials/Substrate/Glints2/dict_0005_0249.uasset" 7776
"../../../Engine/Content/EngineMaterials/Substrate/Glints2/dict_0005_0253.uasset" 7777
"../../../Engine/Content/EngineMaterials/Substrate/Glints2/dict_0006_0003.uasset" 7778
"../../../Engine/Content/EngineMaterials/Substrate/Glints2/dict_0005_0248.uasset" 7779
"../../../Engine/Content/EngineMaterials/Substrate/Glints2/dict_0005_0250.uasset" 7780
"/Engine/EngineMaterials/Substrate/Glints2/dict_0006_0008" 7781
"/Engine/EngineMaterials/Substrate/Glints2/dict_0006_0009" 7782
"/Engine/EngineMaterials/Substrate/Glints2/dict_0006_0010" 7783
"/Engine/EngineMaterials/Substrate/Glints2/dict_0006_0011" 7784
"/Engine/EngineMaterials/Substrate/Glints2/dict_0006_0012" 7785
"/Engine/EngineMaterials/Substrate/Glints2/dict_0006_0013" 7786
"/Engine/EngineMaterials/Substrate/Glints2/dict_0006_0014" 7787
"/Engine/EngineMaterials/Substrate/Glints2/dict_0006_0015" 7788
"/Engine/EngineMaterials/Substrate/Glints2/dict_0006_0006" 7789
"/Engine/EngineMaterials/Substrate/Glints2/dict_0006_0016" 7790
"/Engine/EngineMaterials/Substrate/Glints2/dict_0006_0017" 7791
"/Engine/EngineMaterials/Substrate/Glints2/dict_0006_0018" 7792
"/Engine/EngineMaterials/Substrate/Glints2/dict_0006_0019" 7793
"/Engine/EngineMaterials/Substrate/Glints2/dict_0006_0020" 7794
"/Engine/EngineMaterials/Substrate/Glints2/dict_0006_0021" 7795
"/Engine/EngineMaterials/Substrate/Glints2/dict_0006_0022" 7796
"/Engine/EngineMaterials/Substrate/Glints2/dict_0006_0023" 7797
"../../../Engine/Content/EngineMaterials/Substrate/Glints2/dict_0005_0247.uasset" 7798
"/Engine/EngineMaterials/Substrate/Glints2/dict_0005_0248" 7799
"../../../Engine/Content/EngineMaterials/Substrate/Glints2/dict_0005_0246.uasset" 7800
"/Engine/EngineMaterials/Substrate/Glints2/dict_0005_0249" 7801
"/Engine/EngineMaterials/Substrate/Glints2/dict_0005_0250" 7802
"/Engine/EngineMaterials/Substrate/Glints2/dict_0005_0251" 7803
"/Engine/EngineMaterials/Substrate/Glints2/dict_0005_0252" 7804
"/Engine/EngineMaterials/Substrate/Glints2/dict_0005_0253" 7805
"/Engine/EngineMaterials/Substrate/Glints2/dict_0005_0254" 7806
"/Engine/EngineMaterials/Substrate/Glints2/dict_0005_0255" 7807
"/Engine/EngineMaterials/Substrate/Glints2/dict_0006_0000" 7808
"/Engine/EngineMaterials/Substrate/Glints2/dict_0006_0001" 7809
"/Engine/EngineMaterials/Substrate/Glints2/dict_0006_0002" 7810
"/Engine/EngineMaterials/Substrate/Glints2/dict_0006_0003" 7811
"/Engine/EngineMaterials/Substrate/Glints2/dict_0006_0004" 7812
"/Engine/EngineMaterials/Substrate/Glints2/dict_0006_0005" 7813
"../../../Engine/Content/EngineMaterials/Substrate/Glints2/dict_0005_0236.uasset" 7814
"../../../Engine/Content/EngineMaterials/Substrate/Glints2/dict_0005_0238.uasset" 7815
"../../../Engine/Content/EngineMaterials/Substrate/Glints2/dict_0005_0235.uasset" 7816
"../../../Engine/Content/EngineMaterials/Substrate/Glints2/dict_0005_0237.uasset" 7817
"../../../Engine/Content/EngineMaterials/Substrate/Glints2/dict_0005_0240.uasset" 7818
"../../../Engine/Content/EngineMaterials/Substrate/Glints2/dict_0005_0245.uasset" 7819
"../../../Engine/Content/EngineMaterials/Substrate/Glints2/dict_0005_0243.uasset" 7820
"../../../Engine/Content/EngineMaterials/Substrate/Glints2/dict_0005_0241.uasset" 7821
"../../../Engine/Content/EngineMaterials/Substrate/Glints2/dict_0005_0234.uasset" 7822
"../../../Engine/Content/EngineMaterials/Substrate/Glints2/dict_0005_0242.uasset" 7823
"../../../Engine/Content/EngineMaterials/Substrate/Glints2/dict_0005_0239.uasset" 7824
"../../../Engine/Content/EngineMaterials/Substrate/Glints2/dict_0005_0244.uasset" 7825
"../../../Engine/Content/EngineMaterials/Substrate/Glints2/dict_0005_0233.uasset" 7826
"../../../Engine/Content/EngineMaterials/Substrate/Glints2/dict_0005_0232.uasset" 7827
"../../../Engine/Content/EngineMaterials/Substrate/Glints2/dict_0005_0231.uasset" 7828
"../../../Engine/Content/EngineMaterials/Substrate/Glints2/dict_0005_0230.uasset" 7829
"../../../Engine/Content/EngineMaterials/Substrate/Glints2/dict_0005_0229.uasset" 7830
"../../../Engine/Content/EngineMaterials/Substrate/Glints2/dict_0005_0228.uasset" 7831
"../../../Engine/Content/EngineMaterials/Substrate/Glints2/dict_0005_0227.uasset" 7832
"../../../Engine/Content/EngineMaterials/Substrate/Glints2/dict_0005_0226.uasset" 7833
"../../../Engine/Content/EngineMaterials/Substrate/Glints2/dict_0005_0223.uasset" 7834
"../../../Engine/Content/EngineMaterials/Substrate/Glints2/dict_0005_0222.uasset" 7835
"../../../Engine/Content/EngineMaterials/Substrate/Glints2/dict_0005_0225.uasset" 7836
"../../../Engine/Content/EngineMaterials/Substrate/Glints2/dict_0005_0224.uasset" 7837
"/Engine/EngineMaterials/Substrate/Glints2/dict_0005_0230" 7838
"/Engine/EngineMaterials/Substrate/Glints2/dict_0005_0231" 7839
"../../../Engine/Content/EngineMaterials/Substrate/Glints2/dict_0005_0221.uasset" 7840
"/Engine/EngineMaterials/Substrate/Glints2/dict_0005_0232" 7841
"../../../Engine/Content/EngineMaterials/Substrate/Glints2/dict_0005_0220.uasset" 7842
"/Engine/EngineMaterials/Substrate/Glints2/dict_0005_0233" 7843
"../../../Engine/Content/EngineMaterials/Substrate/Glints2/dict_0005_0217.uasset" 7844
"../../../Engine/Content/EngineMaterials/Substrate/Glints2/dict_0005_0219.uasset" 7845
"../../../Engine/Content/EngineMaterials/Substrate/Glints2/dict_0005_0218.uasset" 7846
"../../../Engine/Content/EngineMaterials/Substrate/Glints2/dict_0005_0216.uasset" 7847
"/Engine/EngineMaterials/Substrate/Glints2/dict_0005_0234" 7848
"/Engine/EngineMaterials/Substrate/Glints2/dict_0005_0235" 7849
"/Engine/EngineMaterials/Substrate/Glints2/dict_0005_0236" 7850
"/Engine/EngineMaterials/Substrate/Glints2/dict_0005_0237" 7851
"/Engine/EngineMaterials/Substrate/Glints2/dict_0005_0238" 7852
"/Engine/EngineMaterials/Substrate/Glints2/dict_0005_0239" 7853
"/Engine/EngineMaterials/Substrate/Glints2/dict_0005_0240" 7854
"/Engine/EngineMaterials/Substrate/Glints2/dict_0005_0241" 7855
"/Engine/EngineMaterials/Substrate/Glints2/dict_0005_0242" 7856
"/Engine/EngineMaterials/Substrate/Glints2/dict_0005_0243" 7857
"/Engine/EngineMaterials/Substrate/Glints2/dict_0005_0244" 7858
"/Engine/EngineMaterials/Substrate/Glints2/dict_0005_0245" 7859
"/Engine/EngineMaterials/Substrate/Glints2/dict_0005_0246" 7860
"/Engine/EngineMaterials/Substrate/Glints2/dict_0005_0247" 7861
"../../../Engine/Content/EngineMaterials/Substrate/Glints2/dict_0005_0215.uasset" 7862
"../../../Engine/Content/EngineMaterials/Substrate/Glints2/dict_0005_0214.uasset" 7863
"/Engine/EngineMaterials/Substrate/Glints2/dict_0005_0216" 7864
"/Engine/EngineMaterials/Substrate/Glints2/dict_0005_0217" 7865
"/Engine/EngineMaterials/Substrate/Glints2/dict_0005_0218" 7866
"/Engine/EngineMaterials/Substrate/Glints2/dict_0005_0219" 7867
"/Engine/EngineMaterials/Substrate/Glints2/dict_0005_0220" 7868
"/Engine/EngineMaterials/Substrate/Glints2/dict_0005_0221" 7869
"/Engine/EngineMaterials/Substrate/Glints2/dict_0005_0222" 7870
"/Engine/EngineMaterials/Substrate/Glints2/dict_0005_0223" 7871
"/Engine/EngineMaterials/Substrate/Glints2/dict_0005_0224" 7872
"/Engine/EngineMaterials/Substrate/Glints2/dict_0005_0225" 7873
"/Engine/EngineMaterials/Substrate/Glints2/dict_0005_0226" 7874
"/Engine/EngineMaterials/Substrate/Glints2/dict_0005_0227" 7875
"/Engine/EngineMaterials/Substrate/Glints2/dict_0005_0228" 7876
"/Engine/EngineMaterials/Substrate/Glints2/dict_0005_0229" 7877
"/Engine/EngineMaterials/Substrate/Glints2/dict_0005_0214" 7878
"../../../Engine/Content/EngineMaterials/Substrate/Glints2/dict_0005_0201.uasset" 7879
"../../../Engine/Content/EngineMaterials/Substrate/Glints2/dict_0005_0205.uasset" 7880
"../../../Engine/Content/EngineMaterials/Substrate/Glints2/dict_0005_0208.uasset" 7881
"../../../Engine/Content/EngineMaterials/Substrate/Glints2/dict_0005_0210.uasset" 7882
"../../../Engine/Content/EngineMaterials/Substrate/Glints2/dict_0005_0204.uasset" 7883
"../../../Engine/Content/EngineMaterials/Substrate/Glints2/dict_0005_0203.uasset" 7884
"../../../Engine/Content/EngineMaterials/Substrate/Glints2/dict_0005_0211.uasset" 7885
"../../../Engine/Content/EngineMaterials/Substrate/Glints2/dict_0005_0209.uasset" 7886
"../../../Engine/Content/EngineMaterials/Substrate/Glints2/dict_0005_0200.uasset" 7887
"../../../Engine/Content/EngineMaterials/Substrate/Glints2/dict_0005_0212.uasset" 7888
"../../../Engine/Content/EngineMaterials/Substrate/Glints2/dict_0005_0207.uasset" 7889
"../../../Engine/Content/EngineMaterials/Substrate/Glints2/dict_0005_0206.uasset" 7890
"../../../Engine/Content/EngineMaterials/Substrate/Glints2/dict_0005_0202.uasset" 7891
"../../../Engine/Content/EngineMaterials/Substrate/Glints2/dict_0005_0213.uasset" 7892
"../../../Engine/Content/EngineMaterials/Substrate/Glints2/dict_0005_0199.uasset" 7893
"/Engine/EngineMaterials/Substrate/Glints2/dict_0005_0215" 7894
"/Engine/EngineMaterials/Substrate/Glints2/dict_0005_0200" 7895
"/Engine/EngineMaterials/Substrate/Glints2/dict_0005_0201" 7896
"/Engine/EngineMaterials/Substrate/Glints2/dict_0005_0203" 7897
"/Engine/EngineMaterials/Substrate/Glints2/dict_0005_0204" 7898
"/Engine/EngineMaterials/Substrate/Glints2/dict_0005_0205" 7899
"../../../Engine/Content/EngineMaterials/Substrate/Glints2/dict_0005_0198.uasset" 7900
"../../../Engine/Content/EngineMaterials/Substrate/Glints2/dict_0005_0197.uasset" 7901
"../../../Engine/Content/EngineMaterials/Substrate/Glints2/dict_0005_0196.uasset" 7902
"../../../Engine/Content/EngineMaterials/Substrate/Glints2/dict_0005_0195.uasset" 7903
"/Engine/EngineMaterials/Substrate/Glints2/dict_0005_0207" 7904
"/Engine/EngineMaterials/Substrate/Glints2/dict_0005_0208" 7905
"/Engine/EngineMaterials/Substrate/Glints2/dict_0005_0209" 7906
"../../../Engine/Content/EngineMaterials/Substrate/Glints2/dict_0005_0194.uasset" 7907
"/Engine/EngineMaterials/Substrate/Glints2/dict_0005_0210" 7908
"../../../Engine/Content/EngineMaterials/Substrate/Glints2/dict_0005_0192.uasset" 7909
"/Engine/EngineMaterials/Substrate/Glints2/dict_0005_0211" 7910
"../../../Engine/Content/EngineMaterials/Substrate/Glints2/dict_0005_0186.uasset" 7911
"../../../Engine/Content/EngineMaterials/Substrate/Glints2/dict_0005_0193.uasset" 7912
"../../../Engine/Content/EngineMaterials/Substrate/Glints2/dict_0005_0190.uasset" 7913
"../../../Engine/Content/EngineMaterials/Substrate/Glints2/dict_0005_0191.uasset" 7914
"../../../Engine/Content/EngineMaterials/Substrate/Glints2/dict_0005_0189.uasset" 7915
"../../../Engine/Content/EngineMaterials/Substrate/Glints2/dict_0005_0188.uasset" 7916
"../../../Engine/Content/EngineMaterials/Substrate/Glints2/dict_0005_0187.uasset" 7917
"../../../Engine/Content/EngineMaterials/Substrate/Glints2/dict_0005_0185.uasset" 7918
"/Engine/EngineMaterials/Substrate/Glints2/dict_0005_0212" 7919
"../../../Engine/Content/EngineMaterials/Substrate/Glints2/dict_0005_0184.uasset" 7920
"../../../Engine/Content/EngineMaterials/Substrate/Glints2/dict_0005_0183.uasset" 7921
"../../../Engine/Content/EngineMaterials/Substrate/Glints2/dict_0005_0182.uasset" 7922
"/Engine/EngineMaterials/Substrate/Glints2/dict_0005_0194" 7923
"/Engine/EngineMaterials/Substrate/Glints2/dict_0005_0198" 7924
"/Engine/EngineMaterials/Substrate/Glints2/dict_0005_0199" 7925
"/Engine/EngineMaterials/Substrate/Glints2/dict_0005_0195" 7926
"/Engine/EngineMaterials/Substrate/Glints2/dict_0005_0202" 7927
"../../../Engine/Content/EngineMaterials/Substrate/Glints2/dict_0005_0181.uasset" 7928
"../../../Engine/Content/EngineMaterials/Substrate/Glints2/dict_0005_0180.uasset" 7929
"../../../Engine/Content/EngineMaterials/Substrate/Glints2/dict_0005_0179.uasset" 7930
"/Engine/EngineMaterials/Substrate/Glints2/dict_0005_0196" 7931
"/Engine/EngineMaterials/Substrate/Glints2/dict_0005_0197" 7932
"/Engine/EngineMaterials/Substrate/Glints2/dict_0005_0206" 7933
"../../../Engine/Content/EngineMaterials/Substrate/Glints2/dict_0005_0178.uasset" 7934
"../../../Engine/Content/EngineMaterials/Substrate/Glints2/dict_0005_0174.uasset" 7935
"/Engine/EngineMaterials/Substrate/Glints2/dict_0005_0213" 7936
"../../../Engine/Content/EngineMaterials/Substrate/Glints2/dict_0005_0173.uasset" 7937
"../../../Engine/Content/EngineMaterials/Substrate/Glints2/dict_0005_0177.uasset" 7938
"../../../Engine/Content/EngineMaterials/Substrate/Glints2/dict_0005_0172.uasset" 7939
"../../../Engine/Content/EngineMaterials/Substrate/Glints2/dict_0005_0176.uasset" 7940
"../../../Engine/Content/EngineMaterials/Substrate/Glints2/dict_0005_0171.uasset" 7941
"../../../Engine/Content/EngineMaterials/Substrate/Glints2/dict_0005_0175.uasset" 7942
"/Engine/EngineMaterials/Substrate/Glints2/dict_0005_0184" 7943
"/Engine/EngineMaterials/Substrate/Glints2/dict_0005_0185" 7944
"/Engine/EngineMaterials/Substrate/Glints2/dict_0005_0186" 7945
"../../../Engine/Content/EngineMaterials/Substrate/Glints2/dict_0005_0168.uasset" 7946
"../../../Engine/Content/EngineMaterials/Substrate/Glints2/dict_0005_0167.uasset" 7947
"../../../Engine/Content/EngineMaterials/Substrate/Glints2/dict_0005_0166.uasset" 7948
"../../../Engine/Content/EngineMaterials/Substrate/Glints2/dict_0005_0170.uasset" 7949
"/Engine/EngineMaterials/Substrate/Glints2/dict_0005_0187" 7950
"../../../Engine/Content/EngineMaterials/Substrate/Glints2/dict_0005_0169.uasset" 7951
"../../../Engine/Content/EngineMaterials/Substrate/Glints2/dict_0005_0165.uasset" 7952
"../../../Engine/Content/EngineMaterials/Substrate/Glints2/dict_0005_0162.uasset" 7953
"../../../Engine/Content/EngineMaterials/Substrate/Glints2/dict_0005_0164.uasset" 7954
"../../../Engine/Content/EngineMaterials/Substrate/Glints2/dict_0005_0163.uasset" 7955
"/Engine/EngineMaterials/Substrate/Glints2/dict_0005_0188" 7956
"/Engine/EngineMaterials/Substrate/Glints2/dict_0005_0189" 7957
"/Engine/EngineMaterials/Substrate/Glints2/dict_0005_0190" 7958
"/Engine/EngineMaterials/Substrate/Glints2/dict_0005_0191" 7959
"/Engine/EngineMaterials/Substrate/Glints2/dict_0005_0192" 7960
"/Engine/EngineMaterials/Substrate/Glints2/dict_0005_0193" 7961
"/Engine/EngineMaterials/Substrate/Glints2/dict_0005_0174" 7962
"/Engine/EngineMaterials/Substrate/Glints2/dict_0005_0178" 7963
"/Engine/EngineMaterials/Substrate/Glints2/dict_0005_0179" 7964
"/Engine/EngineMaterials/Substrate/Glints2/dict_0005_0180" 7965
"/Engine/EngineMaterials/Substrate/Glints2/dict_0005_0181" 7966
"/Engine/EngineMaterials/Substrate/Glints2/dict_0005_0182" 7967
"/Engine/EngineMaterials/Substrate/Glints2/dict_0005_0183" 7968
"/Engine/EngineMaterials/Substrate/Glints2/dict_0005_0162" 7969
"../../../Engine/Content/EngineMaterials/Substrate/Glints2/dict_0005_0159.uasset" 7970
"../../../Engine/Content/EngineMaterials/Substrate/Glints2/dict_0005_0160.uasset" 7971
"../../../Engine/Content/EngineMaterials/Substrate/Glints2/dict_0005_0161.uasset" 7972
"/Engine/EngineMaterials/Substrate/Glints2/dict_0005_0163" 7973
"/Engine/EngineMaterials/Substrate/Glints2/dict_0005_0164" 7974
"/Engine/EngineMaterials/Substrate/Glints2/dict_0005_0171" 7975
"/Engine/EngineMaterials/Substrate/Glints2/dict_0005_0172" 7976
"/Engine/EngineMaterials/Substrate/Glints2/dict_0005_0165" 7977
"/Engine/EngineMaterials/Substrate/Glints2/dict_0005_0166" 7978
"/Engine/EngineMaterials/Substrate/Glints2/dict_0005_0173" 7979
"/Engine/EngineMaterials/Substrate/Glints2/dict_0005_0167" 7980
"/Engine/EngineMaterials/Substrate/Glints2/dict_0005_0175" 7981
"/Engine/EngineMaterials/Substrate/Glints2/dict_0005_0168" 7982
"/Engine/EngineMaterials/Substrate/Glints2/dict_0005_0169" 7983
"/Engine/EngineMaterials/Substrate/Glints2/dict_0005_0176" 7984
"/Engine/EngineMaterials/Substrate/Glints2/dict_0005_0177" 7985
"/Engine/EngineMaterials/Substrate/Glints2/dict_0005_0170" 7986
"../../../Engine/Content/EngineMaterials/Substrate/Glints2/dict_0005_0150.uasset" 7987
"../../../Engine/Content/EngineMaterials/Substrate/Glints2/dict_0005_0151.uasset" 7988
"../../../Engine/Content/EngineMaterials/Substrate/Glints2/dict_0005_0148.uasset" 7989
"../../../Engine/Content/EngineMaterials/Substrate/Glints2/dict_0005_0158.uasset" 7990
"../../../Engine/Content/EngineMaterials/Substrate/Glints2/dict_0005_0153.uasset" 7991
"../../../Engine/Content/EngineMaterials/Substrate/Glints2/dict_0005_0149.uasset" 7992
"../../../Engine/Content/EngineMaterials/Substrate/Glints2/dict_0005_0154.uasset" 7993
"../../../Engine/Content/EngineMaterials/Substrate/Glints2/dict_0005_0156.uasset" 7994
"../../../Engine/Content/EngineMaterials/Substrate/Glints2/dict_0005_0152.uasset" 7995
"../../../Engine/Content/EngineMaterials/Substrate/Glints2/dict_0005_0157.uasset" 7996
"../../../Engine/Content/EngineMaterials/Substrate/Glints2/dict_0005_0155.uasset" 7997
"../../../Engine/Content/EngineMaterials/Substrate/Glints2/dict_0005_0147.uasset" 7998
"/Engine/EngineMaterials/Substrate/Glints2/dict_0005_0151" 7999
"/Engine/EngineMaterials/Substrate/Glints2/dict_0005_0159" 8000
"/Engine/EngineMaterials/Substrate/Glints2/dict_0005_0160" 8001
"../../../Engine/Content/EngineMaterials/Substrate/Glints2/dict_0005_0146.uasset" 8002
"../../../Engine/Content/EngineMaterials/Substrate/Glints2/dict_0005_0145.uasset" 8003
"/Engine/EngineMaterials/Substrate/Glints2/dict_0005_0161" 8004
"../../../Engine/Content/EngineMaterials/Substrate/Glints2/dict_0005_0134.uasset" 8005
"../../../Engine/Content/EngineMaterials/Substrate/Glints2/dict_0005_0138.uasset" 8006
"../../../Engine/Content/EngineMaterials/Substrate/Glints2/dict_0005_0144.uasset" 8007
"../../../Engine/Content/EngineMaterials/Substrate/Glints2/dict_0005_0143.uasset" 8008
"../../../Engine/Content/EngineMaterials/Substrate/Glints2/dict_0005_0142.uasset" 8009
"../../../Engine/Content/EngineMaterials/Substrate/Glints2/dict_0005_0141.uasset" 8010
"../../../Engine/Content/EngineMaterials/Substrate/Glints2/dict_0005_0140.uasset" 8011
"/Engine/EngineMaterials/Substrate/Glints2/dict_0005_0147" 8012
"../../../Engine/Content/EngineMaterials/Substrate/Glints2/dict_0005_0139.uasset" 8013
"../../../Engine/Content/EngineMaterials/Substrate/Glints2/dict_0005_0136.uasset" 8014
"../../../Engine/Content/EngineMaterials/Substrate/Glints2/dict_0005_0137.uasset" 8015
"../../../Engine/Content/EngineMaterials/Substrate/Glints2/dict_0005_0135.uasset" 8016
"/Engine/EngineMaterials/Substrate/Glints2/dict_0005_0148" 8017
"../../../Engine/Content/EngineMaterials/Substrate/Glints2/dict_0005_0133.uasset" 8018
"/Engine/EngineMaterials/Substrate/Glints2/dict_0005_0149" 8019
"../../../Engine/Content/EngineMaterials/Substrate/Glints2/dict_0005_0130.uasset" 8020
"../../../Engine/Content/EngineMaterials/Substrate/Glints2/dict_0005_0129.uasset" 8021
"../../../Engine/Content/EngineMaterials/Substrate/Glints2/dict_0005_0128.uasset" 8022
"../../../Engine/Content/EngineMaterials/Substrate/Glints2/dict_0005_0127.uasset" 8023
"/Engine/EngineMaterials/Substrate/Glints2/dict_0005_0150" 8024
"/Engine/EngineMaterials/Substrate/Glints2/dict_0005_0152" 8025
"../../../Engine/Content/EngineMaterials/Substrate/Glints2/dict_0005_0132.uasset" 8026
"/Engine/EngineMaterials/Substrate/Glints2/dict_0005_0153" 8027
"../../../Engine/Content/EngineMaterials/Substrate/Glints2/dict_0005_0131.uasset" 8028
"/Engine/EngineMaterials/Substrate/Glints2/dict_0005_0154" 8029
"/Engine/EngineMaterials/Substrate/Glints2/dict_0005_0155" 8030
"../../../Engine/Content/EngineMaterials/Substrate/Glints2/dict_0005_0126.uasset" 8031
"/Engine/EngineMaterials/Substrate/Glints2/dict_0005_0156" 8032
"/Engine/EngineMaterials/Substrate/Glints2/dict_0005_0157" 8033
"/Engine/EngineMaterials/Substrate/Glints2/dict_0005_0158" 8034
"../../../Engine/Content/EngineMaterials/Substrate/Glints2/dict_0005_0123.uasset" 8035
"../../../Engine/Content/EngineMaterials/Substrate/Glints2/dict_0005_0125.uasset" 8036
"../../../Engine/Content/EngineMaterials/Substrate/Glints2/dict_0005_0124.uasset" 8037
"/Engine/EngineMaterials/Substrate/Glints2/dict_0005_0145" 8038
"../../../Engine/Content/EngineMaterials/Substrate/Glints2/dict_0005_0119.uasset" 8039
"../../../Engine/Content/EngineMaterials/Substrate/Glints2/dict_0005_0118.uasset" 8040
"../../../Engine/Content/EngineMaterials/Substrate/Glints2/dict_0005_0116.uasset" 8041
"../../../Engine/Content/EngineMaterials/Substrate/Glints2/dict_0005_0120.uasset" 8042
"../../../Engine/Content/EngineMaterials/Substrate/Glints2/dict_0005_0117.uasset" 8043
"../../../Engine/Content/EngineMaterials/Substrate/Glints2/dict_0005_0122.uasset" 8044
"../../../Engine/Content/EngineMaterials/Substrate/Glints2/dict_0005_0115.uasset" 8045
"../../../Engine/Content/EngineMaterials/Substrate/Glints2/dict_0005_0121.uasset" 8046
"/Engine/EngineMaterials/Substrate/Glints2/dict_0005_0146" 8047
"/Engine/EngineMaterials/Substrate/Glints2/dict_0005_0126" 8048
"/Engine/EngineMaterials/Substrate/Glints2/dict_0005_0130" 8049
"/Engine/EngineMaterials/Substrate/Glints2/dict_0005_0131" 8050
"/Engine/EngineMaterials/Substrate/Glints2/dict_0005_0132" 8051
"/Engine/EngineMaterials/Substrate/Glints2/dict_0005_0133" 8052
"/Engine/EngineMaterials/Substrate/Glints2/dict_0005_0134" 8053
"/Engine/EngineMaterials/Substrate/Glints2/dict_0005_0135" 8054
"/Engine/EngineMaterials/Substrate/Glints2/dict_0005_0136" 8055
"/Engine/EngineMaterials/Substrate/Glints2/dict_0005_0137" 8056
"/Engine/EngineMaterials/Substrate/Glints2/dict_0005_0138" 8057
"/Engine/EngineMaterials/Substrate/Glints2/dict_0005_0139" 8058
"/Engine/EngineMaterials/Substrate/Glints2/dict_0005_0140" 8059
"/Engine/EngineMaterials/Substrate/Glints2/dict_0005_0141" 8060
"/Engine/EngineMaterials/Substrate/Glints2/dict_0005_0142" 8061
"/Engine/EngineMaterials/Substrate/Glints2/dict_0005_0143" 8062
"/Engine/EngineMaterials/Substrate/Glints2/dict_0005_0127" 8063
"/Engine/EngineMaterials/Substrate/Glints2/dict_0005_0144" 8064
"/Engine/EngineMaterials/Substrate/Glints2/dict_0005_0128" 8065
"/Engine/EngineMaterials/Substrate/Glints2/dict_0005_0129" 8066
"/Engine/EngineMaterials/Substrate/Glints2/dict_0005_0115" 8067
"/Engine/EngineMaterials/Substrate/Glints2/dict_0005_0116" 8068
"/Engine/EngineMaterials/Substrate/Glints2/dict_0005_0117" 8069
"/Engine/EngineMaterials/Substrate/Glints2/dict_0005_0118" 8070
"/Engine/EngineMaterials/Substrate/Glints2/dict_0005_0119" 8071
"/Engine/EngineMaterials/Substrate/Glints2/dict_0005_0120" 8072
"/Engine/EngineMaterials/Substrate/Glints2/dict_0005_0121" 8073
"/Engine/EngineMaterials/Substrate/Glints2/dict_0005_0122" 8074
"/Engine/EngineMaterials/Substrate/Glints2/dict_0005_0123" 8075
"/Engine/EngineMaterials/Substrate/Glints2/dict_0005_0124" 8076
"/Engine/EngineMaterials/Substrate/Glints2/dict_0005_0125" 8077
"../../../Engine/Content/EngineMaterials/Substrate/Glints2/dict_0005_0102.uasset" 8078
"../../../Engine/Content/EngineMaterials/Substrate/Glints2/dict_0005_0106.uasset" 8079
"../../../Engine/Content/EngineMaterials/Substrate/Glints2/dict_0005_0114.uasset" 8080
"../../../Engine/Content/EngineMaterials/Substrate/Glints2/dict_0005_0101.uasset" 8081
"../../../Engine/Content/EngineMaterials/Substrate/Glints2/dict_0005_0109.uasset" 8082
"../../../Engine/Content/EngineMaterials/Substrate/Glints2/dict_0005_0108.uasset" 8083
"../../../Engine/Content/EngineMaterials/Substrate/Glints2/dict_0005_0107.uasset" 8084
"../../../Engine/Content/EngineMaterials/Substrate/Glints2/dict_0005_0105.uasset" 8085
"../../../Engine/Content/EngineMaterials/Substrate/Glints2/dict_0005_0104.uasset" 8086
"../../../Engine/Content/EngineMaterials/Substrate/Glints2/dict_0005_0110.uasset" 8087
"../../../Engine/Content/EngineMaterials/Substrate/Glints2/dict_0005_0111.uasset" 8088
"../../../Engine/Content/EngineMaterials/Substrate/Glints2/dict_0005_0103.uasset" 8089
"../../../Engine/Content/EngineMaterials/Substrate/Glints2/dict_0005_0113.uasset" 8090
"../../../Engine/Content/EngineMaterials/Substrate/Glints2/dict_0005_0112.uasset" 8091
"../../../Engine/Content/EngineMaterials/Substrate/Glints2/dict_0005_0100.uasset" 8092
"../../../Engine/Content/EngineMaterials/Substrate/Glints2/dict_0005_0099.uasset" 8093
"/Engine/EngineMaterials/Substrate/Glints2/dict_0005_0101" 8094
"/Engine/EngineMaterials/Substrate/Glints2/dict_0005_0102" 8095
"../../../Engine/Content/EngineMaterials/Substrate/Glints2/dict_0005_0091.uasset" 8096
"../../../Engine/Content/EngineMaterials/Substrate/Glints2/dict_0005_0094.uasset" 8097
"../../../Engine/Content/EngineMaterials/Substrate/Glints2/dict_0005_0098.uasset" 8098
"../../../Engine/Content/EngineMaterials/Substrate/Glints2/dict_0005_0097.uasset" 8099
"/Engine/EngineMaterials/Substrate/Glints2/dict_0005_0104" 8100
"../../../Engine/Content/EngineMaterials/Substrate/Glints2/dict_0005_0096.uasset" 8101
"../../../Engine/Content/EngineMaterials/Substrate/Glints2/dict_0005_0095.uasset" 8102
"../../../Engine/Content/EngineMaterials/Substrate/Glints2/dict_0005_0093.uasset" 8103
"../../../Engine/Content/EngineMaterials/Substrate/Glints2/dict_0005_0092.uasset" 8104
"/Engine/EngineMaterials/Substrate/Glints2/dict_0005_0105" 8105
"/Engine/EngineMaterials/Substrate/Glints2/dict_0005_0106" 8106
"/Engine/EngineMaterials/Substrate/Glints2/dict_0005_0107" 8107
"../../../Engine/Content/EngineMaterials/Substrate/Glints2/dict_0005_0090.uasset" 8108
"/Engine/EngineMaterials/Substrate/Glints2/dict_0005_0108" 8109
"../../../Engine/Content/EngineMaterials/Substrate/Glints2/dict_0005_0089.uasset" 8110
"../../../Engine/Content/EngineMaterials/Substrate/Glints2/dict_0005_0087.uasset" 8111
"../../../Engine/Content/EngineMaterials/Substrate/Glints2/dict_0005_0086.uasset" 8112
"/Engine/EngineMaterials/Substrate/Glints2/dict_0005_0109" 8113
"../../../Engine/Content/EngineMaterials/Substrate/Glints2/dict_0005_0088.uasset" 8114
"../../../Engine/Content/EngineMaterials/Substrate/Glints2/dict_0005_0084.uasset" 8115
"/Engine/EngineMaterials/Substrate/Glints2/dict_0005_0110" 8116
"/Engine/EngineMaterials/Substrate/Glints2/dict_0005_0114" 8117
"/Engine/EngineMaterials/Substrate/Glints2/dict_0005_0094" 8118
"../../../Engine/Content/EngineMaterials/Substrate/Glints2/dict_0005_0085.uasset" 8119
"/Engine/EngineMaterials/Substrate/Glints2/dict_0005_0095" 8120
"../../../Engine/Content/EngineMaterials/Substrate/Glints2/dict_0005_0083.uasset" 8121
"/Engine/EngineMaterials/Substrate/Glints2/dict_0005_0096" 8122
"/Engine/EngineMaterials/Substrate/Glints2/dict_0005_0097" 8123
"../../../Engine/Content/EngineMaterials/Substrate/Glints2/dict_0005_0076.uasset" 8124
"../../../Engine/Content/EngineMaterials/Substrate/Glints2/dict_0005_0080.uasset" 8125
"../../../Engine/Content/EngineMaterials/Substrate/Glints2/dict_0005_0082.uasset" 8126
"../../../Engine/Content/EngineMaterials/Substrate/Glints2/dict_0005_0079.uasset" 8127
"../../../Engine/Content/EngineMaterials/Substrate/Glints2/dict_0005_0081.uasset" 8128
"../../../Engine/Content/EngineMaterials/Substrate/Glints2/dict_0005_0078.uasset" 8129
"../../../Engine/Content/EngineMaterials/Substrate/Glints2/dict_0005_0077.uasset" 8130
"/Engine/EngineMaterials/Substrate/Glints2/dict_0005_0098" 8131
"../../../Engine/Content/EngineMaterials/Substrate/Glints2/dict_0005_0074.uasset" 8132
"/Engine/EngineMaterials/Substrate/Glints2/dict_0005_0099" 8133
"../../../Engine/Content/EngineMaterials/Substrate/Glints2/dict_0005_0075.uasset" 8134
"../../../Engine/Content/EngineMaterials/Substrate/Glints2/dict_0005_0073.uasset" 8135
"/Engine/EngineMaterials/Substrate/Glints2/dict_0005_0100" 8136
"/Engine/EngineMaterials/Substrate/Glints2/dict_0005_0103" 8137
"/Engine/EngineMaterials/Substrate/Glints2/dict_0005_0090" 8138
"/Engine/EngineMaterials/Substrate/Glints2/dict_0005_0091" 8139
"/Engine/EngineMaterials/Substrate/Glints2/dict_0005_0092" 8140
"/Engine/EngineMaterials/Substrate/Glints2/dict_0005_0093" 8141
"/Engine/EngineMaterials/Substrate/Glints2/dict_0005_0111" 8142
"/Engine/EngineMaterials/Substrate/Glints2/dict_0005_0112" 8143
"/Engine/EngineMaterials/Substrate/Glints2/dict_0005_0113" 8144
"../../../Engine/Content/EngineMaterials/Substrate/Glints2/dict_0005_0072.uasset" 8145
"/Engine/EngineMaterials/Substrate/Glints2/dict_0005_0083" 8146
"/Engine/EngineMaterials/Substrate/Glints2/dict_0005_0084" 8147
"/Engine/EngineMaterials/Substrate/Glints2/dict_0005_0085" 8148
"/Engine/EngineMaterials/Substrate/Glints2/dict_0005_0086" 8149
"/Engine/EngineMaterials/Substrate/Glints2/dict_0005_0087" 8150
"/Engine/EngineMaterials/Substrate/Glints2/dict_0005_0088" 8151
"../../../Engine/Content/EngineMaterials/Substrate/Glints2/dict_0005_0070.uasset" 8152
"../../../Engine/Content/EngineMaterials/Substrate/Glints2/dict_0005_0071.uasset" 8153
"../../../Engine/Content/EngineMaterials/Substrate/Glints2/dict_0005_0069.uasset" 8154
"../../../Engine/Content/EngineMaterials/Substrate/Glints2/dict_0005_0068.uasset" 8155
"/Engine/EngineMaterials/Substrate/Glints2/dict_0005_0089" 8156
"/Engine/EngineMaterials/Substrate/Glints2/dict_0005_0073" 8157
"/Engine/EngineMaterials/Substrate/Glints2/dict_0005_0074" 8158
"/Engine/EngineMaterials/Substrate/Glints2/dict_0005_0075" 8159
"/Engine/EngineMaterials/Substrate/Glints2/dict_0005_0076" 8160
"/Engine/EngineMaterials/Substrate/Glints2/dict_0005_0077" 8161
"/Engine/EngineMaterials/Substrate/Glints2/dict_0005_0078" 8162
"/Engine/EngineMaterials/Substrate/Glints2/dict_0005_0079" 8163
"../../../Engine/Content/EngineMaterials/Substrate/Glints2/dict_0005_0066.uasset" 8164
"/Engine/EngineMaterials/Substrate/Glints2/dict_0005_0080" 8165
"../../../Engine/Content/EngineMaterials/Substrate/Glints2/dict_0005_0064.uasset" 8166
"../../../Engine/Content/EngineMaterials/Substrate/Glints2/dict_0005_0065.uasset" 8167
"/Engine/EngineMaterials/Substrate/Glints2/dict_0005_0081" 8168
"../../../Engine/Content/EngineMaterials/Substrate/Glints2/dict_0005_0067.uasset" 8169
"../../../Engine/Content/EngineMaterials/Substrate/Glints2/dict_0005_0063.uasset" 8170
"/Engine/EngineMaterials/Substrate/Glints2/dict_0005_0082" 8171
"../../../Engine/Content/EngineMaterials/Substrate/Glints2/dict_0005_0062.uasset" 8172
"/Engine/EngineMaterials/Substrate/Glints2/dict_0005_0068" 8173
"/Engine/EngineMaterials/Substrate/Glints2/dict_0005_0069" 8174
"/Engine/EngineMaterials/Substrate/Glints2/dict_0005_0070" 8175
"/Engine/EngineMaterials/Substrate/Glints2/dict_0005_0071" 8176
"/Engine/EngineMaterials/Substrate/Glints2/dict_0005_0072" 8177
"../../../Engine/Content/EngineMaterials/Substrate/Glints2/dict_0005_0058.uasset" 8178
"../../../Engine/Content/EngineMaterials/Substrate/Glints2/dict_0005_0061.uasset" 8179
"../../../Engine/Content/EngineMaterials/Substrate/Glints2/dict_0005_0060.uasset" 8180
"../../../Engine/Content/EngineMaterials/Substrate/Glints2/dict_0005_0059.uasset" 8181
"../../../Engine/Content/EngineMaterials/Substrate/Glints2/dict_0005_0055.uasset" 8182
"../../../Engine/Content/EngineMaterials/Substrate/Glints2/dict_0005_0057.uasset" 8183
"../../../Engine/Content/EngineMaterials/Substrate/Glints2/dict_0005_0056.uasset" 8184
"../../../Engine/Content/EngineMaterials/Substrate/Glints2/dict_0005_0054.uasset" 8185
"../../../Engine/Content/EngineMaterials/Substrate/Glints2/dict_0005_0052.uasset" 8186
"../../../Engine/Content/EngineMaterials/Substrate/Glints2/dict_0005_0051.uasset" 8187
"../../../Engine/Content/EngineMaterials/Substrate/Glints2/dict_0005_0049.uasset" 8188
"../../../Engine/Content/EngineMaterials/Substrate/Glints2/dict_0005_0050.uasset" 8189
"../../../Engine/Content/EngineMaterials/Substrate/Glints2/dict_0005_0048.uasset" 8190
"/Engine/EngineMaterials/Substrate/Glints2/dict_0005_0062" 8191
"../../../Engine/Content/EngineMaterials/Substrate/Glints2/dict_0005_0053.uasset" 8192
"../../../Engine/Content/EngineMaterials/Substrate/Glints2/dict_0005_0046.uasset" 8193
"../../../Engine/Content/EngineMaterials/Substrate/Glints2/dict_0005_0047.uasset" 8194
"/Engine/EngineMaterials/Substrate/Glints2/dict_0005_0063" 8195
"/Engine/EngineMaterials/Substrate/Glints2/dict_0005_0064" 8196
"/Engine/EngineMaterials/Substrate/Glints2/dict_0005_0065" 8197
"../../../Engine/Content/EngineMaterials/Substrate/Glints2/dict_0005_0045.uasset" 8198
"/Engine/EngineMaterials/Substrate/Glints2/dict_0005_0066" 8199
"../../../Engine/Content/EngineMaterials/Substrate/Glints2/dict_0005_0041.uasset" 8200
"/Engine/EngineMaterials/Substrate/Glints2/dict_0005_0067" 8201
"../../../Engine/Content/EngineMaterials/Substrate/Glints2/dict_0005_0043.uasset" 8202
"../../../Engine/Content/EngineMaterials/Substrate/Glints2/dict_0005_0042.uasset" 8203
"../../../Engine/Content/EngineMaterials/Substrate/Glints2/dict_0005_0040.uasset" 8204
"../../../Engine/Content/EngineMaterials/Substrate/Glints2/dict_0005_0039.uasset" 8205
"/Engine/EngineMaterials/Substrate/Glints2/dict_0005_0058" 8206
"/Engine/EngineMaterials/Substrate/Glints2/dict_0005_0059" 8207
"../../../Engine/Content/EngineMaterials/Substrate/Glints2/dict_0005_0038.uasset" 8208
"/Engine/EngineMaterials/Substrate/Glints2/dict_0005_0060" 8209
"/Engine/EngineMaterials/Substrate/Glints2/dict_0005_0046" 8210
"/Engine/EngineMaterials/Substrate/Glints2/dict_0005_0047" 8211
"/Engine/EngineMaterials/Substrate/Glints2/dict_0005_0061" 8212
"/Engine/EngineMaterials/Substrate/Glints2/dict_0005_0048" 8213
"/Engine/EngineMaterials/Substrate/Glints2/dict_0005_0049" 8214
"/Engine/EngineMaterials/Substrate/Glints2/dict_0005_0050" 8215
"/Engine/EngineMaterials/Substrate/Glints2/dict_0005_0051" 8216
"/Engine/EngineMaterials/Substrate/Glints2/dict_0005_0052" 8217
"/Engine/EngineMaterials/Substrate/Glints2/dict_0005_0053" 8218
"../../../Engine/Content/EngineMaterials/Substrate/Glints2/dict_0005_0044.uasset" 8219
"/Engine/EngineMaterials/Substrate/Glints2/dict_0005_0054" 8220
"/Engine/EngineMaterials/Substrate/Glints2/dict_0005_0055" 8221
"/Engine/EngineMaterials/Substrate/Glints2/dict_0005_0056" 8222
"/Engine/EngineMaterials/Substrate/Glints2/dict_0005_0057" 8223
"/Engine/EngineMaterials/Substrate/Glints2/dict_0005_0041" 8224
"/Engine/EngineMaterials/Substrate/Glints2/dict_0005_0042" 8225
"/Engine/EngineMaterials/Substrate/Glints2/dict_0005_0043" 8226
"/Engine/EngineMaterials/Substrate/Glints2/dict_0005_0045" 8227
"/Engine/EngineMaterials/Substrate/Glints2/dict_0005_0039" 8228
"/Engine/EngineMaterials/Substrate/Glints2/dict_0005_0040" 8229
"../../../Engine/Content/EngineMaterials/Substrate/Glints2/dict_0005_0037.uasset" 8230
"/Engine/EngineMaterials/Substrate/Glints2/dict_0005_0038" 8231
"../../../Engine/Content/EngineMaterials/Substrate/Glints2/dict_0005_0036.uasset" 8232
"../../../Engine/Content/EngineMaterials/Substrate/Glints2/dict_0005_0031.uasset" 8233
"../../../Engine/Content/EngineMaterials/Substrate/Glints2/dict_0005_0030.uasset" 8234
"../../../Engine/Content/EngineMaterials/Substrate/Glints2/dict_0005_0032.uasset" 8235
"../../../Engine/Content/EngineMaterials/Substrate/Glints2/dict_0005_0034.uasset" 8236
"../../../Engine/Content/EngineMaterials/Substrate/Glints2/dict_0005_0033.uasset" 8237
"../../../Engine/Content/EngineMaterials/Substrate/Glints2/dict_0005_0026.uasset" 8238
"../../../Engine/Content/EngineMaterials/Substrate/Glints2/dict_0005_0027.uasset" 8239
"../../../Engine/Content/EngineMaterials/Substrate/Glints2/dict_0005_0035.uasset" 8240
"../../../Engine/Content/EngineMaterials/Substrate/Glints2/dict_0005_0029.uasset" 8241
"../../../Engine/Content/EngineMaterials/Substrate/Glints2/dict_0005_0028.uasset" 8242
"../../../Engine/Content/EngineMaterials/Substrate/Glints2/dict_0005_0025.uasset" 8243
"../../../Engine/Content/EngineMaterials/Substrate/Glints2/dict_0005_0023.uasset" 8244
"/Engine/EngineMaterials/Substrate/Glints2/dict_0005_0044" 8245
"../../../Engine/Content/EngineMaterials/Substrate/Glints2/dict_0005_0024.uasset" 8246
"/Engine/EngineMaterials/Substrate/Glints2/dict_0005_0037" 8247
"/Engine/EngineMaterials/Substrate/Glints2/dict_0005_0030" 8248
"/Engine/EngineMaterials/Substrate/Glints2/dict_0005_0031" 8249
"/Engine/EngineMaterials/Substrate/Glints2/dict_0005_0032" 8250
"/Engine/EngineMaterials/Substrate/Glints2/dict_0005_0033" 8251
"/Engine/EngineMaterials/Substrate/Glints2/dict_0005_0034" 8252
"/Engine/EngineMaterials/Substrate/Glints2/dict_0005_0036" 8253
"/Engine/EngineMaterials/Substrate/Glints2/dict_0005_0025" 8254
"/Engine/EngineMaterials/Substrate/Glints2/dict_0005_0026" 8255
"/Engine/EngineMaterials/Substrate/Glints2/dict_0005_0027" 8256
"/Engine/EngineMaterials/Substrate/Glints2/dict_0005_0028" 8257
"/Engine/EngineMaterials/Substrate/Glints2/dict_0005_0035" 8258
"/Engine/EngineMaterials/Substrate/Glints2/dict_0005_0029" 8259
"/Engine/EngineMaterials/Substrate/Glints2/dict_0005_0023" 8260
"../../../Engine/Content/EngineMaterials/Substrate/Glints2/dict_0005_0022.uasset" 8261
"/Engine/EngineMaterials/Substrate/Glints2/dict_0005_0024" 8262
"../../../Engine/Content/EngineMaterials/Substrate/Glints2/dict_0005_0021.uasset" 8263
"../../../Engine/Content/EngineMaterials/Substrate/Glints2/dict_0005_0020.uasset" 8264
"/Engine/EngineMaterials/Substrate/Glints2/dict_0005_0022" 8265
"../../../Engine/Content/EngineMaterials/Substrate/Glints2/dict_0005_0019.uasset" 8266
"../../../Engine/Content/EngineMaterials/Substrate/Glints2/dict_0005_0008.uasset" 8267
"../../../Engine/Content/EngineMaterials/Substrate/Glints2/dict_0005_0007.uasset" 8268
"../../../Engine/Content/EngineMaterials/Substrate/Glints2/dict_0005_0006.uasset" 8269
"../../../Engine/Content/EngineMaterials/Substrate/Glints2/dict_0005_0009.uasset" 8270
"../../../Engine/Content/EngineMaterials/Substrate/Glints2/dict_0005_0018.uasset" 8271
"../../../Engine/Content/EngineMaterials/Substrate/Glints2/dict_0005_0017.uasset" 8272
"../../../Engine/Content/EngineMaterials/Substrate/Glints2/dict_0005_0016.uasset" 8273
"../../../Engine/Content/EngineMaterials/Substrate/Glints2/dict_0005_0011.uasset" 8274
"../../../Engine/Content/EngineMaterials/Substrate/Glints2/dict_0005_0015.uasset" 8275
"../../../Engine/Content/EngineMaterials/Substrate/Glints2/dict_0005_0014.uasset" 8276
"../../../Engine/Content/EngineMaterials/Substrate/Glints2/dict_0005_0013.uasset" 8277
"../../../Engine/Content/EngineMaterials/Substrate/Glints2/dict_0005_0012.uasset" 8278
"../../../Engine/Content/EngineMaterials/Substrate/Glints2/dict_0005_0010.uasset" 8279
"../../../Engine/Content/EngineMaterials/Substrate/Glints2/dict_0005_0005.uasset" 8280
"/Engine/EngineMaterials/Substrate/Glints2/dict_0005_0008" 8281
"/Engine/EngineMaterials/Substrate/Glints2/dict_0005_0009" 8282
"/Engine/EngineMaterials/Substrate/Glints2/dict_0005_0016" 8283
"../../../Engine/Content/EngineMaterials/Substrate/Glints2/dict_0004_0252.uasset" 8284
"../../../Engine/Content/EngineMaterials/Substrate/Glints2/dict_0004_0248.uasset" 8285
"/Engine/EngineMaterials/Substrate/Glints2/dict_0005_0011" 8286
"../../../Engine/Content/EngineMaterials/Substrate/Glints2/dict_0004_0253.uasset" 8287
"../../../Engine/Content/EngineMaterials/Substrate/Glints2/dict_0004_0251.uasset" 8288
"../../../Engine/Content/EngineMaterials/Substrate/Glints2/dict_0004_0250.uasset" 8289
"../../../Engine/Content/EngineMaterials/Substrate/Glints2/dict_0004_0249.uasset" 8290
"../../../Engine/Content/EngineMaterials/Substrate/Glints2/dict_0005_0004.uasset" 8291
"../../../Engine/Content/EngineMaterials/Substrate/Glints2/dict_0005_0003.uasset" 8292
"../../../Engine/Content/EngineMaterials/Substrate/Glints2/dict_0005_0002.uasset" 8293
"../../../Engine/Content/EngineMaterials/Substrate/Glints2/dict_0005_0001.uasset" 8294
"../../../Engine/Content/EngineMaterials/Substrate/Glints2/dict_0005_0000.uasset" 8295
"/Engine/EngineMaterials/Substrate/Glints2/dict_0005_0017" 8296
"../../../Engine/Content/EngineMaterials/Substrate/Glints2/dict_0004_0255.uasset" 8297
"../../../Engine/Content/EngineMaterials/Substrate/Glints2/dict_0004_0247.uasset" 8298
"../../../Engine/Content/EngineMaterials/Substrate/Glints2/dict_0004_0246.uasset" 8299
"../../../Engine/Content/EngineMaterials/Substrate/Glints2/dict_0004_0254.uasset" 8300
"/Engine/EngineMaterials/Substrate/Glints2/dict_0005_0018" 8301
"/Engine/EngineMaterials/Substrate/Glints2/dict_0005_0019" 8302
"/Engine/EngineMaterials/Substrate/Glints2/dict_0005_0020" 8303
"/Engine/EngineMaterials/Substrate/Glints2/dict_0005_0021" 8304
"/Engine/EngineMaterials/Substrate/Glints2/dict_0005_0006" 8305
"/Engine/EngineMaterials/Substrate/Glints2/dict_0005_0007" 8306
"/Engine/EngineMaterials/Substrate/Glints2/dict_0005_0014" 8307
"../../../Engine/Content/EngineMaterials/Substrate/Glints2/dict_0004_0241.uasset" 8308
"../../../Engine/Content/EngineMaterials/Substrate/Glints2/dict_0004_0245.uasset" 8309
"../../../Engine/Content/EngineMaterials/Substrate/Glints2/dict_0004_0242.uasset" 8310
"/Engine/EngineMaterials/Substrate/Glints2/dict_0005_0015" 8311
"../../../Engine/Content/EngineMaterials/Substrate/Glints2/dict_0004_0238.uasset" 8312
"../../../Engine/Content/EngineMaterials/Substrate/Glints2/dict_0004_0237.uasset" 8313
"../../../Engine/Content/EngineMaterials/Substrate/Glints2/dict_0004_0243.uasset" 8314
"../../../Engine/Content/EngineMaterials/Substrate/Glints2/dict_0004_0236.uasset" 8315
"../../../Engine/Content/EngineMaterials/Substrate/Glints2/dict_0004_0235.uasset" 8316
"../../../Engine/Content/EngineMaterials/Substrate/Glints2/dict_0004_0244.uasset" 8317
"/Engine/EngineMaterials/Substrate/Glints2/dict_0005_0010" 8318
"/Engine/EngineMaterials/Substrate/Glints2/dict_0005_0005" 8319
"../../../Engine/Content/EngineMaterials/Substrate/Glints2/dict_0004_0239.uasset" 8320
"../../../Engine/Content/EngineMaterials/Substrate/Glints2/dict_0004_0240.uasset" 8321
"/Engine/EngineMaterials/Substrate/Glints2/dict_0004_0255" 8322
"/Engine/EngineMaterials/Substrate/Glints2/dict_0005_0000" 8323
"/Engine/EngineMaterials/Substrate/Glints2/dict_0005_0001" 8324
"/Engine/EngineMaterials/Substrate/Glints2/dict_0005_0002" 8325
"/Engine/EngineMaterials/Substrate/Glints2/dict_0004_0246" 8326
"/Engine/EngineMaterials/Substrate/Glints2/dict_0005_0003" 8327
"/Engine/EngineMaterials/Substrate/Glints2/dict_0004_0248" 8328
"/Engine/EngineMaterials/Substrate/Glints2/dict_0004_0247" 8329
"/Engine/EngineMaterials/Substrate/Glints2/dict_0004_0249" 8330
"/Engine/EngineMaterials/Substrate/Glints2/dict_0004_0250" 8331
"/Engine/EngineMaterials/Substrate/Glints2/dict_0004_0251" 8332
"/Engine/EngineMaterials/Substrate/Glints2/dict_0004_0252" 8333
"/Engine/EngineMaterials/Substrate/Glints2/dict_0004_0253" 8334
"/Engine/EngineMaterials/Substrate/Glints2/dict_0005_0004" 8335
"/Engine/EngineMaterials/Substrate/Glints2/dict_0005_0012" 8336
"/Engine/EngineMaterials/Substrate/Glints2/dict_0005_0013" 8337
"/Engine/EngineMaterials/Substrate/Glints2/dict_0004_0254" 8338
"/Engine/EngineMaterials/Substrate/Glints2/dict_0004_0235" 8339
"../../../Engine/Content/EngineMaterials/Substrate/Glints2/dict_0004_0232.uasset" 8340
"../../../Engine/Content/EngineMaterials/Substrate/Glints2/dict_0004_0230.uasset" 8341
"../../../Engine/Content/EngineMaterials/Substrate/Glints2/dict_0004_0233.uasset" 8342
"../../../Engine/Content/EngineMaterials/Substrate/Glints2/dict_0004_0231.uasset" 8343
"../../../Engine/Content/EngineMaterials/Substrate/Glints2/dict_0004_0234.uasset" 8344
"/Engine/EngineMaterials/Substrate/Glints2/dict_0004_0236" 8345
"/Engine/EngineMaterials/Substrate/Glints2/dict_0004_0237" 8346
"/Engine/EngineMaterials/Substrate/Glints2/dict_0004_0238" 8347
"/Engine/EngineMaterials/Substrate/Glints2/dict_0004_0239" 8348
"/Engine/EngineMaterials/Substrate/Glints2/dict_0004_0240" 8349
"/Engine/EngineMaterials/Substrate/Glints2/dict_0004_0241" 8350
"/Engine/EngineMaterials/Substrate/Glints2/dict_0004_0242" 8351
"/Engine/EngineMaterials/Substrate/Glints2/dict_0004_0243" 8352
"/Engine/EngineMaterials/Substrate/Glints2/dict_0004_0244" 8353
"/Engine/EngineMaterials/Substrate/Glints2/dict_0004_0245" 8354
"../../../Engine/Content/EngineMaterials/Substrate/Glints2/dict_0004_0226.uasset" 8355
"../../../Engine/Content/EngineMaterials/Substrate/Glints2/dict_0004_0228.uasset" 8356
"../../../Engine/Content/EngineMaterials/Substrate/Glints2/dict_0004_0223.uasset" 8357
"../../../Engine/Content/EngineMaterials/Substrate/Glints2/dict_0004_0224.uasset" 8358
"../../../Engine/Content/EngineMaterials/Substrate/Glints2/dict_0004_0225.uasset" 8359
"../../../Engine/Content/EngineMaterials/Substrate/Glints2/dict_0004_0229.uasset" 8360
"../../../Engine/Content/EngineMaterials/Substrate/Glints2/dict_0004_0227.uasset" 8361
"../../../Engine/Content/EngineMaterials/Substrate/Glints2/dict_0004_0220.uasset" 8362
"../../../Engine/Content/EngineMaterials/Substrate/Glints2/dict_0004_0222.uasset" 8363
"../../../Engine/Content/EngineMaterials/Substrate/Glints2/dict_0004_0221.uasset" 8364
"../../../Engine/Content/EngineMaterials/Substrate/Glints2/dict_0004_0219.uasset" 8365
"../../../Engine/Content/EngineMaterials/Substrate/Glints2/dict_0004_0218.uasset" 8366
"../../../Engine/Content/EngineMaterials/Substrate/Glints2/dict_0004_0217.uasset" 8367
"../../../Engine/Content/EngineMaterials/Substrate/Glints2/dict_0004_0216.uasset" 8368
"../../../Engine/Content/EngineMaterials/Substrate/Glints2/dict_0004_0215.uasset" 8369
"../../../Engine/Content/EngineMaterials/Substrate/Glints2/dict_0004_0214.uasset" 8370
"../../../Engine/Content/EngineMaterials/Substrate/Glints2/dict_0004_0213.uasset" 8371
"../../../Engine/Content/EngineMaterials/Substrate/Glints2/dict_0004_0212.uasset" 8372
"../../../Engine/Content/EngineMaterials/Substrate/Glints2/dict_0004_0211.uasset" 8373
"../../../Engine/Content/EngineMaterials/Substrate/Glints2/dict_0004_0210.uasset" 8374
"../../../Engine/Content/EngineMaterials/Substrate/Glints2/dict_0004_0209.uasset" 8375
"../../../Engine/Content/EngineMaterials/Substrate/Glints2/dict_0004_0208.uasset" 8376
"../../../Engine/Content/EngineMaterials/Substrate/Glints2/dict_0004_0206.uasset" 8377
"../../../Engine/Content/EngineMaterials/Substrate/Glints2/dict_0004_0205.uasset" 8378
"../../../Engine/Content/EngineMaterials/Substrate/Glints2/dict_0004_0207.uasset" 8379
"../../../Engine/Content/EngineMaterials/Substrate/Glints2/dict_0004_0204.uasset" 8380
"../../../Engine/Content/EngineMaterials/Substrate/Glints2/dict_0004_0203.uasset" 8381
"/Engine/EngineMaterials/Substrate/Glints2/dict_0004_0214" 8382
"/Engine/EngineMaterials/Substrate/Glints2/dict_0004_0215" 8383
"/Engine/EngineMaterials/Substrate/Glints2/dict_0004_0203" 8384
"/Engine/EngineMaterials/Substrate/Glints2/dict_0004_0204" 8385
"/Engine/EngineMaterials/Substrate/Glints2/dict_0004_0216" 8386
"/Engine/EngineMaterials/Substrate/Glints2/dict_0004_0217" 8387
"/Engine/EngineMaterials/Substrate/Glints2/dict_0004_0205" 8388
"/Engine/EngineMaterials/Substrate/Glints2/dict_0004_0206" 8389
"/Engine/EngineMaterials/Substrate/Glints2/dict_0004_0207" 8390
"/Engine/EngineMaterials/Substrate/Glints2/dict_0004_0208" 8391
"/Engine/EngineMaterials/Substrate/Glints2/dict_0004_0209" 8392
"/Engine/EngineMaterials/Substrate/Glints2/dict_0004_0218" 8393
"/Engine/EngineMaterials/Substrate/Glints2/dict_0004_0219" 8394
"/Engine/EngineMaterials/Substrate/Glints2/dict_0004_0220" 8395
"/Engine/EngineMaterials/Substrate/Glints2/dict_0004_0210" 8396
"/Engine/EngineMaterials/Substrate/Glints2/dict_0004_0211" 8397
"/Engine/EngineMaterials/Substrate/Glints2/dict_0004_0221" 8398
"/Engine/EngineMaterials/Substrate/Glints2/dict_0004_0222" 8399
"/Engine/EngineMaterials/Substrate/Glints2/dict_0004_0223" 8400
"/Engine/EngineMaterials/Substrate/Glints2/dict_0004_0224" 8401
"/Engine/EngineMaterials/Substrate/Glints2/dict_0004_0225" 8402
"/Engine/EngineMaterials/Substrate/Glints2/dict_0004_0226" 8403
"/Engine/EngineMaterials/Substrate/Glints2/dict_0004_0227" 8404
"/Engine/EngineMaterials/Substrate/Glints2/dict_0004_0228" 8405
"/Engine/EngineMaterials/Substrate/Glints2/dict_0004_0229" 8406
"/Engine/EngineMaterials/Substrate/Glints2/dict_0004_0230" 8407
"/Engine/EngineMaterials/Substrate/Glints2/dict_0004_0231" 8408
"/Engine/EngineMaterials/Substrate/Glints2/dict_0004_0212" 8409
"/Engine/EngineMaterials/Substrate/Glints2/dict_0004_0213" 8410
"/Engine/EngineMaterials/Substrate/Glints2/dict_0004_0232" 8411
"/Engine/EngineMaterials/Substrate/Glints2/dict_0004_0233" 8412
"/Engine/EngineMaterials/Substrate/Glints2/dict_0004_0234" 8413
"../../../Engine/Content/EngineMaterials/Substrate/Glints2/dict_0004_0202.uasset" 8414
"../../../Engine/Content/EngineMaterials/Substrate/Glints2/dict_0004_0199.uasset" 8415
"../../../Engine/Content/EngineMaterials/Substrate/Glints2/dict_0004_0198.uasset" 8416
"../../../Engine/Content/EngineMaterials/Substrate/Glints2/dict_0004_0201.uasset" 8417
"../../../Engine/Content/EngineMaterials/Substrate/Glints2/dict_0004_0200.uasset" 8418
"../../../Engine/Content/EngineMaterials/Substrate/Glints2/dict_0004_0194.uasset" 8419
"../../../Engine/Content/EngineMaterials/Substrate/Glints2/dict_0004_0192.uasset" 8420
"../../../Engine/Content/EngineMaterials/Substrate/Glints2/dict_0004_0195.uasset" 8421
"../../../Engine/Content/EngineMaterials/Substrate/Glints2/dict_0004_0196.uasset" 8422
"../../../Engine/Content/EngineMaterials/Substrate/Glints2/dict_0004_0191.uasset" 8423
"../../../Engine/Content/EngineMaterials/Substrate/Glints2/dict_0004_0190.uasset" 8424
"../../../Engine/Content/EngineMaterials/Substrate/Glints2/dict_0004_0189.uasset" 8425
"../../../Engine/Content/EngineMaterials/Substrate/Glints2/dict_0004_0197.uasset" 8426
"../../../Engine/Content/EngineMaterials/Substrate/Glints2/dict_0004_0193.uasset" 8427
"../../../Engine/Content/EngineMaterials/Substrate/Glints2/dict_0004_0188.uasset" 8428
"../../../Engine/Content/EngineMaterials/Substrate/Glints2/dict_0004_0187.uasset" 8429
"../../../Engine/Content/EngineMaterials/Substrate/Glints2/dict_0004_0186.uasset" 8430
"../../../Engine/Content/EngineMaterials/Substrate/Glints2/dict_0004_0185.uasset" 8431
"../../../Engine/Content/EngineMaterials/Substrate/Glints2/dict_0004_0184.uasset" 8432
"../../../Engine/Content/EngineMaterials/Substrate/Glints2/dict_0004_0183.uasset" 8433
"../../../Engine/Content/EngineMaterials/Substrate/Glints2/dict_0004_0182.uasset" 8434
"../../../Engine/Content/EngineMaterials/Substrate/Glints2/dict_0004_0181.uasset" 8435
"../../../Engine/Content/EngineMaterials/Substrate/Glints2/dict_0004_0180.uasset" 8436
"../../../Engine/Content/EngineMaterials/Substrate/Glints2/dict_0004_0179.uasset" 8437
"../../../Engine/Content/EngineMaterials/Substrate/Glints2/dict_0004_0178.uasset" 8438
"../../../Engine/Content/EngineMaterials/Substrate/Glints2/dict_0004_0177.uasset" 8439
"../../../Engine/Content/EngineMaterials/Substrate/Glints2/dict_0004_0176.uasset" 8440
"../../../Engine/Content/EngineMaterials/Substrate/Glints2/dict_0004_0175.uasset" 8441
"../../../Engine/Content/EngineMaterials/Substrate/Glints2/dict_0004_0173.uasset" 8442
"../../../Engine/Content/EngineMaterials/Substrate/Glints2/dict_0004_0174.uasset" 8443
"../../../Engine/Content/EngineMaterials/Substrate/Glints2/dict_0004_0171.uasset" 8444
"../../../Engine/Content/EngineMaterials/Substrate/Glints2/dict_0004_0172.uasset" 8445
"/Engine/EngineMaterials/Substrate/Glints2/dict_0004_0171" 8446
"/Engine/EngineMaterials/Substrate/Glints2/dict_0004_0172" 8447
"/Engine/EngineMaterials/Substrate/Glints2/dict_0004_0173" 8448
"/Engine/EngineMaterials/Substrate/Glints2/dict_0004_0174" 8449
"/Engine/EngineMaterials/Substrate/Glints2/dict_0004_0175" 8450
"/Engine/EngineMaterials/Substrate/Glints2/dict_0004_0176" 8451
"/Engine/EngineMaterials/Substrate/Glints2/dict_0004_0177" 8452
"/Engine/EngineMaterials/Substrate/Glints2/dict_0004_0178" 8453
"/Engine/EngineMaterials/Substrate/Glints2/dict_0004_0179" 8454
"/Engine/EngineMaterials/Substrate/Glints2/dict_0004_0180" 8455
"/Engine/EngineMaterials/Substrate/Glints2/dict_0004_0181" 8456
"/Engine/EngineMaterials/Substrate/Glints2/dict_0004_0182" 8457
"/Engine/EngineMaterials/Substrate/Glints2/dict_0004_0183" 8458
"/Engine/EngineMaterials/Substrate/Glints2/dict_0004_0184" 8459
"/Engine/EngineMaterials/Substrate/Glints2/dict_0004_0185" 8460
"/Engine/EngineMaterials/Substrate/Glints2/dict_0004_0186" 8461
"/Engine/EngineMaterials/Substrate/Glints2/dict_0004_0187" 8462
"/Engine/EngineMaterials/Substrate/Glints2/dict_0004_0188" 8463
"/Engine/EngineMaterials/Substrate/Glints2/dict_0004_0189" 8464
"/Engine/EngineMaterials/Substrate/Glints2/dict_0004_0190" 8465
"/Engine/EngineMaterials/Substrate/Glints2/dict_0004_0191" 8466
"/Engine/EngineMaterials/Substrate/Glints2/dict_0004_0192" 8467
"/Engine/EngineMaterials/Substrate/Glints2/dict_0004_0193" 8468
"/Engine/EngineMaterials/Substrate/Glints2/dict_0004_0194" 8469
"/Engine/EngineMaterials/Substrate/Glints2/dict_0004_0195" 8470
"/Engine/EngineMaterials/Substrate/Glints2/dict_0004_0196" 8471
"/Engine/EngineMaterials/Substrate/Glints2/dict_0004_0197" 8472
"/Engine/EngineMaterials/Substrate/Glints2/dict_0004_0198" 8473
"/Engine/EngineMaterials/Substrate/Glints2/dict_0004_0199" 8474
"/Engine/EngineMaterials/Substrate/Glints2/dict_0004_0200" 8475
"/Engine/EngineMaterials/Substrate/Glints2/dict_0004_0201" 8476
"/Engine/EngineMaterials/Substrate/Glints2/dict_0004_0202" 8477
"../../../Engine/Content/EngineMaterials/Substrate/Glints2/dict_0004_0170.uasset" 8478
"../../../Engine/Content/EngineMaterials/Substrate/Glints2/dict_0004_0168.uasset" 8479
"../../../Engine/Content/EngineMaterials/Substrate/Glints2/dict_0004_0166.uasset" 8480
"../../../Engine/Content/EngineMaterials/Substrate/Glints2/dict_0004_0167.uasset" 8481
"../../../Engine/Content/EngineMaterials/Substrate/Glints2/dict_0004_0169.uasset" 8482
"../../../Engine/Content/EngineMaterials/Substrate/Glints2/dict_0004_0162.uasset" 8483
"../../../Engine/Content/EngineMaterials/Substrate/Glints2/dict_0004_0163.uasset" 8484
"../../../Engine/Content/EngineMaterials/Substrate/Glints2/dict_0004_0160.uasset" 8485
"../../../Engine/Content/EngineMaterials/Substrate/Glints2/dict_0004_0161.uasset" 8486
"../../../Engine/Content/EngineMaterials/Substrate/Glints2/dict_0004_0158.uasset" 8487
"../../../Engine/Content/EngineMaterials/Substrate/Glints2/dict_0004_0159.uasset" 8488
"../../../Engine/Content/EngineMaterials/Substrate/Glints2/dict_0004_0165.uasset" 8489
"../../../Engine/Content/EngineMaterials/Substrate/Glints2/dict_0004_0164.uasset" 8490
"../../../Engine/Content/EngineMaterials/Substrate/Glints2/dict_0004_0157.uasset" 8491
"../../../Engine/Content/EngineMaterials/Substrate/Glints2/dict_0004_0156.uasset" 8492
"../../../Engine/Content/EngineMaterials/Substrate/Glints2/dict_0004_0155.uasset" 8493
"../../../Engine/Content/EngineMaterials/Substrate/Glints2/dict_0004_0154.uasset" 8494
"../../../Engine/Content/EngineMaterials/Substrate/Glints2/dict_0004_0153.uasset" 8495
"../../../Engine/Content/EngineMaterials/Substrate/Glints2/dict_0004_0152.uasset" 8496
"../../../Engine/Content/EngineMaterials/Substrate/Glints2/dict_0004_0151.uasset" 8497
"../../../Engine/Content/EngineMaterials/Substrate/Glints2/dict_0004_0150.uasset" 8498
"../../../Engine/Content/EngineMaterials/Substrate/Glints2/dict_0004_0149.uasset" 8499
"../../../Engine/Content/EngineMaterials/Substrate/Glints2/dict_0004_0148.uasset" 8500
"../../../Engine/Content/EngineMaterials/Substrate/Glints2/dict_0004_0147.uasset" 8501
"../../../Engine/Content/EngineMaterials/Substrate/Glints2/dict_0004_0146.uasset" 8502
"../../../Engine/Content/EngineMaterials/Substrate/Glints2/dict_0004_0144.uasset" 8503
"../../../Engine/Content/EngineMaterials/Substrate/Glints2/dict_0004_0143.uasset" 8504
"../../../Engine/Content/EngineMaterials/Substrate/Glints2/dict_0004_0145.uasset" 8505
"../../../Engine/Content/EngineMaterials/Substrate/Glints2/dict_0004_0142.uasset" 8506
"../../../Engine/Content/EngineMaterials/Substrate/Glints2/dict_0004_0141.uasset" 8507
"../../../Engine/Content/EngineMaterials/Substrate/Glints2/dict_0004_0140.uasset" 8508
"../../../Engine/Content/EngineMaterials/Substrate/Glints2/dict_0004_0139.uasset" 8509
"/Engine/EngineMaterials/Substrate/Glints2/dict_0004_0143" 8510
"/Engine/EngineMaterials/Substrate/Glints2/dict_0004_0144" 8511
"/Engine/EngineMaterials/Substrate/Glints2/dict_0004_0145" 8512
"/Engine/EngineMaterials/Substrate/Glints2/dict_0004_0146" 8513
"/Engine/EngineMaterials/Substrate/Glints2/dict_0004_0147" 8514
"/Engine/EngineMaterials/Substrate/Glints2/dict_0004_0148" 8515
"/Engine/EngineMaterials/Substrate/Glints2/dict_0004_0149" 8516
"/Engine/EngineMaterials/Substrate/Glints2/dict_0004_0150" 8517
"/Engine/EngineMaterials/Substrate/Glints2/dict_0004_0151" 8518
"/Engine/EngineMaterials/Substrate/Glints2/dict_0004_0152" 8519
"/Engine/EngineMaterials/Substrate/Glints2/dict_0004_0153" 8520
"/Engine/EngineMaterials/Substrate/Glints2/dict_0004_0154" 8521
"/Engine/EngineMaterials/Substrate/Glints2/dict_0004_0155" 8522
"/Engine/EngineMaterials/Substrate/Glints2/dict_0004_0156" 8523
"/Engine/EngineMaterials/Substrate/Glints2/dict_0004_0157" 8524
"/Engine/EngineMaterials/Substrate/Glints2/dict_0004_0158" 8525
"/Engine/EngineMaterials/Substrate/Glints2/dict_0004_0159" 8526
"/Engine/EngineMaterials/Substrate/Glints2/dict_0004_0160" 8527
"/Engine/EngineMaterials/Substrate/Glints2/dict_0004_0161" 8528
"/Engine/EngineMaterials/Substrate/Glints2/dict_0004_0162" 8529
"/Engine/EngineMaterials/Substrate/Glints2/dict_0004_0163" 8530
"/Engine/EngineMaterials/Substrate/Glints2/dict_0004_0164" 8531
"/Engine/EngineMaterials/Substrate/Glints2/dict_0004_0165" 8532
"/Engine/EngineMaterials/Substrate/Glints2/dict_0004_0166" 8533
"/Engine/EngineMaterials/Substrate/Glints2/dict_0004_0167" 8534
"/Engine/EngineMaterials/Substrate/Glints2/dict_0004_0168" 8535
"/Engine/EngineMaterials/Substrate/Glints2/dict_0004_0169" 8536
"/Engine/EngineMaterials/Substrate/Glints2/dict_0004_0170" 8537
"../../../Engine/Content/EngineMaterials/Substrate/Glints2/dict_0004_0135.uasset" 8538
"../../../Engine/Content/EngineMaterials/Substrate/Glints2/dict_0004_0134.uasset" 8539
"../../../Engine/Content/EngineMaterials/Substrate/Glints2/dict_0004_0137.uasset" 8540
"../../../Engine/Content/EngineMaterials/Substrate/Glints2/dict_0004_0138.uasset" 8541
"/Engine/EngineMaterials/Substrate/Glints2/dict_0004_0139" 8542
"/Engine/EngineMaterials/Substrate/Glints2/dict_0004_0140" 8543
"../../../Engine/Content/EngineMaterials/Substrate/Glints2/dict_0004_0132.uasset" 8544
"../../../Engine/Content/EngineMaterials/Substrate/Glints2/dict_0004_0136.uasset" 8545
"../../../Engine/Content/EngineMaterials/Substrate/Glints2/dict_0004_0133.uasset" 8546
"../../../Engine/Content/EngineMaterials/Substrate/Glints2/dict_0004_0131.uasset" 8547
"../../../Engine/Content/EngineMaterials/Substrate/Glints2/dict_0004_0129.uasset" 8548
"../../../Engine/Content/EngineMaterials/Substrate/Glints2/dict_0004_0130.uasset" 8549
"../../../Engine/Content/EngineMaterials/Substrate/Glints2/dict_0004_0127.uasset" 8550
"../../../Engine/Content/EngineMaterials/Substrate/Glints2/dict_0004_0128.uasset" 8551
"/Engine/EngineMaterials/Substrate/Glints2/dict_0004_0141" 8552
"../../../Engine/Content/EngineMaterials/Substrate/Glints2/dict_0004_0126.uasset" 8553
"../../../Engine/Content/EngineMaterials/Substrate/Glints2/dict_0004_0124.uasset" 8554
"../../../Engine/Content/EngineMaterials/Substrate/Glints2/dict_0004_0123.uasset" 8555
"/Engine/EngineMaterials/Substrate/Glints2/dict_0004_0142" 8556
"../../../Engine/Content/EngineMaterials/Substrate/Glints2/dict_0004_0125.uasset" 8557
"../../../Engine/Content/EngineMaterials/Substrate/Glints2/dict_0004_0122.uasset" 8558
"../../../Engine/Content/EngineMaterials/Substrate/Glints2/dict_0004_0121.uasset" 8559
"/Engine/EngineMaterials/Substrate/Glints2/dict_0004_0134" 8560
"../../../Engine/Content/EngineMaterials/Substrate/Glints2/dict_0004_0120.uasset" 8561
"../../../Engine/Content/EngineMaterials/Substrate/Glints2/dict_0004_0119.uasset" 8562
"../../../Engine/Content/EngineMaterials/Substrate/Glints2/dict_0004_0118.uasset" 8563
"/Engine/EngineMaterials/Substrate/Glints2/dict_0004_0135" 8564
"/Engine/EngineMaterials/Substrate/Glints2/dict_0004_0137" 8565
"/Engine/EngineMaterials/Substrate/Glints2/dict_0004_0138" 8566
"/Engine/EngineMaterials/Substrate/Glints2/dict_0004_0123" 8567
"/Engine/EngineMaterials/Substrate/Glints2/dict_0004_0124" 8568
"/Engine/EngineMaterials/Substrate/Glints2/dict_0004_0125" 8569
"../../../Engine/Content/EngineMaterials/Substrate/Glints2/dict_0004_0117.uasset" 8570
"../../../Engine/Content/EngineMaterials/Substrate/Glints2/dict_0004_0104.uasset" 8571
"../../../Engine/Content/EngineMaterials/Substrate/Glints2/dict_0004_0116.uasset" 8572
"/Engine/EngineMaterials/Substrate/Glints2/dict_0004_0126" 8573
"../../../Engine/Content/EngineMaterials/Substrate/Glints2/dict_0004_0115.uasset" 8574
"../../../Engine/Content/EngineMaterials/Substrate/Glints2/dict_0004_0114.uasset" 8575
"../../../Engine/Content/EngineMaterials/Substrate/Glints2/dict_0004_0113.uasset" 8576
"../../../Engine/Content/EngineMaterials/Substrate/Glints2/dict_0004_0112.uasset" 8577
"/Engine/EngineMaterials/Substrate/Glints2/dict_0004_0127" 8578
"../../../Engine/Content/EngineMaterials/Substrate/Glints2/dict_0004_0110.uasset" 8579
"../../../Engine/Content/EngineMaterials/Substrate/Glints2/dict_0004_0109.uasset" 8580
"../../../Engine/Content/EngineMaterials/Substrate/Glints2/dict_0004_0108.uasset" 8581
"../../../Engine/Content/EngineMaterials/Substrate/Glints2/dict_0004_0111.uasset" 8582
"../../../Engine/Content/EngineMaterials/Substrate/Glints2/dict_0004_0107.uasset" 8583
"../../../Engine/Content/EngineMaterials/Substrate/Glints2/dict_0004_0105.uasset" 8584
"/Engine/EngineMaterials/Substrate/Glints2/dict_0004_0128" 8585
"../../../Engine/Content/EngineMaterials/Substrate/Glints2/dict_0004_0106.uasset" 8586
"../../../Engine/Content/EngineMaterials/Substrate/Glints2/dict_0004_0103.uasset" 8587
"/Engine/EngineMaterials/Substrate/Glints2/dict_0004_0129" 8588
"/Engine/EngineMaterials/Substrate/Glints2/dict_0004_0130" 8589
"/Engine/EngineMaterials/Substrate/Glints2/dict_0004_0131" 8590
"/Engine/EngineMaterials/Substrate/Glints2/dict_0004_0132" 8591
"/Engine/EngineMaterials/Substrate/Glints2/dict_0004_0133" 8592
"/Engine/EngineMaterials/Substrate/Glints2/dict_0004_0136" 8593
"../../../Engine/Content/EngineMaterials/Substrate/Glints2/dict_0004_0102.uasset" 8594
"/Engine/EngineMaterials/Substrate/Glints2/dict_0004_0107" 8595
"../../../Engine/Content/EngineMaterials/Substrate/Glints2/dict_0004_0095.uasset" 8596
"../../../Engine/Content/EngineMaterials/Substrate/Glints2/dict_0004_0096.uasset" 8597
"../../../Engine/Content/EngineMaterials/Substrate/Glints2/dict_0004_0098.uasset" 8598
"../../../Engine/Content/EngineMaterials/Substrate/Glints2/dict_0004_0100.uasset" 8599
"../../../Engine/Content/EngineMaterials/Substrate/Glints2/dict_0004_0093.uasset" 8600
"../../../Engine/Content/EngineMaterials/Substrate/Glints2/dict_0004_0092.uasset" 8601
"/Engine/EngineMaterials/Substrate/Glints2/dict_0004_0108" 8602
"../../../Engine/Content/EngineMaterials/Substrate/Glints2/dict_0004_0094.uasset" 8603
"../../../Engine/Content/EngineMaterials/Substrate/Glints2/dict_0004_0091.uasset" 8604
"../../../Engine/Content/EngineMaterials/Substrate/Glints2/dict_0004_0099.uasset" 8605
"../../../Engine/Content/EngineMaterials/Substrate/Glints2/dict_0004_0097.uasset" 8606
"../../../Engine/Content/EngineMaterials/Substrate/Glints2/dict_0004_0101.uasset" 8607
"/Engine/EngineMaterials/Substrate/Glints2/dict_0004_0109" 8608
"/Engine/EngineMaterials/Substrate/Glints2/dict_0004_0110" 8609
"/Engine/EngineMaterials/Substrate/Glints2/dict_0004_0111" 8610
"/Engine/EngineMaterials/Substrate/Glints2/dict_0004_0112" 8611
"/Engine/EngineMaterials/Substrate/Glints2/dict_0004_0113" 8612
"/Engine/EngineMaterials/Substrate/Glints2/dict_0004_0114" 8613
"/Engine/EngineMaterials/Substrate/Glints2/dict_0004_0115" 8614
"/Engine/EngineMaterials/Substrate/Glints2/dict_0004_0116" 8615
"/Engine/EngineMaterials/Substrate/Glints2/dict_0004_0117" 8616
"/Engine/EngineMaterials/Substrate/Glints2/dict_0004_0118" 8617
"/Engine/EngineMaterials/Substrate/Glints2/dict_0004_0119" 8618
"/Engine/EngineMaterials/Substrate/Glints2/dict_0004_0120" 8619
"/Engine/EngineMaterials/Substrate/Glints2/dict_0004_0121" 8620
"/Engine/EngineMaterials/Substrate/Glints2/dict_0004_0122" 8621
"/Engine/EngineMaterials/Substrate/Glints2/dict_0004_0103" 8622
"/Engine/EngineMaterials/Substrate/Glints2/dict_0004_0104" 8623
"/Engine/EngineMaterials/Substrate/Glints2/dict_0004_0105" 8624
"/Engine/EngineMaterials/Substrate/Glints2/dict_0004_0106" 8625
"../../../Engine/Content/EngineMaterials/Substrate/Glints2/dict_0004_0087.uasset" 8626
"../../../Engine/Content/EngineMaterials/Substrate/Glints2/dict_0004_0088.uasset" 8627
"../../../Engine/Content/EngineMaterials/Substrate/Glints2/dict_0004_0089.uasset" 8628
"../../../Engine/Content/EngineMaterials/Substrate/Glints2/dict_0004_0086.uasset" 8629
"../../../Engine/Content/EngineMaterials/Substrate/Glints2/dict_0004_0090.uasset" 8630
"/Engine/EngineMaterials/Substrate/Glints2/dict_0004_0091" 8631
"/Engine/EngineMaterials/Substrate/Glints2/dict_0004_0092" 8632
"/Engine/EngineMaterials/Substrate/Glints2/dict_0004_0093" 8633
"C:/Users/meliss/AppData/Local/Temp/UnrealShaderWorkingDir/9CC9EE084FBF4362CACCF186E0FD62D6/10/WorkerOutputOnly.out" 8634
"/Engine/EngineMaterials/Substrate/Glints2/dict_0004_0094" 8635
"/Engine/EngineMaterials/Substrate/Glints2/dict_0004_0095" 8636
"/Engine/EngineMaterials/Substrate/Glints2/dict_0004_0096" 8637
"/Engine/EngineMaterials/Substrate/Glints2/dict_0004_0097" 8638
"/Engine/EngineMaterials/Substrate/Glints2/dict_0004_0098" 8639
"/Engine/EngineMaterials/Substrate/Glints2/dict_0004_0099" 8640
"/Engine/EngineMaterials/Substrate/Glints2/dict_0004_0100" 8641
"/Engine/EngineMaterials/Substrate/Glints2/dict_0004_0101" 8642
"/Engine/EngineMaterials/Substrate/Glints2/dict_0004_0102" 8643
"../../../Engine/Content/EngineMaterials/Substrate/Glints2/dict_0004_0084.uasset" 8644
"../../../Engine/Content/EngineMaterials/Substrate/Glints2/dict_0004_0085.uasset" 8645
"../../../Engine/Content/EngineMaterials/Substrate/Glints2/dict_0004_0083.uasset" 8646
"../../../Engine/Content/EngineMaterials/Substrate/Glints2/dict_0004_0082.uasset" 8647
"../../../Engine/Content/EngineMaterials/Substrate/Glints2/dict_0004_0080.uasset" 8648
"../../../Engine/Content/EngineMaterials/Substrate/Glints2/dict_0004_0081.uasset" 8649
"../../../Engine/Content/EngineMaterials/Substrate/Glints2/dict_0004_0079.uasset" 8650
"../../../Engine/Content/EngineMaterials/Substrate/Glints2/dict_0004_0078.uasset" 8651
"../../../Engine/Content/EngineMaterials/Substrate/Glints2/dict_0004_0077.uasset" 8652
"../../../Engine/Content/EngineMaterials/Substrate/Glints2/dict_0004_0076.uasset" 8653
"../../../Engine/Content/EngineMaterials/Substrate/Glints2/dict_0004_0075.uasset" 8654
"../../../Engine/Content/EngineMaterials/Substrate/Glints2/dict_0004_0074.uasset" 8655
"../../../Engine/Content/EngineMaterials/Substrate/Glints2/dict_0004_0073.uasset" 8656
"../../../Engine/Content/EngineMaterials/Substrate/Glints2/dict_0004_0072.uasset" 8657
"../../../Engine/Content/EngineMaterials/Substrate/Glints2/dict_0004_0071.uasset" 8658
"../../../Engine/Content/EngineMaterials/Substrate/Glints2/dict_0004_0070.uasset" 8659
"/Engine/EngineMaterials/Substrate/Glints2/dict_0004_0080" 8660
"/Engine/EngineMaterials/Substrate/Glints2/dict_0004_0082" 8661
"/Engine/EngineMaterials/Substrate/Glints2/dict_0004_0083" 8662
"../../../Engine/Content/EngineMaterials/Substrate/Glints2/dict_0004_0069.uasset" 8663
"../../../Engine/Content/EngineMaterials/Substrate/Glints2/dict_0004_0067.uasset" 8664
"../../../Engine/Content/EngineMaterials/Substrate/Glints2/dict_0004_0064.uasset" 8665
"../../../Engine/Content/EngineMaterials/Substrate/Glints2/dict_0004_0063.uasset" 8666
"../../../Engine/Content/EngineMaterials/Substrate/Glints2/dict_0004_0062.uasset" 8667
"../../../Engine/Content/EngineMaterials/Substrate/Glints2/dict_0004_0060.uasset" 8668
"../../../Engine/Content/EngineMaterials/Substrate/Glints2/dict_0004_0061.uasset" 8669
"/Engine/EngineMaterials/Substrate/Glints2/dict_0004_0084" 8670
"../../../Engine/Content/EngineMaterials/Substrate/Glints2/dict_0004_0059.uasset" 8671
"../../../Engine/Content/EngineMaterials/Substrate/Glints2/dict_0004_0068.uasset" 8672
"../../../Engine/Content/EngineMaterials/Substrate/Glints2/dict_0004_0066.uasset" 8673
"../../../Engine/Content/EngineMaterials/Substrate/Glints2/dict_0004_0065.uasset" 8674
"/Engine/EngineMaterials/Substrate/Glints2/dict_0004_0085" 8675
"/Engine/EngineMaterials/Substrate/Glints2/dict_0004_0086" 8676
"/Engine/EngineMaterials/Substrate/Glints2/dict_0004_0087" 8677
"/Engine/EngineMaterials/Substrate/Glints2/dict_0004_0088" 8678
"/Engine/EngineMaterials/Substrate/Glints2/dict_0004_0089" 8679
"/Engine/EngineMaterials/Substrate/Glints2/dict_0004_0090" 8680
"/Engine/EngineMaterials/Substrate/Glints2/dict_0004_0071" 8681
"../../../Engine/Content/EngineMaterials/Substrate/Glints2/dict_0004_0057.uasset" 8682
"../../../Engine/Content/EngineMaterials/Substrate/Glints2/dict_0004_0058.uasset" 8683
"../../../Engine/Content/EngineMaterials/Substrate/Glints2/dict_0004_0054.uasset" 8684
"../../../Engine/Content/EngineMaterials/Substrate/Glints2/dict_0004_0056.uasset" 8685
"../../../Engine/Content/EngineMaterials/Substrate/Glints2/dict_0004_0055.uasset" 8686
"/Engine/EngineMaterials/Substrate/Glints2/dict_0004_0072" 8687
"../../../Engine/Content/EngineMaterials/Substrate/Glints2/dict_0004_0052.uasset" 8688
"../../../Engine/Content/EngineMaterials/Substrate/Glints2/dict_0004_0053.uasset" 8689
"../../../Engine/Content/EngineMaterials/Substrate/Glints2/dict_0004_0051.uasset" 8690
"../../../Engine/Content/EngineMaterials/Substrate/Glints2/dict_0004_0050.uasset" 8691
"../../../Engine/Content/EngineMaterials/Substrate/Glints2/dict_0004_0049.uasset" 8692
"/Engine/EngineMaterials/Substrate/Glints2/dict_0004_0073" 8693
"/Engine/EngineMaterials/Substrate/Glints2/dict_0004_0074" 8694
"/Engine/EngineMaterials/Substrate/Glints2/dict_0004_0075" 8695
"/Engine/EngineMaterials/Substrate/Glints2/dict_0004_0076" 8696
"/Engine/EngineMaterials/Substrate/Glints2/dict_0004_0077" 8697
"/Engine/EngineMaterials/Substrate/Glints2/dict_0004_0078" 8698
"/Engine/EngineMaterials/Substrate/Glints2/dict_0004_0079" 8699
"/Engine/EngineMaterials/Substrate/Glints2/dict_0004_0081" 8700
"/Engine/EngineMaterials/Substrate/Glints2/dict_0004_0059" 8701
"/Engine/EngineMaterials/Substrate/Glints2/dict_0004_0060" 8702
"/Engine/EngineMaterials/Substrate/Glints2/dict_0004_0061" 8703
"/Engine/EngineMaterials/Substrate/Glints2/dict_0004_0062" 8704
"/Engine/EngineMaterials/Substrate/Glints2/dict_0004_0063" 8705
"/Engine/EngineMaterials/Substrate/Glints2/dict_0004_0064" 8706
"/Engine/EngineMaterials/Substrate/Glints2/dict_0004_0065" 8707
"/Engine/EngineMaterials/Substrate/Glints2/dict_0004_0066" 8708
"/Engine/EngineMaterials/Substrate/Glints2/dict_0004_0067" 8709
"/Engine/EngineMaterials/Substrate/Glints2/dict_0004_0068" 8710
"/Engine/EngineMaterials/Substrate/Glints2/dict_0004_0069" 8711
"/Engine/EngineMaterials/Substrate/Glints2/dict_0004_0070" 8712
"../../../Engine/Content/EngineMaterials/Substrate/Glints2/dict_0004_0046.uasset" 8713
"../../../Engine/Content/EngineMaterials/Substrate/Glints2/dict_0004_0043.uasset" 8714
"../../../Engine/Content/EngineMaterials/Substrate/Glints2/dict_0004_0048.uasset" 8715
"../../../Engine/Content/EngineMaterials/Substrate/Glints2/dict_0004_0039.uasset" 8716
"/Engine/EngineMaterials/Substrate/Glints2/dict_0004_0049" 8717
"../../../Engine/Content/EngineMaterials/Substrate/Glints2/dict_0004_0042.uasset" 8718
"../../../Engine/Content/EngineMaterials/Substrate/Glints2/dict_0004_0044.uasset" 8719
"../../../Engine/Content/EngineMaterials/Substrate/Glints2/dict_0004_0040.uasset" 8720
"../../../Engine/Content/EngineMaterials/Substrate/Glints2/dict_0004_0041.uasset" 8721
"../../../Engine/Content/EngineMaterials/Substrate/Glints2/dict_0004_0045.uasset" 8722
"/Engine/EngineMaterials/Substrate/Glints2/dict_0004_0050" 8723
"/Engine/EngineMaterials/Substrate/Glints2/dict_0004_0051" 8724
"/Engine/EngineMaterials/Substrate/Glints2/dict_0004_0052" 8725
"/Engine/EngineMaterials/Substrate/Glints2/dict_0004_0053" 8726
"/Engine/EngineMaterials/Substrate/Glints2/dict_0004_0054" 8727
"/Engine/EngineMaterials/Substrate/Glints2/dict_0004_0055" 8728
"/Engine/EngineMaterials/Substrate/Glints2/dict_0004_0056" 8729
"../../../Engine/Content/EngineMaterials/Substrate/Glints2/dict_0004_0037.uasset" 8730
"/Engine/EngineMaterials/Substrate/Glints2/dict_0004_0057" 8731
"../../../Engine/Content/EngineMaterials/Substrate/Glints2/dict_0004_0038.uasset" 8732
"/Engine/EngineMaterials/Substrate/Glints2/dict_0004_0058" 8733
"../../../Engine/Content/EngineMaterials/Substrate/Glints2/dict_0004_0047.uasset" 8734
"../../../Engine/Content/EngineMaterials/Substrate/Glints2/dict_0004_0035.uasset" 8735
"../../../Engine/Content/EngineMaterials/Substrate/Glints2/dict_0004_0036.uasset" 8736
"../../../Engine/Content/EngineMaterials/Substrate/Glints2/dict_0004_0034.uasset" 8737
"../../../Engine/Content/EngineMaterials/Substrate/Glints2/dict_0004_0033.uasset" 8738
"../../../Engine/Content/EngineMaterials/Substrate/Glints2/dict_0004_0032.uasset" 8739
"../../../Engine/Content/EngineMaterials/Substrate/Glints2/dict_0004_0030.uasset" 8740
"../../../Engine/Content/EngineMaterials/Substrate/Glints2/dict_0004_0031.uasset" 8741
"../../../Engine/Content/EngineMaterials/Substrate/Glints2/dict_0004_0029.uasset" 8742
"../../../Engine/Content/EngineMaterials/Substrate/Glints2/dict_0004_0028.uasset" 8743
"/Engine/EngineMaterials/Substrate/Glints2/dict_0004_0039" 8744
"../../../Engine/Content/EngineMaterials/Substrate/Glints2/dict_0004_0027.uasset" 8745
"../../../Engine/Content/EngineMaterials/Substrate/Glints2/dict_0004_0026.uasset" 8746
"../../../Engine/Content/EngineMaterials/Substrate/Glints2/dict_0004_0025.uasset" 8747
"/Engine/EngineMaterials/Substrate/Glints2/dict_0004_0040" 8748
"/Engine/EngineMaterials/Substrate/Glints2/dict_0004_0041" 8749
"../../../Engine/Content/EngineMaterials/Substrate/Glints2/dict_0004_0022.uasset" 8750
"../../../Engine/Content/EngineMaterials/Substrate/Glints2/dict_0004_0023.uasset" 8751
"/Engine/EngineMaterials/Substrate/Glints2/dict_0004_0042" 8752
"/Engine/EngineMaterials/Substrate/Glints2/dict_0004_0043" 8753
"../../../Engine/Content/EngineMaterials/Substrate/Glints2/dict_0004_0024.uasset" 8754
"/Engine/EngineMaterials/Substrate/Glints2/dict_0004_0044" 8755
"../../../Engine/Content/EngineMaterials/Substrate/Glints2/dict_0004_0021.uasset" 8756
"/Engine/EngineMaterials/Substrate/Glints2/dict_0004_0045" 8757
"../../../Engine/Content/EngineMaterials/Substrate/Glints2/dict_0004_0020.uasset" 8758
"/Engine/EngineMaterials/Substrate/Glints2/dict_0004_0046" 8759
"../../../Engine/Content/EngineMaterials/Substrate/Glints2/dict_0004_0019.uasset" 8760
"../../../Engine/Content/EngineMaterials/Substrate/Glints2/dict_0004_0018.uasset" 8761
"/Engine/EngineMaterials/Substrate/Glints2/dict_0004_0048" 8762
"../../../Engine/Content/EngineMaterials/Substrate/Glints2/dict_0004_0017.uasset" 8763
"../../../Engine/Content/EngineMaterials/Substrate/Glints2/dict_0004_0015.uasset" 8764
"../../../Engine/Content/EngineMaterials/Substrate/Glints2/dict_0004_0014.uasset" 8765
"../../../Engine/Content/EngineMaterials/Substrate/Glints2/dict_0004_0010.uasset" 8766
"../../../Engine/Content/EngineMaterials/Substrate/Glints2/dict_0004_0011.uasset" 8767
"../../../Engine/Content/EngineMaterials/Substrate/Glints2/dict_0004_0016.uasset" 8768
"../../../Engine/Content/EngineMaterials/Substrate/Glints2/dict_0004_0009.uasset" 8769
"/Engine/EngineMaterials/Substrate/Glints2/dict_0004_0027" 8770
"../../../Engine/Content/EngineMaterials/Substrate/Glints2/dict_0004_0008.uasset" 8771
"../../../Engine/Content/EngineMaterials/Substrate/Glints2/dict_0004_0013.uasset" 8772
"../../../Engine/Content/EngineMaterials/Substrate/Glints2/dict_0004_0012.uasset" 8773
"/Engine/EngineMaterials/Substrate/Glints2/dict_0004_0028" 8774
"/Engine/EngineMaterials/Substrate/Glints2/dict_0004_0029" 8775
"/Engine/EngineMaterials/Substrate/Glints2/dict_0004_0030" 8776
"/Engine/EngineMaterials/Substrate/Glints2/dict_0004_0031" 8777
"/Engine/EngineMaterials/Substrate/Glints2/dict_0004_0032" 8778
"/Engine/EngineMaterials/Substrate/Glints2/dict_0004_0033" 8779
"/Engine/EngineMaterials/Substrate/Glints2/dict_0004_0034" 8780
"/Engine/EngineMaterials/Substrate/Glints2/dict_0004_0035" 8781
"/Engine/EngineMaterials/Substrate/Glints2/dict_0004_0036" 8782
"/Engine/EngineMaterials/Substrate/Glints2/dict_0004_0021" 8783
"/Engine/EngineMaterials/Substrate/Glints2/dict_0004_0022" 8784
"/Engine/EngineMaterials/Substrate/Glints2/dict_0004_0037" 8785
"/Engine/EngineMaterials/Substrate/Glints2/dict_0004_0038" 8786
"/Engine/EngineMaterials/Substrate/Glints2/dict_0004_0047" 8787
"/Engine/EngineMaterials/Substrate/Glints2/dict_0004_0023" 8788
"/Engine/EngineMaterials/Substrate/Glints2/dict_0004_0024" 8789
"/Engine/EngineMaterials/Substrate/Glints2/dict_0004_0025" 8790
"/Engine/EngineMaterials/Substrate/Glints2/dict_0004_0026" 8791
"../../../Engine/Content/EngineMaterials/Substrate/Glints2/dict_0004_0006.uasset" 8792
"../../../Engine/Content/EngineMaterials/Substrate/Glints2/dict_0004_0007.uasset" 8793
"/Engine/EngineMaterials/Substrate/Glints2/dict_0004_0017" 8794
"/Engine/EngineMaterials/Substrate/Glints2/dict_0004_0018" 8795
"/Engine/EngineMaterials/Substrate/Glints2/dict_0004_0019" 8796
"/Engine/EngineMaterials/Substrate/Glints2/dict_0004_0020" 8797
"/Engine/EngineMaterials/Substrate/Glints2/dict_0004_0008" 8798
"/Engine/EngineMaterials/Substrate/Glints2/dict_0004_0009" 8799
"/Engine/EngineMaterials/Substrate/Glints2/dict_0004_0010" 8800
"/Engine/EngineMaterials/Substrate/Glints2/dict_0004_0011" 8801
"/Engine/EngineMaterials/Substrate/Glints2/dict_0004_0012" 8802
"/Engine/EngineMaterials/Substrate/Glints2/dict_0004_0013" 8803
"/Engine/EngineMaterials/Substrate/Glints2/dict_0004_0014" 8804
"/Engine/EngineMaterials/Substrate/Glints2/dict_0004_0015" 8805
"/Engine/EngineMaterials/Substrate/Glints2/dict_0004_0016" 8806
"../../../Engine/Content/EngineMaterials/Substrate/Glints2/dict_0003_0254.uasset" 8807
"../../../Engine/Content/EngineMaterials/Substrate/Glints2/dict_0004_0002.uasset" 8808
"../../../Engine/Content/EngineMaterials/Substrate/Glints2/dict_0003_0252.uasset" 8809
"../../../Engine/Content/EngineMaterials/Substrate/Glints2/dict_0004_0000.uasset" 8810
"../../../Engine/Content/EngineMaterials/Substrate/Glints2/dict_0003_0255.uasset" 8811
"../../../Engine/Content/EngineMaterials/Substrate/Glints2/dict_0003_0253.uasset" 8812
"../../../Engine/Content/EngineMaterials/Substrate/Glints2/dict_0004_0005.uasset" 8813
"../../../Engine/Content/EngineMaterials/Substrate/Glints2/dict_0004_0003.uasset" 8814
"../../../Engine/Content/EngineMaterials/Substrate/Glints2/dict_0004_0001.uasset" 8815
"../../../Engine/Content/EngineMaterials/Substrate/Glints2/dict_0003_0251.uasset" 8816
"../../../Engine/Content/EngineMaterials/Substrate/Glints2/dict_0003_0250.uasset" 8817
"../../../Engine/Content/EngineMaterials/Substrate/Glints2/dict_0004_0004.uasset" 8818
"../../../Engine/Content/EngineMaterials/Substrate/Glints2/dict_0003_0249.uasset" 8819
"../../../Engine/Content/EngineMaterials/Substrate/Glints2/dict_0003_0248.uasset" 8820
"../../../Engine/Content/EngineMaterials/Substrate/Glints2/dict_0003_0247.uasset" 8821
"../../../Engine/Content/EngineMaterials/Substrate/Glints2/dict_0003_0246.uasset" 8822
"/Engine/EngineMaterials/Substrate/Glints2/dict_0003_0252" 8823
"/Engine/EngineMaterials/Substrate/Glints2/dict_0003_0254" 8824
"/Engine/EngineMaterials/Substrate/Glints2/dict_0004_0002" 8825
"../../../Engine/Content/EngineMaterials/Substrate/Glints2/dict_0003_0245.uasset" 8826
"../../../Engine/Content/EngineMaterials/Substrate/Glints2/dict_0003_0244.uasset" 8827
"/Engine/EngineMaterials/Substrate/Glints2/dict_0004_0003" 8828
"../../../Engine/Content/EngineMaterials/Substrate/Glints2/dict_0003_0232.uasset" 8829
"../../../Engine/Content/EngineMaterials/Substrate/Glints2/dict_0003_0243.uasset" 8830
"../../../Engine/Content/EngineMaterials/Substrate/Glints2/dict_0003_0242.uasset" 8831
"../../../Engine/Content/EngineMaterials/Substrate/Glints2/dict_0003_0241.uasset" 8832
"../../../Engine/Content/EngineMaterials/Substrate/Glints2/dict_0003_0240.uasset" 8833
"../../../Engine/Content/EngineMaterials/Substrate/Glints2/dict_0003_0239.uasset" 8834
"../../../Engine/Content/EngineMaterials/Substrate/Glints2/dict_0003_0238.uasset" 8835
"../../../Engine/Content/EngineMaterials/Substrate/Glints2/dict_0003_0237.uasset" 8836
"/Engine/EngineMaterials/Substrate/Glints2/dict_0004_0005" 8837
"../../../Engine/Content/EngineMaterials/Substrate/Glints2/dict_0003_0236.uasset" 8838
"../../../Engine/Content/EngineMaterials/Substrate/Glints2/dict_0003_0235.uasset" 8839
"../../../Engine/Content/EngineMaterials/Substrate/Glints2/dict_0003_0234.uasset" 8840
"../../../Engine/Content/EngineMaterials/Substrate/Glints2/dict_0003_0233.uasset" 8841
"/Engine/EngineMaterials/Substrate/Glints2/dict_0004_0006" 8842
"/Engine/EngineMaterials/Substrate/Glints2/dict_0004_0007" 8843
"../../../Engine/Content/EngineMaterials/Substrate/Glints2/dict_0003_0231.uasset" 8844
"../../../Engine/Content/EngineMaterials/Substrate/Glints2/dict_0003_0230.uasset" 8845
"/Engine/EngineMaterials/Substrate/Glints2/dict_0003_0245" 8846
"/Engine/EngineMaterials/Substrate/Glints2/dict_0003_0246" 8847
"../../../Engine/Content/EngineMaterials/Substrate/Glints2/dict_0003_0229.uasset" 8848
"../../../Engine/Content/EngineMaterials/Substrate/Glints2/dict_0003_0228.uasset" 8849
"../../../Engine/Content/EngineMaterials/Substrate/Glints2/dict_0003_0227.uasset" 8850
"/Engine/EngineMaterials/Substrate/Glints2/dict_0003_0247" 8851
"../../../Engine/Content/EngineMaterials/Substrate/Glints2/dict_0003_0226.uasset" 8852
"../../../Engine/Content/EngineMaterials/Substrate/Glints2/dict_0003_0225.uasset" 8853
"/Engine/EngineMaterials/Substrate/Glints2/dict_0003_0248" 8854
"/Engine/EngineMaterials/Substrate/Glints2/dict_0003_0249" 8855
"/Engine/EngineMaterials/Substrate/Glints2/dict_0003_0250" 8856
"/Engine/EngineMaterials/Substrate/Glints2/dict_0003_0251" 8857
"/Engine/EngineMaterials/Substrate/Glints2/dict_0003_0253" 8858
"/Engine/EngineMaterials/Substrate/Glints2/dict_0003_0232" 8859
"/Engine/EngineMaterials/Substrate/Glints2/dict_0003_0255" 8860
"/Engine/EngineMaterials/Substrate/Glints2/dict_0004_0000" 8861
"/Engine/EngineMaterials/Substrate/Glints2/dict_0004_0001" 8862
"/Engine/EngineMaterials/Substrate/Glints2/dict_0003_0238" 8863
"/Engine/EngineMaterials/Substrate/Glints2/dict_0003_0239" 8864
"/Engine/EngineMaterials/Substrate/Glints2/dict_0003_0240" 8865
"/Engine/EngineMaterials/Substrate/Glints2/dict_0003_0241" 8866
"/Engine/EngineMaterials/Substrate/Glints2/dict_0003_0242" 8867
"/Engine/EngineMaterials/Substrate/Glints2/dict_0003_0243" 8868
"/Engine/EngineMaterials/Substrate/Glints2/dict_0004_0004" 8869
"/Engine/EngineMaterials/Substrate/Glints2/dict_0003_0244" 8870
"../../../Engine/Content/EngineMaterials/Substrate/Glints2/dict_0003_0218.uasset" 8871
"../../../Engine/Content/EngineMaterials/Substrate/Glints2/dict_0003_0219.uasset" 8872
"../../../Engine/Content/EngineMaterials/Substrate/Glints2/dict_0003_0214.uasset" 8873
"../../../Engine/Content/EngineMaterials/Substrate/Glints2/dict_0003_0221.uasset" 8874
"../../../Engine/Content/EngineMaterials/Substrate/Glints2/dict_0003_0220.uasset" 8875
"../../../Engine/Content/EngineMaterials/Substrate/Glints2/dict_0003_0224.uasset" 8876
"../../../Engine/Content/EngineMaterials/Substrate/Glints2/dict_0003_0217.uasset" 8877
"/Engine/EngineMaterials/Substrate/Glints2/dict_0003_0225" 8878
"../../../Engine/Content/EngineMaterials/Substrate/Glints2/dict_0003_0222.uasset" 8879
"../../../Engine/Content/EngineMaterials/Substrate/Glints2/dict_0003_0223.uasset" 8880
"../../../Engine/Content/EngineMaterials/Substrate/Glints2/dict_0003_0215.uasset" 8881
"../../../Engine/Content/EngineMaterials/Substrate/Glints2/dict_0003_0216.uasset" 8882
"/Engine/EngineMaterials/Substrate/Glints2/dict_0003_0226" 8883
"/Engine/EngineMaterials/Substrate/Glints2/dict_0003_0233" 8884
"/Engine/EngineMaterials/Substrate/Glints2/dict_0003_0234" 8885
"/Engine/EngineMaterials/Substrate/Glints2/dict_0003_0235" 8886
"/Engine/EngineMaterials/Substrate/Glints2/dict_0003_0227" 8887
"/Engine/EngineMaterials/Substrate/Glints2/dict_0003_0236" 8888
"/Engine/EngineMaterials/Substrate/Glints2/dict_0003_0237" 8889
"/Engine/EngineMaterials/Substrate/Glints2/dict_0003_0228" 8890
"/Engine/EngineMaterials/Substrate/Glints2/dict_0003_0229" 8891
"/Engine/EngineMaterials/Substrate/Glints2/dict_0003_0230" 8892
"/Engine/EngineMaterials/Substrate/Glints2/dict_0003_0231" 8893
"../../../Engine/Content/EngineMaterials/Substrate/Glints2/dict_0003_0213.uasset" 8894
"../../../Engine/Content/EngineMaterials/Substrate/Glints2/dict_0003_0210.uasset" 8895
"../../../Engine/Content/EngineMaterials/Substrate/Glints2/dict_0003_0209.uasset" 8896
"../../../Engine/Content/EngineMaterials/Substrate/Glints2/dict_0003_0208.uasset" 8897
"../../../Engine/Content/EngineMaterials/Substrate/Glints2/dict_0003_0207.uasset" 8898
"../../../Engine/Content/EngineMaterials/Substrate/Glints2/dict_0003_0206.uasset" 8899
"../../../Engine/Content/EngineMaterials/Substrate/Glints2/dict_0003_0205.uasset" 8900
"/Engine/EngineMaterials/Substrate/Glints2/dict_0003_0214" 8901
"../../../Engine/Content/EngineMaterials/Substrate/Glints2/dict_0003_0204.uasset" 8902
"../../../Engine/Content/EngineMaterials/Substrate/Glints2/dict_0003_0212.uasset" 8903
"../../../Engine/Content/EngineMaterials/Substrate/Glints2/dict_0003_0211.uasset" 8904
"../../../Engine/Content/EngineMaterials/Substrate/Glints2/dict_0003_0203.uasset" 8905
"../../../Engine/Content/EngineMaterials/Substrate/Glints2/dict_0003_0202.uasset" 8906
"../../../Engine/Content/EngineMaterials/Substrate/Glints2/dict_0003_0201.uasset" 8907
"/Engine/EngineMaterials/Substrate/Glints2/dict_0003_0218" 8908
"../../../Engine/Content/EngineMaterials/Substrate/Glints2/dict_0003_0200.uasset" 8909
"../../../Engine/Content/EngineMaterials/Substrate/Glints2/dict_0003_0199.uasset" 8910
"../../../Engine/Content/EngineMaterials/Substrate/Glints2/dict_0003_0198.uasset" 8911
"/Engine/EngineMaterials/Substrate/Glints2/dict_0003_0219" 8912
"/Engine/EngineMaterials/Substrate/Glints2/dict_0003_0220" 8913
"/Engine/EngineMaterials/Substrate/Glints2/dict_0003_0221" 8914
"/Engine/EngineMaterials/Substrate/Glints2/dict_0003_0224" 8915
"/Engine/EngineMaterials/Substrate/Glints2/dict_0003_0205" 8916
"../../../Engine/Content/EngineMaterials/Substrate/Glints2/dict_0003_0197.uasset" 8917
"../../../Engine/Content/EngineMaterials/Substrate/Glints2/dict_0003_0196.uasset" 8918
"/Engine/EngineMaterials/Substrate/Glints2/dict_0003_0206" 8919
"../../../Engine/Content/EngineMaterials/Substrate/Glints2/dict_0003_0195.uasset" 8920
"../../../Engine/Content/EngineMaterials/Substrate/Glints2/dict_0003_0194.uasset" 8921
"../../../Engine/Content/EngineMaterials/Substrate/Glints2/dict_0003_0193.uasset" 8922
"../../../Engine/Content/EngineMaterials/Substrate/Glints2/dict_0003_0192.uasset" 8923
"../../../Engine/Content/EngineMaterials/Substrate/Glints2/dict_0003_0189.uasset" 8924
"../../../Engine/Content/EngineMaterials/Substrate/Glints2/dict_0003_0190.uasset" 8925
"../../../Engine/Content/EngineMaterials/Substrate/Glints2/dict_0003_0191.uasset" 8926
"../../../Engine/Content/EngineMaterials/Substrate/Glints2/dict_0003_0188.uasset" 8927
"../../../Engine/Content/EngineMaterials/Substrate/Glints2/dict_0003_0187.uasset" 8928
"/Engine/EngineMaterials/Substrate/Glints2/dict_0003_0207" 8929
"/Engine/EngineMaterials/Substrate/Glints2/dict_0003_0208" 8930
"/Engine/EngineMaterials/Substrate/Glints2/dict_0003_0209" 8931
"/Engine/EngineMaterials/Substrate/Glints2/dict_0003_0210" 8932
"/Engine/EngineMaterials/Substrate/Glints2/dict_0003_0211" 8933
"/Engine/EngineMaterials/Substrate/Glints2/dict_0003_0212" 8934
"/Engine/EngineMaterials/Substrate/Glints2/dict_0003_0213" 8935
"/Engine/EngineMaterials/Substrate/Glints2/dict_0003_0215" 8936
"/Engine/EngineMaterials/Substrate/Glints2/dict_0003_0216" 8937
"/Engine/EngineMaterials/Substrate/Glints2/dict_0003_0199" 8938
"/Engine/EngineMaterials/Substrate/Glints2/dict_0003_0200" 8939
"/Engine/EngineMaterials/Substrate/Glints2/dict_0003_0217" 8940
"/Engine/EngineMaterials/Substrate/Glints2/dict_0003_0222" 8941
"/Engine/EngineMaterials/Substrate/Glints2/dict_0003_0201" 8942
"/Engine/EngineMaterials/Substrate/Glints2/dict_0003_0223" 8943
"/Engine/EngineMaterials/Substrate/Glints2/dict_0003_0202" 8944
"/Engine/EngineMaterials/Substrate/Glints2/dict_0003_0203" 8945
"/Engine/EngineMaterials/Substrate/Glints2/dict_0003_0204" 8946
"/Engine/EngineMaterials/Substrate/Glints2/dict_0003_0193" 8947
"../../../Engine/Content/EngineMaterials/Substrate/Glints2/dict_0003_0185.uasset" 8948
"../../../Engine/Content/EngineMaterials/Substrate/Glints2/dict_0003_0182.uasset" 8949
"../../../Engine/Content/EngineMaterials/Substrate/Glints2/dict_0003_0184.uasset" 8950
"../../../Engine/Content/EngineMaterials/Substrate/Glints2/dict_0003_0186.uasset" 8951
"../../../Engine/Content/EngineMaterials/Substrate/Glints2/dict_0003_0183.uasset" 8952
"/Engine/EngineMaterials/Substrate/Glints2/dict_0003_0194" 8953
"/Engine/EngineMaterials/Substrate/Glints2/dict_0003_0195" 8954
"/Engine/EngineMaterials/Substrate/Glints2/dict_0003_0196" 8955
"/Engine/EngineMaterials/Substrate/Glints2/dict_0003_0197" 8956
"/Engine/EngineMaterials/Substrate/Glints2/dict_0003_0187" 8957
"/Engine/EngineMaterials/Substrate/Glints2/dict_0003_0198" 8958
"/Engine/EngineMaterials/Substrate/Glints2/dict_0003_0188" 8959
"/Engine/EngineMaterials/Substrate/Glints2/dict_0003_0189" 8960
"/Engine/EngineMaterials/Substrate/Glints2/dict_0003_0190" 8961
"/Engine/EngineMaterials/Substrate/Glints2/dict_0003_0191" 8962
"/Engine/EngineMaterials/Substrate/Glints2/dict_0003_0192" 8963
"../../../Engine/Content/EngineMaterials/Substrate/Glints2/dict_0003_0181.uasset" 8964
"../../../Engine/Content/EngineMaterials/Substrate/Glints2/dict_0003_0180.uasset" 8965
"../../../Engine/Content/EngineMaterials/Substrate/Glints2/dict_0003_0179.uasset" 8966
"../../../Engine/Content/EngineMaterials/Substrate/Glints2/dict_0003_0176.uasset" 8967
"../../../Engine/Content/EngineMaterials/Substrate/Glints2/dict_0003_0175.uasset" 8968
"../../../Engine/Content/EngineMaterials/Substrate/Glints2/dict_0003_0177.uasset" 8969
"../../../Engine/Content/EngineMaterials/Substrate/Glints2/dict_0003_0178.uasset" 8970
"../../../Engine/Content/EngineMaterials/Substrate/Glints2/dict_0003_0174.uasset" 8971
"../../../Engine/Content/EngineMaterials/Substrate/Glints2/dict_0003_0173.uasset" 8972
"../../../Engine/Content/EngineMaterials/Substrate/Glints2/dict_0003_0172.uasset" 8973
"../../../Engine/Content/EngineMaterials/Substrate/Glints2/dict_0003_0171.uasset" 8974
"../../../Engine/Content/EngineMaterials/Substrate/Glints2/dict_0003_0170.uasset" 8975
"/Engine/EngineMaterials/Substrate/Glints2/dict_0003_0182" 8976
"../../../Engine/Content/EngineMaterials/Substrate/Glints2/dict_0003_0169.uasset" 8977
"../../../Engine/Content/EngineMaterials/Substrate/Glints2/dict_0003_0168.uasset" 8978
"../../../Engine/Content/EngineMaterials/Substrate/Glints2/dict_0003_0167.uasset" 8979
"../../../Engine/Content/EngineMaterials/Substrate/Glints2/dict_0003_0166.uasset" 8980
"/Engine/EngineMaterials/Substrate/Glints2/dict_0003_0184" 8981
"/Engine/EngineMaterials/Substrate/Glints2/dict_0003_0185" 8982
"/Engine/EngineMaterials/Substrate/Glints2/dict_0003_0173" 8983
"/Engine/EngineMaterials/Substrate/Glints2/dict_0003_0174" 8984
"/Engine/EngineMaterials/Substrate/Glints2/dict_0003_0175" 8985
"/Engine/EngineMaterials/Substrate/Glints2/dict_0003_0176" 8986
"../../../Engine/Content/EngineMaterials/Substrate/Glints2/dict_0003_0165.uasset" 8987
"../../../Engine/Content/EngineMaterials/Substrate/Glints2/dict_0003_0164.uasset" 8988
"../../../Engine/Content/EngineMaterials/Substrate/Glints2/dict_0003_0163.uasset" 8989
"../../../Engine/Content/EngineMaterials/Substrate/Glints2/dict_0003_0162.uasset" 8990
"../../../Engine/Content/EngineMaterials/Substrate/Glints2/dict_0003_0161.uasset" 8991
"../../../Engine/Content/EngineMaterials/Substrate/Glints2/dict_0003_0160.uasset" 8992
"/Engine/EngineMaterials/Substrate/Glints2/dict_0003_0177" 8993
"../../../Engine/Content/EngineMaterials/Substrate/Glints2/dict_0003_0158.uasset" 8994
"../../../Engine/Content/EngineMaterials/Substrate/Glints2/dict_0003_0159.uasset" 8995
"../../../Engine/Content/EngineMaterials/Substrate/Glints2/dict_0003_0157.uasset" 8996
"../../../Engine/Content/EngineMaterials/Substrate/Glints2/dict_0003_0156.uasset" 8997
"../../../Engine/Content/EngineMaterials/Substrate/Glints2/dict_0003_0155.uasset" 8998
"../../../Engine/Content/EngineMaterials/Substrate/Glints2/dict_0003_0154.uasset" 8999
"../../../Engine/Content/EngineMaterials/Substrate/Glints2/dict_0003_0153.uasset" 9000
"../../../Engine/Content/EngineMaterials/Substrate/Glints2/dict_0003_0152.uasset" 9001
"/Engine/EngineMaterials/Substrate/Glints2/dict_0003_0178" 9002
"/Engine/EngineMaterials/Substrate/Glints2/dict_0003_0179" 9003
"/Engine/EngineMaterials/Substrate/Glints2/dict_0003_0180" 9004
"/Engine/EngineMaterials/Substrate/Glints2/dict_0003_0181" 9005
"/Engine/EngineMaterials/Substrate/Glints2/dict_0003_0183" 9006
"/Engine/EngineMaterials/Substrate/Glints2/dict_0003_0186" 9007
"../../../Engine/Content/EngineMaterials/Substrate/Glints2/dict_0003_0150.uasset" 9008
"../../../Engine/Content/EngineMaterials/Substrate/Glints2/dict_0003_0151.uasset" 9009
"/Engine/EngineMaterials/Substrate/Glints2/dict_0003_0167" 9010
"../../../Engine/Content/EngineMaterials/Substrate/Glints2/dict_0003_0149.uasset" 9011
"../../../Engine/Content/EngineMaterials/Substrate/Glints2/dict_0003_0146.uasset" 9012
"../../../Engine/Content/EngineMaterials/Substrate/Glints2/dict_0003_0148.uasset" 9013
"/Engine/EngineMaterials/Substrate/Glints2/dict_0003_0168" 9014
"../../../Engine/Content/EngineMaterials/Substrate/Glints2/dict_0003_0145.uasset" 9015
"../../../Engine/Content/EngineMaterials/Substrate/Glints2/dict_0003_0143.uasset" 9016
"../../../Engine/Content/EngineMaterials/Substrate/Glints2/dict_0003_0141.uasset" 9017
"../../../Engine/Content/EngineMaterials/Substrate/Glints2/dict_0003_0144.uasset" 9018
"../../../Engine/Content/EngineMaterials/Substrate/Glints2/dict_0003_0142.uasset" 9019
"../../../Engine/Content/EngineMaterials/Substrate/Glints2/dict_0003_0147.uasset" 9020
"/Engine/EngineMaterials/Substrate/Glints2/dict_0003_0169" 9021
"/Engine/EngineMaterials/Substrate/Glints2/dict_0003_0170" 9022
"/Engine/EngineMaterials/Substrate/Glints2/dict_0003_0171" 9023
"/Engine/EngineMaterials/Substrate/Glints2/dict_0003_0172" 9024
"/Engine/EngineMaterials/Substrate/Glints2/dict_0003_0155" 9025
"/Engine/EngineMaterials/Substrate/Glints2/dict_0003_0156" 9026
"/Engine/EngineMaterials/Substrate/Glints2/dict_0003_0157" 9027
"/Engine/EngineMaterials/Substrate/Glints2/dict_0003_0158" 9028
"/Engine/EngineMaterials/Substrate/Glints2/dict_0003_0159" 9029
"/Engine/EngineMaterials/Substrate/Glints2/dict_0003_0160" 9030
"/Engine/EngineMaterials/Substrate/Glints2/dict_0003_0161" 9031
"/Engine/EngineMaterials/Substrate/Glints2/dict_0003_0162" 9032
"/Engine/EngineMaterials/Substrate/Glints2/dict_0003_0163" 9033
"/Engine/EngineMaterials/Substrate/Glints2/dict_0003_0164" 9034
"/Engine/EngineMaterials/Substrate/Glints2/dict_0003_0165" 9035
"/Engine/EngineMaterials/Substrate/Glints2/dict_0003_0152" 9036
"/Engine/EngineMaterials/Substrate/Glints2/dict_0003_0153" 9037
"/Engine/EngineMaterials/Substrate/Glints2/dict_0003_0166" 9038
"/Engine/EngineMaterials/Substrate/Glints2/dict_0003_0154" 9039
"../../../Engine/Content/EngineMaterials/Substrate/Glints2/dict_0003_0139.uasset" 9040
"../../../Engine/Content/EngineMaterials/Substrate/Glints2/dict_0003_0138.uasset" 9041
"../../../Engine/Content/EngineMaterials/Substrate/Glints2/dict_0003_0140.uasset" 9042
"../../../Engine/Content/EngineMaterials/Substrate/Glints2/dict_0003_0134.uasset" 9043
"../../../Engine/Content/EngineMaterials/Substrate/Glints2/dict_0003_0135.uasset" 9044
"../../../Engine/Content/EngineMaterials/Substrate/Glints2/dict_0003_0137.uasset" 9045
"../../../Engine/Content/EngineMaterials/Substrate/Glints2/dict_0003_0136.uasset" 9046
"/Engine/EngineMaterials/Substrate/Glints2/dict_0003_0141" 9047
"/Engine/EngineMaterials/Substrate/Glints2/dict_0003_0142" 9048
"/Engine/EngineMaterials/Substrate/Glints2/dict_0003_0143" 9049
"/Engine/EngineMaterials/Substrate/Glints2/dict_0003_0144" 9050
"/Engine/EngineMaterials/Substrate/Glints2/dict_0003_0145" 9051
"/Engine/EngineMaterials/Substrate/Glints2/dict_0003_0146" 9052
"/Engine/EngineMaterials/Substrate/Glints2/dict_0003_0147" 9053
"/Engine/EngineMaterials/Substrate/Glints2/dict_0003_0148" 9054
"/Engine/EngineMaterials/Substrate/Glints2/dict_0003_0149" 9055
"/Engine/EngineMaterials/Substrate/Glints2/dict_0003_0150" 9056
"/Engine/EngineMaterials/Substrate/Glints2/dict_0003_0151" 9057
"../../../Engine/Content/EngineMaterials/Substrate/Glints2/dict_0003_0133.uasset" 9058
"../../../Engine/Content/EngineMaterials/Substrate/Glints2/dict_0003_0132.uasset" 9059
"../../../Engine/Content/EngineMaterials/Substrate/Glints2/dict_0003_0131.uasset" 9060
"../../../Engine/Content/EngineMaterials/Substrate/Glints2/dict_0003_0130.uasset" 9061
"../../../Engine/Content/EngineMaterials/Substrate/Glints2/dict_0003_0129.uasset" 9062
"../../../Engine/Content/EngineMaterials/Substrate/Glints2/dict_0003_0128.uasset" 9063
"../../../Engine/Content/EngineMaterials/Substrate/Glints2/dict_0003_0127.uasset" 9064
"../../../Engine/Content/EngineMaterials/Substrate/Glints2/dict_0003_0126.uasset" 9065
"../../../Engine/Content/EngineMaterials/Substrate/Glints2/dict_0003_0125.uasset" 9066
"../../../Engine/Content/EngineMaterials/Substrate/Glints2/dict_0003_0124.uasset" 9067
"../../../Engine/Content/EngineMaterials/Substrate/Glints2/dict_0003_0123.uasset" 9068
"../../../Engine/Content/EngineMaterials/Substrate/Glints2/dict_0003_0122.uasset" 9069
"../../../Engine/Content/EngineMaterials/Substrate/Glints2/dict_0003_0121.uasset" 9070
"../../../Engine/Content/EngineMaterials/Substrate/Glints2/dict_0003_0120.uasset" 9071
"../../../Engine/Content/EngineMaterials/Substrate/Glints2/dict_0003_0119.uasset" 9072
"../../../Engine/Content/EngineMaterials/Substrate/Glints2/dict_0003_0118.uasset" 9073
"../../../Engine/Content/EngineMaterials/Substrate/Glints2/dict_0003_0117.uasset" 9074
"/Engine/EngineMaterials/Substrate/Glints2/dict_0003_0120" 9075
"../../../Engine/Content/EngineMaterials/Substrate/Glints2/dict_0003_0116.uasset" 9076
"../../../Engine/Content/EngineMaterials/Substrate/Glints2/dict_0003_0115.uasset" 9077
"../../../Engine/Content/EngineMaterials/Substrate/Glints2/dict_0003_0114.uasset" 9078
"../../../Engine/Content/EngineMaterials/Substrate/Glints2/dict_0003_0113.uasset" 9079
"../../../Engine/Content/EngineMaterials/Substrate/Glints2/dict_0003_0112.uasset" 9080
"../../../Engine/Content/EngineMaterials/Substrate/Glints2/dict_0003_0111.uasset" 9081
"../../../Engine/Content/EngineMaterials/Substrate/Glints2/dict_0003_0110.uasset" 9082
"../../../Engine/Content/EngineMaterials/Substrate/Glints2/dict_0003_0109.uasset" 9083
"/Engine/EngineMaterials/Substrate/Glints2/dict_0003_0121" 9084
"/Engine/EngineMaterials/Substrate/Glints2/dict_0003_0122" 9085
"/Engine/EngineMaterials/Substrate/Glints2/dict_0003_0123" 9086
"/Engine/EngineMaterials/Substrate/Glints2/dict_0003_0124" 9087
"/Engine/EngineMaterials/Substrate/Glints2/dict_0003_0125" 9088
"/Engine/EngineMaterials/Substrate/Glints2/dict_0003_0126" 9089
"/Engine/EngineMaterials/Substrate/Glints2/dict_0003_0127" 9090
"/Engine/EngineMaterials/Substrate/Glints2/dict_0003_0128" 9091
"/Engine/EngineMaterials/Substrate/Glints2/dict_0003_0129" 9092
"/Engine/EngineMaterials/Substrate/Glints2/dict_0003_0130" 9093
"/Engine/EngineMaterials/Substrate/Glints2/dict_0003_0131" 9094
"/Engine/EngineMaterials/Substrate/Glints2/dict_0003_0132" 9095
"/Engine/EngineMaterials/Substrate/Glints2/dict_0003_0133" 9096
"/Engine/EngineMaterials/Substrate/Glints2/dict_0003_0134" 9097
"/Engine/EngineMaterials/Substrate/Glints2/dict_0003_0135" 9098
"/Engine/EngineMaterials/Substrate/Glints2/dict_0003_0136" 9099
"/Engine/EngineMaterials/Substrate/Glints2/dict_0003_0137" 9100
"/Engine/EngineMaterials/Substrate/Glints2/dict_0003_0118" 9101
"/Engine/EngineMaterials/Substrate/Glints2/dict_0003_0138" 9102
"/Engine/EngineMaterials/Substrate/Glints2/dict_0003_0139" 9103
"/Engine/EngineMaterials/Substrate/Glints2/dict_0003_0140" 9104
"/Engine/EngineMaterials/Substrate/Glints2/dict_0003_0119" 9105
"../../../Engine/Content/EngineMaterials/Substrate/Glints2/dict_0003_0107.uasset" 9106
"../../../Engine/Content/EngineMaterials/Substrate/Glints2/dict_0003_0102.uasset" 9107
"../../../Engine/Content/EngineMaterials/Substrate/Glints2/dict_0003_0105.uasset" 9108
"../../../Engine/Content/EngineMaterials/Substrate/Glints2/dict_0003_0104.uasset" 9109
"/Engine/EngineMaterials/Substrate/Glints2/dict_0003_0109" 9110
"../../../Engine/Content/EngineMaterials/Substrate/Glints2/dict_0003_0103.uasset" 9111
"../../../Engine/Content/EngineMaterials/Substrate/Glints2/dict_0003_0106.uasset" 9112
"../../../Engine/Content/EngineMaterials/Substrate/Glints2/dict_0003_0108.uasset" 9113
"/Engine/EngineMaterials/Substrate/Glints2/dict_0003_0110" 9114
"/Engine/EngineMaterials/Substrate/Glints2/dict_0003_0111" 9115
"/Engine/EngineMaterials/Substrate/Glints2/dict_0003_0112" 9116
"/Engine/EngineMaterials/Substrate/Glints2/dict_0003_0113" 9117
"/Engine/EngineMaterials/Substrate/Glints2/dict_0003_0114" 9118
"/Engine/EngineMaterials/Substrate/Glints2/dict_0003_0115" 9119
"/Engine/EngineMaterials/Substrate/Glints2/dict_0003_0116" 9120
"/Engine/EngineMaterials/Substrate/Glints2/dict_0003_0117" 9121
"../../../Engine/Content/EngineMaterials/Substrate/Glints2/dict_0003_0101.uasset" 9122
"../../../Engine/Content/EngineMaterials/Substrate/Glints2/dict_0003_0100.uasset" 9123
"../../../Engine/Content/EngineMaterials/Substrate/Glints2/dict_0003_0097.uasset" 9124
"../../../Engine/Content/EngineMaterials/Substrate/Glints2/dict_0003_0096.uasset" 9125
"../../../Engine/Content/EngineMaterials/Substrate/Glints2/dict_0003_0099.uasset" 9126
"../../../Engine/Content/EngineMaterials/Substrate/Glints2/dict_0003_0095.uasset" 9127
"../../../Engine/Content/EngineMaterials/Substrate/Glints2/dict_0003_0098.uasset" 9128
"../../../Engine/Content/EngineMaterials/Substrate/Glints2/dict_0003_0094.uasset" 9129
"../../../Engine/Content/EngineMaterials/Substrate/Glints2/dict_0003_0093.uasset" 9130
"../../../Engine/Content/EngineMaterials/Substrate/Glints2/dict_0003_0092.uasset" 9131
"../../../Engine/Content/EngineMaterials/Substrate/Glints2/dict_0003_0091.uasset" 9132
"../../../Engine/Content/EngineMaterials/Substrate/Glints2/dict_0003_0090.uasset" 9133
"../../../Engine/Content/EngineMaterials/Substrate/Glints2/dict_0003_0089.uasset" 9134
"../../../Engine/Content/EngineMaterials/Substrate/Glints2/dict_0003_0088.uasset" 9135
"../../../Engine/Content/EngineMaterials/Substrate/Glints2/dict_0003_0087.uasset" 9136
"../../../Engine/Content/EngineMaterials/Substrate/Glints2/dict_0003_0086.uasset" 9137
"/Engine/EngineMaterials/Substrate/Glints2/dict_0003_0088" 9138
"../../../Engine/Content/EngineMaterials/Substrate/Glints2/dict_0003_0085.uasset" 9139
"../../../Engine/Content/EngineMaterials/Substrate/Glints2/dict_0003_0084.uasset" 9140
"../../../Engine/Content/EngineMaterials/Substrate/Glints2/dict_0003_0083.uasset" 9141
"../../../Engine/Content/EngineMaterials/Substrate/Glints2/dict_0003_0082.uasset" 9142
"../../../Engine/Content/EngineMaterials/Substrate/Glints2/dict_0003_0081.uasset" 9143
"../../../Engine/Content/EngineMaterials/Substrate/Glints2/dict_0003_0080.uasset" 9144
"../../../Engine/Content/EngineMaterials/Substrate/Glints2/dict_0003_0079.uasset" 9145
"../../../Engine/Content/EngineMaterials/Substrate/Glints2/dict_0003_0078.uasset" 9146
"../../../Engine/Content/EngineMaterials/Substrate/Glints2/dict_0003_0077.uasset" 9147
"/Engine/EngineMaterials/Substrate/Glints2/dict_0003_0089" 9148
"/Engine/EngineMaterials/Substrate/Glints2/dict_0003_0090" 9149
"/Engine/EngineMaterials/Substrate/Glints2/dict_0003_0091" 9150
"/Engine/EngineMaterials/Substrate/Glints2/dict_0003_0092" 9151
"/Engine/EngineMaterials/Substrate/Glints2/dict_0003_0093" 9152
"/Engine/EngineMaterials/Substrate/Glints2/dict_0003_0094" 9153
"/Engine/EngineMaterials/Substrate/Glints2/dict_0003_0095" 9154
"/Engine/EngineMaterials/Substrate/Glints2/dict_0003_0096" 9155
"/Engine/EngineMaterials/Substrate/Glints2/dict_0003_0097" 9156
"/Engine/EngineMaterials/Substrate/Glints2/dict_0003_0098" 9157
"/Engine/EngineMaterials/Substrate/Glints2/dict_0003_0099" 9158
"/Engine/EngineMaterials/Substrate/Glints2/dict_0003_0100" 9159
"/Engine/EngineMaterials/Substrate/Glints2/dict_0003_0101" 9160
"/Engine/EngineMaterials/Substrate/Glints2/dict_0003_0102" 9161
"/Engine/EngineMaterials/Substrate/Glints2/dict_0003_0103" 9162
"/Engine/EngineMaterials/Substrate/Glints2/dict_0003_0104" 9163
"/Engine/EngineMaterials/Substrate/Glints2/dict_0003_0105" 9164
"/Engine/EngineMaterials/Substrate/Glints2/dict_0003_0106" 9165
"/Engine/EngineMaterials/Substrate/Glints2/dict_0003_0107" 9166
"/Engine/EngineMaterials/Substrate/Glints2/dict_0003_0108" 9167
"../../../Engine/Content/EngineMaterials/Substrate/Glints2/dict_0003_0076.uasset" 9168
"../../../Engine/Content/EngineMaterials/Substrate/Glints2/dict_0003_0073.uasset" 9169
"../../../Engine/Content/EngineMaterials/Substrate/Glints2/dict_0003_0070.uasset" 9170
"../../../Engine/Content/EngineMaterials/Substrate/Glints2/dict_0003_0071.uasset" 9171
"../../../Engine/Content/EngineMaterials/Substrate/Glints2/dict_0003_0074.uasset" 9172
"../../../Engine/Content/EngineMaterials/Substrate/Glints2/dict_0003_0072.uasset" 9173
"../../../Engine/Content/EngineMaterials/Substrate/Glints2/dict_0003_0075.uasset" 9174
"/Engine/EngineMaterials/Substrate/Glints2/dict_0003_0086" 9175
"/Engine/EngineMaterials/Substrate/Glints2/dict_0003_0087" 9176
"/Engine/EngineMaterials/Substrate/Glints2/dict_0003_0077" 9177
"/Engine/EngineMaterials/Substrate/Glints2/dict_0003_0078" 9178
"/Engine/EngineMaterials/Substrate/Glints2/dict_0003_0079" 9179
"/Engine/EngineMaterials/Substrate/Glints2/dict_0003_0080" 9180
"/Engine/EngineMaterials/Substrate/Glints2/dict_0003_0081" 9181
"/Engine/EngineMaterials/Substrate/Glints2/dict_0003_0082" 9182
"/Engine/EngineMaterials/Substrate/Glints2/dict_0003_0083" 9183
"/Engine/EngineMaterials/Substrate/Glints2/dict_0003_0084" 9184
"/Engine/EngineMaterials/Substrate/Glints2/dict_0003_0085" 9185
"../../../Engine/Content/EngineMaterials/Substrate/Glints2/dict_0003_0068.uasset" 9186
"../../../Engine/Content/EngineMaterials/Substrate/Glints2/dict_0003_0066.uasset" 9187
"../../../Engine/Content/EngineMaterials/Substrate/Glints2/dict_0003_0067.uasset" 9188
"../../../Engine/Content/EngineMaterials/Substrate/Glints2/dict_0003_0065.uasset" 9189
"../../../Engine/Content/EngineMaterials/Substrate/Glints2/dict_0003_0064.uasset" 9190
"../../../Engine/Content/EngineMaterials/Substrate/Glints2/dict_0003_0069.uasset" 9191
"../../../Engine/Content/EngineMaterials/Substrate/Glints2/dict_0003_0062.uasset" 9192
"../../../Engine/Content/EngineMaterials/Substrate/Glints2/dict_0003_0061.uasset" 9193
"../../../Engine/Content/EngineMaterials/Substrate/Glints2/dict_0003_0060.uasset" 9194
"../../../Engine/Content/EngineMaterials/Substrate/Glints2/dict_0003_0059.uasset" 9195
"../../../Engine/Content/EngineMaterials/Substrate/Glints2/dict_0003_0058.uasset" 9196
"../../../Engine/Content/EngineMaterials/Substrate/Glints2/dict_0003_0057.uasset" 9197
"../../../Engine/Content/EngineMaterials/Substrate/Glints2/dict_0003_0063.uasset" 9198
"../../../Engine/Content/EngineMaterials/Substrate/Glints2/dict_0003_0056.uasset" 9199
"../../../Engine/Content/EngineMaterials/Substrate/Glints2/dict_0003_0055.uasset" 9200
"../../../Engine/Content/EngineMaterials/Substrate/Glints2/dict_0003_0054.uasset" 9201
"../../../Engine/Content/EngineMaterials/Substrate/Glints2/dict_0003_0053.uasset" 9202
"../../../Engine/Content/EngineMaterials/Substrate/Glints2/dict_0003_0050.uasset" 9203
"../../../Engine/Content/EngineMaterials/Substrate/Glints2/dict_0003_0051.uasset" 9204
"../../../Engine/Content/EngineMaterials/Substrate/Glints2/dict_0003_0052.uasset" 9205
"../../../Engine/Content/EngineMaterials/Substrate/Glints2/dict_0003_0048.uasset" 9206
"../../../Engine/Content/EngineMaterials/Substrate/Glints2/dict_0003_0049.uasset" 9207
"../../../Engine/Content/EngineMaterials/Substrate/Glints2/dict_0003_0047.uasset" 9208
"../../../Engine/Content/EngineMaterials/Substrate/Glints2/dict_0003_0046.uasset" 9209
"../../../Engine/Content/EngineMaterials/Substrate/Glints2/dict_0003_0045.uasset" 9210
"/Engine/EngineMaterials/Substrate/Glints2/dict_0003_0056" 9211
"/Engine/EngineMaterials/Substrate/Glints2/dict_0003_0057" 9212
"/Engine/EngineMaterials/Substrate/Glints2/dict_0003_0058" 9213
"/Engine/EngineMaterials/Substrate/Glints2/dict_0003_0059" 9214
"/Engine/EngineMaterials/Substrate/Glints2/dict_0003_0060" 9215
"/Engine/EngineMaterials/Substrate/Glints2/dict_0003_0061" 9216
"/Engine/EngineMaterials/Substrate/Glints2/dict_0003_0062" 9217
"/Engine/EngineMaterials/Substrate/Glints2/dict_0003_0063" 9218
"/Engine/EngineMaterials/Substrate/Glints2/dict_0003_0064" 9219
"/Engine/EngineMaterials/Substrate/Glints2/dict_0003_0065" 9220
"/Engine/EngineMaterials/Substrate/Glints2/dict_0003_0066" 9221
"/Engine/EngineMaterials/Substrate/Glints2/dict_0003_0054" 9222
"/Engine/EngineMaterials/Substrate/Glints2/dict_0003_0067" 9223
"/Engine/EngineMaterials/Substrate/Glints2/dict_0003_0068" 9224
"/Engine/EngineMaterials/Substrate/Glints2/dict_0003_0069" 9225
"/Engine/EngineMaterials/Substrate/Glints2/dict_0003_0070" 9226
"/Engine/EngineMaterials/Substrate/Glints2/dict_0003_0055" 9227
"/Engine/EngineMaterials/Substrate/Glints2/dict_0003_0071" 9228
"/Engine/EngineMaterials/Substrate/Glints2/dict_0003_0072" 9229
"/Engine/EngineMaterials/Substrate/Glints2/dict_0003_0073" 9230
"/Engine/EngineMaterials/Substrate/Glints2/dict_0003_0074" 9231
"/Engine/EngineMaterials/Substrate/Glints2/dict_0003_0075" 9232
"/Engine/EngineMaterials/Substrate/Glints2/dict_0003_0076" 9233
"../../../Engine/Content/EngineMaterials/Substrate/Glints2/dict_0003_0040.uasset" 9234
"../../../Engine/Content/EngineMaterials/Substrate/Glints2/dict_0003_0039.uasset" 9235
"../../../Engine/Content/EngineMaterials/Substrate/Glints2/dict_0003_0042.uasset" 9236
"/Engine/EngineMaterials/Substrate/Glints2/dict_0003_0045" 9237
"../../../Engine/Content/EngineMaterials/Substrate/Glints2/dict_0003_0041.uasset" 9238
"../../../Engine/Content/EngineMaterials/Substrate/Glints2/dict_0003_0044.uasset" 9239
"../../../Engine/Content/EngineMaterials/Substrate/Glints2/dict_0003_0043.uasset" 9240
"../../../Engine/Content/EngineMaterials/Substrate/Glints2/dict_0003_0038.uasset" 9241
"../../../Engine/Content/EngineMaterials/Substrate/Glints2/dict_0003_0036.uasset" 9242
"../../../Engine/Content/EngineMaterials/Substrate/Glints2/dict_0003_0033.uasset" 9243
"../../../Engine/Content/EngineMaterials/Substrate/Glints2/dict_0003_0034.uasset" 9244
"../../../Engine/Content/EngineMaterials/Substrate/Glints2/dict_0003_0037.uasset" 9245
"../../../Engine/Content/EngineMaterials/Substrate/Glints2/dict_0003_0031.uasset" 9246
"/Engine/EngineMaterials/Substrate/Glints2/dict_0003_0046" 9247
"../../../Engine/Content/EngineMaterials/Substrate/Glints2/dict_0003_0032.uasset" 9248
"../../../Engine/Content/EngineMaterials/Substrate/Glints2/dict_0003_0035.uasset" 9249
"../../../Engine/Content/EngineMaterials/Substrate/Glints2/dict_0003_0030.uasset" 9250
"/Engine/EngineMaterials/Substrate/Glints2/dict_0003_0047" 9251
"../../../Engine/Content/EngineMaterials/Substrate/Glints2/dict_0003_0029.uasset" 9252
"../../../Engine/Content/EngineMaterials/Substrate/Glints2/dict_0003_0028.uasset" 9253
"../../../Engine/Content/EngineMaterials/Substrate/Glints2/dict_0003_0027.uasset" 9254
"/Engine/EngineMaterials/Substrate/Glints2/dict_0003_0048" 9255
"../../../Engine/Content/EngineMaterials/Substrate/Glints2/dict_0003_0026.uasset" 9256
"../../../Engine/Content/EngineMaterials/Substrate/Glints2/dict_0003_0025.uasset" 9257
"../../../Engine/Content/EngineMaterials/Substrate/Glints2/dict_0003_0024.uasset" 9258
"/Engine/EngineMaterials/Substrate/Glints2/dict_0003_0049" 9259
"../../../Engine/Content/EngineMaterials/Substrate/Glints2/dict_0003_0023.uasset" 9260
"../../../Engine/Content/EngineMaterials/Substrate/Glints2/dict_0003_0022.uasset" 9261
"/Engine/EngineMaterials/Substrate/Glints2/dict_0003_0050" 9262
"/Engine/EngineMaterials/Substrate/Glints2/dict_0003_0051" 9263
"/Engine/EngineMaterials/Substrate/Glints2/dict_0003_0052" 9264
"/Engine/EngineMaterials/Substrate/Glints2/dict_0003_0053" 9265
"/Engine/EngineMaterials/Substrate/Glints2/dict_0003_0025" 9266
"/Engine/EngineMaterials/Substrate/Glints2/dict_0003_0027" 9267
"/Engine/EngineMaterials/Substrate/Glints2/dict_0003_0028" 9268
"../../../Engine/Content/EngineMaterials/Substrate/Glints2/dict_0003_0021.uasset" 9269
"../../../Engine/Content/EngineMaterials/Substrate/Glints2/dict_0003_0016.uasset" 9270
"../../../Engine/Content/EngineMaterials/Substrate/Glints2/dict_0003_0018.uasset" 9271
"../../../Engine/Content/EngineMaterials/Substrate/Glints2/dict_0003_0020.uasset" 9272
"../../../Engine/Content/EngineMaterials/Substrate/Glints2/dict_0003_0019.uasset" 9273
"/Engine/EngineMaterials/Substrate/Glints2/dict_0003_0029" 9274
"../../../Engine/Content/EngineMaterials/Substrate/Glints2/dict_0003_0017.uasset" 9275
"../../../Engine/Content/EngineMaterials/Substrate/Glints2/dict_0003_0014.uasset" 9276
"../../../Engine/Content/EngineMaterials/Substrate/Glints2/dict_0003_0013.uasset" 9277
"../../../Engine/Content/EngineMaterials/Substrate/Glints2/dict_0003_0015.uasset" 9278
"/Engine/EngineMaterials/Substrate/Glints2/dict_0003_0030" 9279
"/Engine/EngineMaterials/Substrate/Glints2/dict_0003_0031" 9280
"/Engine/EngineMaterials/Substrate/Glints2/dict_0003_0032" 9281
"/Engine/EngineMaterials/Substrate/Glints2/dict_0003_0033" 9282
"/Engine/EngineMaterials/Substrate/Glints2/dict_0003_0034" 9283
"/Engine/EngineMaterials/Substrate/Glints2/dict_0003_0035" 9284
"/Engine/EngineMaterials/Substrate/Glints2/dict_0003_0036" 9285
"/Engine/EngineMaterials/Substrate/Glints2/dict_0003_0037" 9286
"/Engine/EngineMaterials/Substrate/Glints2/dict_0003_0038" 9287
"/Engine/EngineMaterials/Substrate/Glints2/dict_0003_0039" 9288
"/Engine/EngineMaterials/Substrate/Glints2/dict_0003_0040" 9289
"/Engine/EngineMaterials/Substrate/Glints2/dict_0003_0041" 9290
"/Engine/EngineMaterials/Substrate/Glints2/dict_0003_0042" 9291
"/Engine/EngineMaterials/Substrate/Glints2/dict_0003_0043" 9292
"/Engine/EngineMaterials/Substrate/Glints2/dict_0003_0044" 9293
"../../../Engine/Content/EngineMaterials/Substrate/Glints2/dict_0003_0012.uasset" 9294
"../../../Engine/Content/EngineMaterials/Substrate/Glints2/dict_0003_0006.uasset" 9295
"../../../Engine/Content/EngineMaterials/Substrate/Glints2/dict_0003_0011.uasset" 9296
"../../../Engine/Content/EngineMaterials/Substrate/Glints2/dict_0003_0009.uasset" 9297
"../../../Engine/Content/EngineMaterials/Substrate/Glints2/dict_0003_0007.uasset" 9298
"../../../Engine/Content/EngineMaterials/Substrate/Glints2/dict_0003_0010.uasset" 9299
"../../../Engine/Content/EngineMaterials/Substrate/Glints2/dict_0003_0008.uasset" 9300
"/Engine/EngineMaterials/Substrate/Glints2/dict_0003_0013" 9301
"../../../Engine/Content/EngineMaterials/Substrate/Glints2/dict_0003_0004.uasset" 9302
"../../../Engine/Content/EngineMaterials/Substrate/Glints2/dict_0003_0003.uasset" 9303
"/Engine/EngineMaterials/Substrate/Glints2/dict_0003_0014" 9304
"../../../Engine/Content/EngineMaterials/Substrate/Glints2/dict_0003_0001.uasset" 9305
"../../../Engine/Content/EngineMaterials/Substrate/Glints2/dict_0003_0005.uasset" 9306
"../../../Engine/Content/EngineMaterials/Substrate/Glints2/dict_0003_0002.uasset" 9307
"../../../Engine/Content/EngineMaterials/Substrate/Glints2/dict_0003_0000.uasset" 9308
"../../../Engine/Content/EngineMaterials/Substrate/Glints2/dict_0002_0254.uasset" 9309
"/Engine/EngineMaterials/Substrate/Glints2/dict_0003_0022" 9310
"../../../Engine/Content/EngineMaterials/Substrate/Glints2/dict_0002_0253.uasset" 9311
"../../../Engine/Content/EngineMaterials/Substrate/Glints2/dict_0002_0252.uasset" 9312
"../../../Engine/Content/EngineMaterials/Substrate/Glints2/dict_0002_0255.uasset" 9313
"/Engine/EngineMaterials/Substrate/Glints2/dict_0003_0023" 9314
"../../../Engine/Content/EngineMaterials/Substrate/Glints2/dict_0002_0251.uasset" 9315
"../../../Engine/Content/EngineMaterials/Substrate/Glints2/dict_0002_0250.uasset" 9316
"/Engine/EngineMaterials/Substrate/Glints2/dict_0003_0024" 9317
"/Engine/EngineMaterials/Substrate/Glints2/dict_0003_0015" 9318
"/Engine/EngineMaterials/Substrate/Glints2/dict_0003_0026" 9319
"/Engine/EngineMaterials/Substrate/Glints2/dict_0003_0016" 9320
"/Engine/EngineMaterials/Substrate/Glints2/dict_0003_0017" 9321
"/Engine/EngineMaterials/Substrate/Glints2/dict_0003_0018" 9322
"/Engine/EngineMaterials/Substrate/Glints2/dict_0003_0019" 9323
"/Engine/EngineMaterials/Substrate/Glints2/dict_0003_0020" 9324
"/Engine/EngineMaterials/Substrate/Glints2/dict_0003_0021" 9325
"/Engine/EngineMaterials/Substrate/Glints2/dict_0002_0250" 9326
"../../../Engine/Content/EngineMaterials/Substrate/Glints2/dict_0002_0246.uasset" 9327
"../../../Engine/Content/EngineMaterials/Substrate/Glints2/dict_0002_0248.uasset" 9328
"../../../Engine/Content/EngineMaterials/Substrate/Glints2/dict_0002_0249.uasset" 9329
"../../../Engine/Content/EngineMaterials/Substrate/Glints2/dict_0002_0247.uasset" 9330
"../../../Engine/Content/EngineMaterials/Substrate/Glints2/dict_0002_0245.uasset" 9331
"/Engine/EngineMaterials/Substrate/Glints2/dict_0002_0251" 9332
"../../../Engine/Content/EngineMaterials/Substrate/Glints2/dict_0002_0241.uasset" 9333
"../../../Engine/Content/EngineMaterials/Substrate/Glints2/dict_0002_0240.uasset" 9334
"../../../Engine/Content/EngineMaterials/Substrate/Glints2/dict_0002_0239.uasset" 9335
"../../../Engine/Content/EngineMaterials/Substrate/Glints2/dict_0002_0242.uasset" 9336
"../../../Engine/Content/EngineMaterials/Substrate/Glints2/dict_0002_0238.uasset" 9337
"../../../Engine/Content/EngineMaterials/Substrate/Glints2/dict_0002_0244.uasset" 9338
"../../../Engine/Content/EngineMaterials/Substrate/Glints2/dict_0002_0243.uasset" 9339
"../../../Engine/Content/EngineMaterials/Substrate/Glints2/dict_0002_0237.uasset" 9340
"/Engine/EngineMaterials/Substrate/Glints2/dict_0002_0252" 9341
"/Engine/EngineMaterials/Substrate/Glints2/dict_0002_0253" 9342
"/Engine/EngineMaterials/Substrate/Glints2/dict_0002_0254" 9343
"/Engine/EngineMaterials/Substrate/Glints2/dict_0002_0255" 9344
"/Engine/EngineMaterials/Substrate/Glints2/dict_0003_0000" 9345
"/Engine/EngineMaterials/Substrate/Glints2/dict_0003_0001" 9346
"/Engine/EngineMaterials/Substrate/Glints2/dict_0003_0002" 9347
"/Engine/EngineMaterials/Substrate/Glints2/dict_0003_0003" 9348
"/Engine/EngineMaterials/Substrate/Glints2/dict_0003_0004" 9349
"/Engine/EngineMaterials/Substrate/Glints2/dict_0003_0005" 9350
"/Engine/EngineMaterials/Substrate/Glints2/dict_0003_0006" 9351
"/Engine/EngineMaterials/Substrate/Glints2/dict_0003_0007" 9352
"/Engine/EngineMaterials/Substrate/Glints2/dict_0003_0008" 9353
"/Engine/EngineMaterials/Substrate/Glints2/dict_0003_0009" 9354
"/Engine/EngineMaterials/Substrate/Glints2/dict_0003_0010" 9355
"/Engine/EngineMaterials/Substrate/Glints2/dict_0003_0011" 9356
"/Engine/EngineMaterials/Substrate/Glints2/dict_0003_0012" 9357
"/Engine/EngineMaterials/Substrate/Glints2/dict_0002_0237" 9358
"../../../Engine/Content/EngineMaterials/Substrate/Glints2/dict_0002_0231.uasset" 9359
"../../../Engine/Content/EngineMaterials/Substrate/Glints2/dict_0002_0234.uasset" 9360
"../../../Engine/Content/EngineMaterials/Substrate/Glints2/dict_0002_0230.uasset" 9361
"../../../Engine/Content/EngineMaterials/Substrate/Glints2/dict_0002_0235.uasset" 9362
"../../../Engine/Content/EngineMaterials/Substrate/Glints2/dict_0002_0236.uasset" 9363
"../../../Engine/Content/EngineMaterials/Substrate/Glints2/dict_0002_0233.uasset" 9364
"../../../Engine/Content/EngineMaterials/Substrate/Glints2/dict_0002_0232.uasset" 9365
"/Engine/EngineMaterials/Substrate/Glints2/dict_0002_0238" 9366
"/Engine/EngineMaterials/Substrate/Glints2/dict_0002_0239" 9367
"/Engine/EngineMaterials/Substrate/Glints2/dict_0002_0240" 9368
"/Engine/EngineMaterials/Substrate/Glints2/dict_0002_0241" 9369
"/Engine/EngineMaterials/Substrate/Glints2/dict_0002_0242" 9370
"/Engine/EngineMaterials/Substrate/Glints2/dict_0002_0243" 9371
"/Engine/EngineMaterials/Substrate/Glints2/dict_0002_0244" 9372
"/Engine/EngineMaterials/Substrate/Glints2/dict_0002_0245" 9373
"/Engine/EngineMaterials/Substrate/Glints2/dict_0002_0246" 9374
"/Engine/EngineMaterials/Substrate/Glints2/dict_0002_0247" 9375
"/Engine/EngineMaterials/Substrate/Glints2/dict_0002_0248" 9376
"/Engine/EngineMaterials/Substrate/Glints2/dict_0002_0249" 9377
"../../../Engine/Content/EngineMaterials/Substrate/Glints2/dict_0002_0228.uasset" 9378
"../../../Engine/Content/EngineMaterials/Substrate/Glints2/dict_0002_0225.uasset" 9379
"../../../Engine/Content/EngineMaterials/Substrate/Glints2/dict_0002_0224.uasset" 9380
"../../../Engine/Content/EngineMaterials/Substrate/Glints2/dict_0002_0223.uasset" 9381
"../../../Engine/Content/EngineMaterials/Substrate/Glints2/dict_0002_0227.uasset" 9382
"../../../Engine/Content/EngineMaterials/Substrate/Glints2/dict_0002_0226.uasset" 9383
"../../../Engine/Content/EngineMaterials/Substrate/Glints2/dict_0002_0229.uasset" 9384
"../../../Engine/Content/EngineMaterials/Substrate/Glints2/dict_0002_0222.uasset" 9385
"../../../Engine/Content/EngineMaterials/Substrate/Glints2/dict_0002_0220.uasset" 9386
"../../../Engine/Content/EngineMaterials/Substrate/Glints2/dict_0002_0221.uasset" 9387
"../../../Engine/Content/EngineMaterials/Substrate/Glints2/dict_0002_0219.uasset" 9388
"../../../Engine/Content/EngineMaterials/Substrate/Glints2/dict_0002_0218.uasset" 9389
"../../../Engine/Content/EngineMaterials/Substrate/Glints2/dict_0002_0217.uasset" 9390
"../../../Engine/Content/EngineMaterials/Substrate/Glints2/dict_0002_0216.uasset" 9391
"../../../Engine/Content/EngineMaterials/Substrate/Glints2/dict_0002_0215.uasset" 9392
"../../../Engine/Content/EngineMaterials/Substrate/Glints2/dict_0002_0214.uasset" 9393
"/Engine/EngineMaterials/Substrate/Glints2/dict_0002_0218" 9394
"../../../Engine/Content/EngineMaterials/Substrate/Glints2/dict_0002_0211.uasset" 9395
"../../../Engine/Content/EngineMaterials/Substrate/Glints2/dict_0002_0212.uasset" 9396
"../../../Engine/Content/EngineMaterials/Substrate/Glints2/dict_0002_0210.uasset" 9397
"../../../Engine/Content/EngineMaterials/Substrate/Glints2/dict_0002_0209.uasset" 9398
"../../../Engine/Content/EngineMaterials/Substrate/Glints2/dict_0002_0213.uasset" 9399
"../../../Engine/Content/EngineMaterials/Substrate/Glints2/dict_0002_0208.uasset" 9400
"../../../Engine/Content/EngineMaterials/Substrate/Glints2/dict_0002_0207.uasset" 9401
"/Engine/EngineMaterials/Substrate/Glints2/dict_0002_0219" 9402
"../../../Engine/Content/EngineMaterials/Substrate/Glints2/dict_0002_0206.uasset" 9403
"../../../Engine/Content/EngineMaterials/Substrate/Glints2/dict_0002_0205.uasset" 9404
"/Engine/EngineMaterials/Substrate/Glints2/dict_0002_0220" 9405
"/Engine/EngineMaterials/Substrate/Glints2/dict_0002_0221" 9406
"/Engine/EngineMaterials/Substrate/Glints2/dict_0002_0222" 9407
"/Engine/EngineMaterials/Substrate/Glints2/dict_0002_0223" 9408
"/Engine/EngineMaterials/Substrate/Glints2/dict_0002_0224" 9409
"/Engine/EngineMaterials/Substrate/Glints2/dict_0002_0216" 9410
"/Engine/EngineMaterials/Substrate/Glints2/dict_0002_0217" 9411
"/Engine/EngineMaterials/Substrate/Glints2/dict_0002_0225" 9412
"/Engine/EngineMaterials/Substrate/Glints2/dict_0002_0226" 9413
"/Engine/EngineMaterials/Substrate/Glints2/dict_0002_0227" 9414
"/Engine/EngineMaterials/Substrate/Glints2/dict_0002_0228" 9415
"/Engine/EngineMaterials/Substrate/Glints2/dict_0002_0229" 9416
"/Engine/EngineMaterials/Substrate/Glints2/dict_0002_0230" 9417
"/Engine/EngineMaterials/Substrate/Glints2/dict_0002_0231" 9418
"/Engine/EngineMaterials/Substrate/Glints2/dict_0002_0232" 9419
"/Engine/EngineMaterials/Substrate/Glints2/dict_0002_0233" 9420
"/Engine/EngineMaterials/Substrate/Glints2/dict_0002_0234" 9421
"/Engine/EngineMaterials/Substrate/Glints2/dict_0002_0235" 9422
"/Engine/EngineMaterials/Substrate/Glints2/dict_0002_0236" 9423
"../../../Engine/Content/EngineMaterials/Substrate/Glints2/dict_0002_0198.uasset" 9424
"../../../Engine/Content/EngineMaterials/Substrate/Glints2/dict_0002_0202.uasset" 9425
"../../../Engine/Content/EngineMaterials/Substrate/Glints2/dict_0002_0204.uasset" 9426
"../../../Engine/Content/EngineMaterials/Substrate/Glints2/dict_0002_0203.uasset" 9427
"../../../Engine/Content/EngineMaterials/Substrate/Glints2/dict_0002_0201.uasset" 9428
"../../../Engine/Content/EngineMaterials/Substrate/Glints2/dict_0002_0199.uasset" 9429
"../../../Engine/Content/EngineMaterials/Substrate/Glints2/dict_0002_0200.uasset" 9430
"/Engine/EngineMaterials/Substrate/Glints2/dict_0002_0205" 9431
"/Engine/EngineMaterials/Substrate/Glints2/dict_0002_0206" 9432
"/Engine/EngineMaterials/Substrate/Glints2/dict_0002_0207" 9433
"/Engine/EngineMaterials/Substrate/Glints2/dict_0002_0208" 9434
"/Engine/EngineMaterials/Substrate/Glints2/dict_0002_0209" 9435
"/Engine/EngineMaterials/Substrate/Glints2/dict_0002_0210" 9436
"/Engine/EngineMaterials/Substrate/Glints2/dict_0002_0211" 9437
"/Engine/EngineMaterials/Substrate/Glints2/dict_0002_0212" 9438
"/Engine/EngineMaterials/Substrate/Glints2/dict_0002_0213" 9439
"/Engine/EngineMaterials/Substrate/Glints2/dict_0002_0214" 9440
"/Engine/EngineMaterials/Substrate/Glints2/dict_0002_0215" 9441
"../../../Engine/Content/EngineMaterials/Substrate/Glints2/dict_0002_0197.uasset" 9442
"../../../Engine/Content/EngineMaterials/Substrate/Glints2/dict_0002_0195.uasset" 9443
"../../../Engine/Content/EngineMaterials/Substrate/Glints2/dict_0002_0194.uasset" 9444
"../../../Engine/Content/EngineMaterials/Substrate/Glints2/dict_0002_0192.uasset" 9445
"../../../Engine/Content/EngineMaterials/Substrate/Glints2/dict_0002_0196.uasset" 9446
"../../../Engine/Content/EngineMaterials/Substrate/Glints2/dict_0002_0193.uasset" 9447
"../../../Engine/Content/EngineMaterials/Substrate/Glints2/dict_0002_0191.uasset" 9448
"../../../Engine/Content/EngineMaterials/Substrate/Glints2/dict_0002_0190.uasset" 9449
"../../../Engine/Content/EngineMaterials/Substrate/Glints2/dict_0002_0189.uasset" 9450
"../../../Engine/Content/EngineMaterials/Substrate/Glints2/dict_0002_0188.uasset" 9451
"../../../Engine/Content/EngineMaterials/Substrate/Glints2/dict_0002_0187.uasset" 9452
"../../../Engine/Content/EngineMaterials/Substrate/Glints2/dict_0002_0186.uasset" 9453
"../../../Engine/Content/EngineMaterials/Substrate/Glints2/dict_0002_0185.uasset" 9454
"../../../Engine/Content/EngineMaterials/Substrate/Glints2/dict_0002_0184.uasset" 9455
"../../../Engine/Content/EngineMaterials/Substrate/Glints2/dict_0002_0183.uasset" 9456
"../../../Engine/Content/EngineMaterials/Substrate/Glints2/dict_0002_0182.uasset" 9457
"../../../Engine/Content/EngineMaterials/Substrate/Glints2/dict_0002_0181.uasset" 9458
"../../../Engine/Content/EngineMaterials/Substrate/Glints2/dict_0002_0180.uasset" 9459
"../../../Engine/Content/EngineMaterials/Substrate/Glints2/dict_0002_0179.uasset" 9460
"../../../Engine/Content/EngineMaterials/Substrate/Glints2/dict_0002_0178.uasset" 9461
"../../../Engine/Content/EngineMaterials/Substrate/Glints2/dict_0002_0177.uasset" 9462
"../../../Engine/Content/EngineMaterials/Substrate/Glints2/dict_0002_0176.uasset" 9463
"../../../Engine/Content/EngineMaterials/Substrate/Glints2/dict_0002_0175.uasset" 9464
"../../../Engine/Content/EngineMaterials/Substrate/Glints2/dict_0002_0174.uasset" 9465
"../../../Engine/Content/EngineMaterials/Substrate/Glints2/dict_0002_0173.uasset" 9466
"/Engine/EngineMaterials/Substrate/Glints2/dict_0002_0184" 9467
"/Engine/EngineMaterials/Substrate/Glints2/dict_0002_0185" 9468
"/Engine/EngineMaterials/Substrate/Glints2/dict_0002_0186" 9469
"/Engine/EngineMaterials/Substrate/Glints2/dict_0002_0187" 9470
"/Engine/EngineMaterials/Substrate/Glints2/dict_0002_0188" 9471
"/Engine/EngineMaterials/Substrate/Glints2/dict_0002_0189" 9472
"/Engine/EngineMaterials/Substrate/Glints2/dict_0002_0182" 9473
"/Engine/EngineMaterials/Substrate/Glints2/dict_0002_0183" 9474
"/Engine/EngineMaterials/Substrate/Glints2/dict_0002_0190" 9475
"/Engine/EngineMaterials/Substrate/Glints2/dict_0002_0191" 9476
"/Engine/EngineMaterials/Substrate/Glints2/dict_0002_0192" 9477
"/Engine/EngineMaterials/Substrate/Glints2/dict_0002_0193" 9478
"/Engine/EngineMaterials/Substrate/Glints2/dict_0002_0194" 9479
"/Engine/EngineMaterials/Substrate/Glints2/dict_0002_0195" 9480
"/Engine/EngineMaterials/Substrate/Glints2/dict_0002_0196" 9481
"/Engine/EngineMaterials/Substrate/Glints2/dict_0002_0197" 9482
"/Engine/EngineMaterials/Substrate/Glints2/dict_0002_0198" 9483
"/Engine/EngineMaterials/Substrate/Glints2/dict_0002_0199" 9484
"/Engine/EngineMaterials/Substrate/Glints2/dict_0002_0200" 9485
"/Engine/EngineMaterials/Substrate/Glints2/dict_0002_0201" 9486
"/Engine/EngineMaterials/Substrate/Glints2/dict_0002_0202" 9487
"/Engine/EngineMaterials/Substrate/Glints2/dict_0002_0203" 9488
"/Engine/EngineMaterials/Substrate/Glints2/dict_0002_0204" 9489
"../../../Engine/Content/EngineMaterials/Substrate/Glints2/dict_0002_0166.uasset" 9490
"../../../Engine/Content/EngineMaterials/Substrate/Glints2/dict_0002_0167.uasset" 9491
"../../../Engine/Content/EngineMaterials/Substrate/Glints2/dict_0002_0172.uasset" 9492
"../../../Engine/Content/EngineMaterials/Substrate/Glints2/dict_0002_0169.uasset" 9493
"/Engine/EngineMaterials/Substrate/Glints2/dict_0002_0173" 9494
"../../../Engine/Content/EngineMaterials/Substrate/Glints2/dict_0002_0171.uasset" 9495
"../../../Engine/Content/EngineMaterials/Substrate/Glints2/dict_0002_0168.uasset" 9496
"../../../Engine/Content/EngineMaterials/Substrate/Glints2/dict_0002_0170.uasset" 9497
"/Engine/EngineMaterials/Substrate/Glints2/dict_0002_0174" 9498
"/Engine/EngineMaterials/Substrate/Glints2/dict_0002_0175" 9499
"/Engine/EngineMaterials/Substrate/Glints2/dict_0002_0176" 9500
"/Engine/EngineMaterials/Substrate/Glints2/dict_0002_0177" 9501
"/Engine/EngineMaterials/Substrate/Glints2/dict_0002_0178" 9502
"/Engine/EngineMaterials/Substrate/Glints2/dict_0002_0179" 9503
"/Engine/EngineMaterials/Substrate/Glints2/dict_0002_0180" 9504
"/Engine/EngineMaterials/Substrate/Glints2/dict_0002_0181" 9505
"../../../Engine/Content/EngineMaterials/Substrate/Glints2/dict_0002_0163.uasset" 9506
"../../../Engine/Content/EngineMaterials/Substrate/Glints2/dict_0002_0165.uasset" 9507
"../../../Engine/Content/EngineMaterials/Substrate/Glints2/dict_0002_0164.uasset" 9508
"../../../Engine/Content/EngineMaterials/Substrate/Glints2/dict_0002_0162.uasset" 9509
"../../../Engine/Content/EngineMaterials/Substrate/Glints2/dict_0002_0161.uasset" 9510
"../../../Engine/Content/EngineMaterials/Substrate/Glints2/dict_0002_0159.uasset" 9511
"../../../Engine/Content/EngineMaterials/Substrate/Glints2/dict_0002_0160.uasset" 9512
"../../../Engine/Content/EngineMaterials/Substrate/Glints2/dict_0002_0158.uasset" 9513
"../../../Engine/Content/EngineMaterials/Substrate/Glints2/dict_0002_0157.uasset" 9514
"../../../Engine/Content/EngineMaterials/Substrate/Glints2/dict_0002_0156.uasset" 9515
"../../../Engine/Content/EngineMaterials/Substrate/Glints2/dict_0002_0155.uasset" 9516
"../../../Engine/Content/EngineMaterials/Substrate/Glints2/dict_0002_0154.uasset" 9517
"../../../Engine/Content/EngineMaterials/Substrate/Glints2/dict_0002_0153.uasset" 9518
"../../../Engine/Content/EngineMaterials/Substrate/Glints2/dict_0002_0152.uasset" 9519
"../../../Engine/Content/EngineMaterials/Substrate/Glints2/dict_0002_0151.uasset" 9520
"../../../Engine/Content/EngineMaterials/Substrate/Glints2/dict_0002_0150.uasset" 9521
"../../../Engine/Content/EngineMaterials/Substrate/Glints2/dict_0002_0149.uasset" 9522
"../../../Engine/Content/EngineMaterials/Substrate/Glints2/dict_0002_0148.uasset" 9523
"../../../Engine/Content/EngineMaterials/Substrate/Glints2/dict_0002_0147.uasset" 9524
"../../../Engine/Content/EngineMaterials/Substrate/Glints2/dict_0002_0146.uasset" 9525
"../../../Engine/Content/EngineMaterials/Substrate/Glints2/dict_0002_0145.uasset" 9526
"../../../Engine/Content/EngineMaterials/Substrate/Glints2/dict_0002_0144.uasset" 9527
"../../../Engine/Content/EngineMaterials/Substrate/Glints2/dict_0002_0143.uasset" 9528
"../../../Engine/Content/EngineMaterials/Substrate/Glints2/dict_0002_0142.uasset" 9529
"../../../Engine/Content/EngineMaterials/Substrate/Glints2/dict_0002_0141.uasset" 9530
"/Engine/EngineMaterials/Substrate/Glints2/dict_0002_0150" 9531
"/Engine/EngineMaterials/Substrate/Glints2/dict_0002_0151" 9532
"/Engine/EngineMaterials/Substrate/Glints2/dict_0002_0152" 9533
"/Engine/EngineMaterials/Substrate/Glints2/dict_0002_0153" 9534
"/Engine/EngineMaterials/Substrate/Glints2/dict_0002_0154" 9535
"/Engine/EngineMaterials/Substrate/Glints2/dict_0002_0155" 9536
"/Engine/EngineMaterials/Substrate/Glints2/dict_0002_0156" 9537
"/Engine/EngineMaterials/Substrate/Glints2/dict_0002_0157" 9538
"/Engine/EngineMaterials/Substrate/Glints2/dict_0002_0158" 9539
"/Engine/EngineMaterials/Substrate/Glints2/dict_0002_0159" 9540
"/Engine/EngineMaterials/Substrate/Glints2/dict_0002_0160" 9541
"/Engine/EngineMaterials/Substrate/Glints2/dict_0002_0161" 9542
"/Engine/EngineMaterials/Substrate/Glints2/dict_0002_0162" 9543
"/Engine/EngineMaterials/Substrate/Glints2/dict_0002_0163" 9544
"/Engine/EngineMaterials/Substrate/Glints2/dict_0002_0164" 9545
"/Engine/EngineMaterials/Substrate/Glints2/dict_0002_0165" 9546
"/Engine/EngineMaterials/Substrate/Glints2/dict_0002_0166" 9547
"/Engine/EngineMaterials/Substrate/Glints2/dict_0002_0167" 9548
"/Engine/EngineMaterials/Substrate/Glints2/dict_0002_0168" 9549
"/Engine/EngineMaterials/Substrate/Glints2/dict_0002_0169" 9550
"/Engine/EngineMaterials/Substrate/Glints2/dict_0002_0170" 9551
"/Engine/EngineMaterials/Substrate/Glints2/dict_0002_0171" 9552
"/Engine/EngineMaterials/Substrate/Glints2/dict_0002_0172" 9553
"/Engine/EngineMaterials/Substrate/Glints2/dict_0002_0141" 9554
"../../../Engine/Content/EngineMaterials/Substrate/Glints2/dict_0002_0136.uasset" 9555
"../../../Engine/Content/EngineMaterials/Substrate/Glints2/dict_0002_0134.uasset" 9556
"../../../Engine/Content/EngineMaterials/Substrate/Glints2/dict_0002_0138.uasset" 9557
"../../../Engine/Content/EngineMaterials/Substrate/Glints2/dict_0002_0137.uasset" 9558
"../../../Engine/Content/EngineMaterials/Substrate/Glints2/dict_0002_0140.uasset" 9559
"../../../Engine/Content/EngineMaterials/Substrate/Glints2/dict_0002_0135.uasset" 9560
"../../../Engine/Content/EngineMaterials/Substrate/Glints2/dict_0002_0139.uasset" 9561
"/Engine/EngineMaterials/Substrate/Glints2/dict_0002_0142" 9562
"/Engine/EngineMaterials/Substrate/Glints2/dict_0002_0143" 9563
"/Engine/EngineMaterials/Substrate/Glints2/dict_0002_0144" 9564
"/Engine/EngineMaterials/Substrate/Glints2/dict_0002_0145" 9565
"/Engine/EngineMaterials/Substrate/Glints2/dict_0002_0146" 9566
"/Engine/EngineMaterials/Substrate/Glints2/dict_0002_0147" 9567
"/Engine/EngineMaterials/Substrate/Glints2/dict_0002_0148" 9568
"/Engine/EngineMaterials/Substrate/Glints2/dict_0002_0149" 9569
"../../../Engine/Content/EngineMaterials/Substrate/Glints2/dict_0002_0132.uasset" 9570
"../../../Engine/Content/EngineMaterials/Substrate/Glints2/dict_0002_0133.uasset" 9571
"../../../Engine/Content/EngineMaterials/Substrate/Glints2/dict_0002_0131.uasset" 9572
"../../../Engine/Content/EngineMaterials/Substrate/Glints2/dict_0002_0129.uasset" 9573
"../../../Engine/Content/EngineMaterials/Substrate/Glints2/dict_0002_0130.uasset" 9574
"../../../Engine/Content/EngineMaterials/Substrate/Glints2/dict_0002_0128.uasset" 9575
"../../../Engine/Content/EngineMaterials/Substrate/Glints2/dict_0002_0127.uasset" 9576
"../../../Engine/Content/EngineMaterials/Substrate/Glints2/dict_0002_0126.uasset" 9577
"../../../Engine/Content/EngineMaterials/Substrate/Glints2/dict_0002_0125.uasset" 9578
"../../../Engine/Content/EngineMaterials/Substrate/Glints2/dict_0002_0124.uasset" 9579
"../../../Engine/Content/EngineMaterials/Substrate/Glints2/dict_0002_0123.uasset" 9580
"../../../Engine/Content/EngineMaterials/Substrate/Glints2/dict_0002_0122.uasset" 9581
"../../../Engine/Content/EngineMaterials/Substrate/Glints2/dict_0002_0121.uasset" 9582
"../../../Engine/Content/EngineMaterials/Substrate/Glints2/dict_0002_0120.uasset" 9583
"../../../Engine/Content/EngineMaterials/Substrate/Glints2/dict_0002_0119.uasset" 9584
"../../../Engine/Content/EngineMaterials/Substrate/Glints2/dict_0002_0118.uasset" 9585
"/Engine/EngineMaterials/Substrate/Glints2/dict_0002_0120" 9586
"/Engine/EngineMaterials/Substrate/Glints2/dict_0002_0121" 9587
"/Engine/EngineMaterials/Substrate/Glints2/dict_0002_0122" 9588
"../../../Engine/Content/EngineMaterials/Substrate/Glints2/dict_0002_0117.uasset" 9589
"/Engine/EngineMaterials/Substrate/Glints2/dict_0002_0123" 9590
"../../../Engine/Content/EngineMaterials/Substrate/Glints2/dict_0002_0116.uasset" 9591
"../../../Engine/Content/EngineMaterials/Substrate/Glints2/dict_0002_0115.uasset" 9592
"../../../Engine/Content/EngineMaterials/Substrate/Glints2/dict_0002_0114.uasset" 9593
"/Engine/EngineMaterials/Substrate/Glints2/dict_0002_0124" 9594
"../../../Engine/Content/EngineMaterials/Substrate/Glints2/dict_0002_0113.uasset" 9595
"../../../Engine/Content/EngineMaterials/Substrate/Glints2/dict_0002_0112.uasset" 9596
"../../../Engine/Content/EngineMaterials/Substrate/Glints2/dict_0002_0111.uasset" 9597
"../../../Engine/Content/EngineMaterials/Substrate/Glints2/dict_0002_0110.uasset" 9598
"../../../Engine/Content/EngineMaterials/Substrate/Glints2/dict_0002_0109.uasset" 9599
"/Engine/EngineMaterials/Substrate/Glints2/dict_0002_0125" 9600
"/Engine/EngineMaterials/Substrate/Glints2/dict_0002_0126" 9601
"/Engine/EngineMaterials/Substrate/Glints2/dict_0002_0127" 9602
"/Engine/EngineMaterials/Substrate/Glints2/dict_0002_0128" 9603
"/Engine/EngineMaterials/Substrate/Glints2/dict_0002_0129" 9604
"/Engine/EngineMaterials/Substrate/Glints2/dict_0002_0130" 9605
"/Engine/EngineMaterials/Substrate/Glints2/dict_0002_0131" 9606
"/Engine/EngineMaterials/Substrate/Glints2/dict_0002_0132" 9607
"/Engine/EngineMaterials/Substrate/Glints2/dict_0002_0133" 9608
"/Engine/EngineMaterials/Substrate/Glints2/dict_0002_0134" 9609
"/Engine/EngineMaterials/Substrate/Glints2/dict_0002_0135" 9610
"/Engine/EngineMaterials/Substrate/Glints2/dict_0002_0136" 9611
"/Engine/EngineMaterials/Substrate/Glints2/dict_0002_0137" 9612
"/Engine/EngineMaterials/Substrate/Glints2/dict_0002_0138" 9613
"/Engine/EngineMaterials/Substrate/Glints2/dict_0002_0139" 9614
"/Engine/EngineMaterials/Substrate/Glints2/dict_0002_0140" 9615
"../../../Engine/Content/EngineMaterials/Substrate/Glints2/dict_0002_0108.uasset" 9616
"../../../Engine/Content/EngineMaterials/Substrate/Glints2/dict_0002_0107.uasset" 9617
"../../../Engine/Content/EngineMaterials/Substrate/Glints2/dict_0002_0106.uasset" 9618
"../../../Engine/Content/EngineMaterials/Substrate/Glints2/dict_0002_0103.uasset" 9619
"../../../Engine/Content/EngineMaterials/Substrate/Glints2/dict_0002_0104.uasset" 9620
"/Engine/EngineMaterials/Substrate/Glints2/dict_0002_0109" 9621
"../../../Engine/Content/EngineMaterials/Substrate/Glints2/dict_0002_0105.uasset" 9622
"../../../Engine/Content/EngineMaterials/Substrate/Glints2/dict_0002_0102.uasset" 9623
"/Engine/EngineMaterials/Substrate/Glints2/dict_0002_0110" 9624
"/Engine/EngineMaterials/Substrate/Glints2/dict_0002_0111" 9625
"/Engine/EngineMaterials/Substrate/Glints2/dict_0002_0112" 9626
"/Engine/EngineMaterials/Substrate/Glints2/dict_0002_0113" 9627
"/Engine/EngineMaterials/Substrate/Glints2/dict_0002_0118" 9628
"/Engine/EngineMaterials/Substrate/Glints2/dict_0002_0114" 9629
"/Engine/EngineMaterials/Substrate/Glints2/dict_0002_0115" 9630
"/Engine/EngineMaterials/Substrate/Glints2/dict_0002_0116" 9631
"/Engine/EngineMaterials/Substrate/Glints2/dict_0002_0117" 9632
"/Engine/EngineMaterials/Substrate/Glints2/dict_0002_0119" 9633
"../../../Engine/Content/EngineMaterials/Substrate/Glints2/dict_0002_0100.uasset" 9634
"../../../Engine/Content/EngineMaterials/Substrate/Glints2/dict_0002_0101.uasset" 9635
"../../../Engine/Content/EngineMaterials/Substrate/Glints2/dict_0002_0099.uasset" 9636
"../../../Engine/Content/EngineMaterials/Substrate/Glints2/dict_0002_0097.uasset" 9637
"../../../Engine/Content/EngineMaterials/Substrate/Glints2/dict_0002_0098.uasset" 9638
"../../../Engine/Content/EngineMaterials/Substrate/Glints2/dict_0002_0096.uasset" 9639
"../../../Engine/Content/EngineMaterials/Substrate/Glints2/dict_0002_0095.uasset" 9640
"../../../Engine/Content/EngineMaterials/Substrate/Glints2/dict_0002_0094.uasset" 9641
"../../../Engine/Content/EngineMaterials/Substrate/Glints2/dict_0002_0093.uasset" 9642
"../../../Engine/Content/EngineMaterials/Substrate/Glints2/dict_0002_0092.uasset" 9643
"../../../Engine/Content/EngineMaterials/Substrate/Glints2/dict_0002_0091.uasset" 9644
"../../../Engine/Content/EngineMaterials/Substrate/Glints2/dict_0002_0090.uasset" 9645
"../../../Engine/Content/EngineMaterials/Substrate/Glints2/dict_0002_0089.uasset" 9646
"../../../Engine/Content/EngineMaterials/Substrate/Glints2/dict_0002_0088.uasset" 9647
"../../../Engine/Content/EngineMaterials/Substrate/Glints2/dict_0002_0087.uasset" 9648
"../../../Engine/Content/EngineMaterials/Substrate/Glints2/dict_0002_0086.uasset" 9649
"../../../Engine/Content/EngineMaterials/Substrate/Glints2/dict_0002_0085.uasset" 9650
"../../../Engine/Content/EngineMaterials/Substrate/Glints2/dict_0002_0084.uasset" 9651
"../../../Engine/Content/EngineMaterials/Substrate/Glints2/dict_0002_0083.uasset" 9652
"../../../Engine/Content/EngineMaterials/Substrate/Glints2/dict_0002_0082.uasset" 9653
"../../../Engine/Content/EngineMaterials/Substrate/Glints2/dict_0002_0081.uasset" 9654
"../../../Engine/Content/EngineMaterials/Substrate/Glints2/dict_0002_0079.uasset" 9655
"../../../Engine/Content/EngineMaterials/Substrate/Glints2/dict_0002_0078.uasset" 9656
"../../../Engine/Content/EngineMaterials/Substrate/Glints2/dict_0002_0077.uasset" 9657
"../../../Engine/Content/EngineMaterials/Substrate/Glints2/dict_0002_0080.uasset" 9658
"/Engine/EngineMaterials/Substrate/Glints2/dict_0002_0086" 9659
"/Engine/EngineMaterials/Substrate/Glints2/dict_0002_0087" 9660
"/Engine/EngineMaterials/Substrate/Glints2/dict_0002_0088" 9661
"/Engine/EngineMaterials/Substrate/Glints2/dict_0002_0089" 9662
"/Engine/EngineMaterials/Substrate/Glints2/dict_0002_0090" 9663
"/Engine/EngineMaterials/Substrate/Glints2/dict_0002_0091" 9664
"/Engine/EngineMaterials/Substrate/Glints2/dict_0002_0092" 9665
"/Engine/EngineMaterials/Substrate/Glints2/dict_0002_0093" 9666
"/Engine/EngineMaterials/Substrate/Glints2/dict_0002_0094" 9667
"/Engine/EngineMaterials/Substrate/Glints2/dict_0002_0095" 9668
"/Engine/EngineMaterials/Substrate/Glints2/dict_0002_0096" 9669
"/Engine/EngineMaterials/Substrate/Glints2/dict_0002_0097" 9670
"/Engine/EngineMaterials/Substrate/Glints2/dict_0002_0098" 9671
"/Engine/EngineMaterials/Substrate/Glints2/dict_0002_0099" 9672
"/Engine/EngineMaterials/Substrate/Glints2/dict_0002_0100" 9673
"/Engine/EngineMaterials/Substrate/Glints2/dict_0002_0101" 9674
"/Engine/EngineMaterials/Substrate/Glints2/dict_0002_0102" 9675
"/Engine/EngineMaterials/Substrate/Glints2/dict_0002_0103" 9676
"/Engine/EngineMaterials/Substrate/Glints2/dict_0002_0104" 9677
"/Engine/EngineMaterials/Substrate/Glints2/dict_0002_0105" 9678
"/Engine/EngineMaterials/Substrate/Glints2/dict_0002_0106" 9679
"/Engine/EngineMaterials/Substrate/Glints2/dict_0002_0107" 9680
"/Engine/EngineMaterials/Substrate/Glints2/dict_0002_0108" 9681
"../../../Engine/Content/EngineMaterials/Substrate/Glints2/dict_0002_0074.uasset" 9682
"../../../Engine/Content/EngineMaterials/Substrate/Glints2/dict_0002_0073.uasset" 9683
"/Engine/EngineMaterials/Substrate/Glints2/dict_0002_0077" 9684
"../../../Engine/Content/EngineMaterials/Substrate/Glints2/dict_0002_0072.uasset" 9685
"../../../Engine/Content/EngineMaterials/Substrate/Glints2/dict_0002_0076.uasset" 9686
"../../../Engine/Content/EngineMaterials/Substrate/Glints2/dict_0002_0070.uasset" 9687
"../../../Engine/Content/EngineMaterials/Substrate/Glints2/dict_0002_0071.uasset" 9688
"/Engine/EngineMaterials/Substrate/Glints2/dict_0002_0078" 9689
"../../../Engine/Content/EngineMaterials/Substrate/Glints2/dict_0002_0075.uasset" 9690
"/Engine/EngineMaterials/Substrate/Glints2/dict_0002_0079" 9691
"/Engine/EngineMaterials/Substrate/Glints2/dict_0002_0080" 9692
"/Engine/EngineMaterials/Substrate/Glints2/dict_0002_0081" 9693
"/Engine/EngineMaterials/Substrate/Glints2/dict_0002_0082" 9694
"/Engine/EngineMaterials/Substrate/Glints2/dict_0002_0083" 9695
"/Engine/EngineMaterials/Substrate/Glints2/dict_0002_0084" 9696
"/Engine/EngineMaterials/Substrate/Glints2/dict_0002_0085" 9697
"/Engine/EngineMaterials/Substrate/Glints2/dict_0002_0070" 9698
"../../../Engine/Content/EngineMaterials/Substrate/Glints2/dict_0002_0056.uasset" 9699
"../../../Engine/Content/EngineMaterials/Substrate/Glints2/dict_0002_0067.uasset" 9700
"../../../Engine/Content/EngineMaterials/Substrate/Glints2/dict_0002_0069.uasset" 9701
"../../../Engine/Content/EngineMaterials/Substrate/Glints2/dict_0002_0066.uasset" 9702
"../../../Engine/Content/EngineMaterials/Substrate/Glints2/dict_0002_0068.uasset" 9703
"/Engine/EngineMaterials/Substrate/Glints2/dict_0002_0071" 9704
"../../../Engine/Content/EngineMaterials/Substrate/Glints2/dict_0002_0063.uasset" 9705
"../../../Engine/Content/EngineMaterials/Substrate/Glints2/dict_0002_0065.uasset" 9706
"../../../Engine/Content/EngineMaterials/Substrate/Glints2/dict_0002_0062.uasset" 9707
"../../../Engine/Content/EngineMaterials/Substrate/Glints2/dict_0002_0060.uasset" 9708
"../../../Engine/Content/EngineMaterials/Substrate/Glints2/dict_0002_0061.uasset" 9709
"../../../Engine/Content/EngineMaterials/Substrate/Glints2/dict_0002_0059.uasset" 9710
"../../../Engine/Content/EngineMaterials/Substrate/Glints2/dict_0002_0057.uasset" 9711
"../../../Engine/Content/EngineMaterials/Substrate/Glints2/dict_0002_0058.uasset" 9712
"../../../Engine/Content/EngineMaterials/Substrate/Glints2/dict_0002_0064.uasset" 9713
"/Engine/EngineMaterials/Substrate/Glints2/dict_0002_0072" 9714
"/Engine/EngineMaterials/Substrate/Glints2/dict_0002_0073" 9715
"../../../Engine/Content/EngineMaterials/Substrate/Glints2/dict_0002_0055.uasset" 9716
"/Engine/EngineMaterials/Substrate/Glints2/dict_0002_0074" 9717
"../../../Engine/Content/EngineMaterials/Substrate/Glints2/dict_0002_0054.uasset" 9718
"/Engine/EngineMaterials/Substrate/Glints2/dict_0002_0076" 9719
"/Engine/EngineMaterials/Substrate/Glints2/dict_0002_0056" 9720
"/Engine/EngineMaterials/Substrate/Glints2/dict_0002_0060" 9721
"/Engine/EngineMaterials/Substrate/Glints2/dict_0002_0062" 9722
"/Engine/EngineMaterials/Substrate/Glints2/dict_0002_0063" 9723
"/Engine/EngineMaterials/Substrate/Glints2/dict_0002_0065" 9724
"/Engine/EngineMaterials/Substrate/Glints2/dict_0002_0066" 9725
"../../../Engine/Content/EngineMaterials/Substrate/Glints2/dict_0002_0053.uasset" 9726
"../../../Engine/Content/EngineMaterials/Substrate/Glints2/dict_0002_0052.uasset" 9727
"/Engine/EngineMaterials/Substrate/Glints2/dict_0002_0067" 9728
"../../../Engine/Content/EngineMaterials/Substrate/Glints2/dict_0002_0051.uasset" 9729
"../../../Engine/Content/EngineMaterials/Substrate/Glints2/dict_0002_0050.uasset" 9730
"../../../Engine/Content/EngineMaterials/Substrate/Glints2/dict_0002_0049.uasset" 9731
"../../../Engine/Content/EngineMaterials/Substrate/Glints2/dict_0002_0048.uasset" 9732
"../../../Engine/Content/EngineMaterials/Substrate/Glints2/dict_0002_0047.uasset" 9733
"../../../Engine/Content/EngineMaterials/Substrate/Glints2/dict_0002_0046.uasset" 9734
"../../../Engine/Content/EngineMaterials/Substrate/Glints2/dict_0002_0045.uasset" 9735
"../../../Engine/Content/EngineMaterials/Substrate/Glints2/dict_0002_0044.uasset" 9736
"../../../Engine/Content/EngineMaterials/Substrate/Glints2/dict_0002_0043.uasset" 9737
"/Engine/EngineMaterials/Substrate/Glints2/dict_0002_0068" 9738
"../../../Engine/Content/EngineMaterials/Substrate/Glints2/dict_0002_0042.uasset" 9739
"/Engine/EngineMaterials/Substrate/Glints2/dict_0002_0069" 9740
"/Engine/EngineMaterials/Substrate/Glints2/dict_0002_0075" 9741
"/Engine/EngineMaterials/Substrate/Glints2/dict_0002_0054" 9742
"../../../Engine/Content/EngineMaterials/Substrate/Glints2/dict_0002_0041.uasset" 9743
"../../../Engine/Content/EngineMaterials/Substrate/Glints2/dict_0002_0040.uasset" 9744
"/Engine/EngineMaterials/Substrate/Glints2/dict_0002_0055" 9745
"../../../Engine/Content/EngineMaterials/Substrate/Glints2/dict_0002_0039.uasset" 9746
"../../../Engine/Content/EngineMaterials/Substrate/Glints2/dict_0002_0038.uasset" 9747
"/Engine/EngineMaterials/Substrate/Glints2/dict_0002_0057" 9748
"/Engine/EngineMaterials/Substrate/Glints2/dict_0002_0058" 9749
"/Engine/EngineMaterials/Substrate/Glints2/dict_0002_0059" 9750
"/Engine/EngineMaterials/Substrate/Glints2/dict_0002_0061" 9751
"/Engine/EngineMaterials/Substrate/Glints2/dict_0002_0064" 9752
"/Engine/EngineMaterials/Substrate/Glints2/dict_0002_0045" 9753
"/Engine/EngineMaterials/Substrate/Glints2/dict_0002_0046" 9754
"/Engine/EngineMaterials/Substrate/Glints2/dict_0002_0047" 9755
"../../../Engine/Content/EngineMaterials/Substrate/Glints2/dict_0002_0037.uasset" 9756
"../../../Engine/Content/EngineMaterials/Substrate/Glints2/dict_0002_0036.uasset" 9757
"../../../Engine/Content/EngineMaterials/Substrate/Glints2/dict_0002_0035.uasset" 9758
"../../../Engine/Content/EngineMaterials/Substrate/Glints2/dict_0002_0034.uasset" 9759
"/Engine/EngineMaterials/Substrate/Glints2/dict_0002_0048" 9760
"../../../Engine/Content/EngineMaterials/Substrate/Glints2/dict_0002_0031.uasset" 9761
"../../../Engine/Content/EngineMaterials/Substrate/Glints2/dict_0002_0033.uasset" 9762
"../../../Engine/Content/EngineMaterials/Substrate/Glints2/dict_0002_0030.uasset" 9763
"../../../Engine/Content/EngineMaterials/Substrate/Glints2/dict_0002_0032.uasset" 9764
"../../../Engine/Content/EngineMaterials/Substrate/Glints2/dict_0002_0028.uasset" 9765
"../../../Engine/Content/EngineMaterials/Substrate/Glints2/dict_0002_0029.uasset" 9766
"/Engine/EngineMaterials/Substrate/Glints2/dict_0002_0049" 9767
"/Engine/EngineMaterials/Substrate/Glints2/dict_0002_0050" 9768
"/Engine/EngineMaterials/Substrate/Glints2/dict_0002_0051" 9769
"../../../Engine/Content/EngineMaterials/Substrate/Glints2/dict_0002_0027.uasset" 9770
"../../../Engine/Content/EngineMaterials/Substrate/Glints2/dict_0002_0026.uasset" 9771
"../../../Engine/Content/EngineMaterials/Substrate/Glints2/dict_0002_0025.uasset" 9772
"../../../Engine/Content/EngineMaterials/Substrate/Glints2/dict_0002_0024.uasset" 9773
"/Engine/EngineMaterials/Substrate/Glints2/dict_0002_0052" 9774
"../../../Engine/Content/EngineMaterials/Substrate/Glints2/dict_0002_0023.uasset" 9775
"../../../Engine/Content/EngineMaterials/Substrate/Glints2/dict_0002_0022.uasset" 9776
"/Engine/EngineMaterials/Substrate/Glints2/dict_0002_0053" 9777
"/Engine/EngineMaterials/Substrate/Glints2/dict_0002_0042" 9778
"/Engine/EngineMaterials/Substrate/Glints2/dict_0002_0043" 9779
"/Engine/EngineMaterials/Substrate/Glints2/dict_0002_0044" 9780
"/Engine/EngineMaterials/Substrate/Glints2/dict_0002_0029" 9781
"/Engine/EngineMaterials/Substrate/Glints2/dict_0002_0030" 9782
"/Engine/EngineMaterials/Substrate/Glints2/dict_0002_0031" 9783
"/Engine/EngineMaterials/Substrate/Glints2/dict_0002_0028" 9784
"/Engine/EngineMaterials/Substrate/Glints2/dict_0002_0033" 9785
"/Engine/EngineMaterials/Substrate/Glints2/dict_0002_0034" 9786
"../../../Engine/Content/EngineMaterials/Substrate/Glints2/dict_0002_0018.uasset" 9787
"../../../Engine/Content/EngineMaterials/Substrate/Glints2/dict_0002_0020.uasset" 9788
"../../../Engine/Content/EngineMaterials/Substrate/Glints2/dict_0002_0021.uasset" 9789
"../../../Engine/Content/EngineMaterials/Substrate/Glints2/dict_0002_0017.uasset" 9790
"../../../Engine/Content/EngineMaterials/Substrate/Glints2/dict_0002_0019.uasset" 9791
"/Engine/EngineMaterials/Substrate/Glints2/dict_0002_0035" 9792
"../../../Engine/Content/EngineMaterials/Substrate/Glints2/dict_0002_0015.uasset" 9793
"../../../Engine/Content/EngineMaterials/Substrate/Glints2/dict_0002_0016.uasset" 9794
"/Engine/EngineMaterials/Substrate/Glints2/dict_0002_0036" 9795
"/Engine/EngineMaterials/Substrate/Glints2/dict_0002_0037" 9796
"/Engine/EngineMaterials/Substrate/Glints2/dict_0002_0039" 9797
"/Engine/EngineMaterials/Substrate/Glints2/dict_0002_0040" 9798
"../../../Engine/Content/EngineMaterials/Substrate/Glints2/dict_0002_0014.uasset" 9799
"../../../Engine/Content/EngineMaterials/Substrate/Glints2/dict_0002_0013.uasset" 9800
"../../../Engine/Content/EngineMaterials/Substrate/Glints2/dict_0002_0012.uasset" 9801
"../../../Engine/Content/EngineMaterials/Substrate/Glints2/dict_0002_0011.uasset" 9802
"../../../Engine/Content/EngineMaterials/Substrate/Glints2/dict_0002_0010.uasset" 9803
"/Engine/EngineMaterials/Substrate/Glints2/dict_0002_0041" 9804
"/Engine/EngineMaterials/Substrate/Glints2/dict_0002_0038" 9805
"../../../Engine/Content/EngineMaterials/Substrate/Glints2/dict_0002_0009.uasset" 9806
"/Engine/EngineMaterials/Substrate/Glints2/dict_0002_0017" 9807
"../../../Engine/Content/EngineMaterials/Substrate/Glints2/dict_0002_0006.uasset" 9808
"../../../Engine/Content/EngineMaterials/Substrate/Glints2/dict_0002_0007.uasset" 9809
"../../../Engine/Content/EngineMaterials/Substrate/Glints2/dict_0002_0008.uasset" 9810
"/Engine/EngineMaterials/Substrate/Glints2/dict_0002_0018" 9811
"/Engine/EngineMaterials/Substrate/Glints2/dict_0002_0022" 9812
"../../../Engine/Content/EngineMaterials/Substrate/Glints2/dict_0002_0005.uasset" 9813
"../../../Engine/Content/EngineMaterials/Substrate/Glints2/dict_0002_0004.uasset" 9814
"../../../Engine/Content/EngineMaterials/Substrate/Glints2/dict_0002_0003.uasset" 9815
"../../../Engine/Content/EngineMaterials/Substrate/Glints2/dict_0002_0002.uasset" 9816
"/Engine/EngineMaterials/Substrate/Glints2/dict_0002_0023" 9817
"/Engine/EngineMaterials/Substrate/Glints2/dict_0002_0024" 9818
"../../../Engine/Content/EngineMaterials/Substrate/Glints2/dict_0002_0001.uasset" 9819
"../../../Engine/Content/EngineMaterials/Substrate/Glints2/dict_0002_0000.uasset" 9820
"/Engine/EngineMaterials/Substrate/Glints2/dict_0002_0025" 9821
"../../../Engine/Content/EngineMaterials/Substrate/Glints2/dict_0001_0255.uasset" 9822
"../../../Engine/Content/EngineMaterials/Substrate/Glints2/dict_0001_0254.uasset" 9823
"../../../Engine/Content/EngineMaterials/Substrate/Glints2/dict_0001_0253.uasset" 9824
"/Engine/EngineMaterials/Substrate/Glints2/dict_0002_0026" 9825
"/Engine/EngineMaterials/Substrate/Glints2/dict_0002_0027" 9826
"/Engine/EngineMaterials/Substrate/Glints2/dict_0002_0032" 9827
"/Engine/EngineMaterials/Substrate/Glints2/dict_0002_0019" 9828
"/Engine/EngineMaterials/Substrate/Glints2/dict_0002_0020" 9829
"/Engine/EngineMaterials/Substrate/Glints2/dict_0002_0021" 9830
"/Engine/EngineMaterials/Substrate/Glints2/dict_0002_0010" 9831
"../../../Engine/Content/EngineMaterials/Substrate/Glints2/dict_0001_0250.uasset" 9832
"../../../Engine/Content/EngineMaterials/Substrate/Glints2/dict_0001_0246.uasset" 9833
"../../../Engine/Content/EngineMaterials/Substrate/Glints2/dict_0001_0247.uasset" 9834
"../../../Engine/Content/EngineMaterials/Substrate/Glints2/dict_0001_0251.uasset" 9835
"../../../Engine/Content/EngineMaterials/Substrate/Glints2/dict_0001_0248.uasset" 9836
"../../../Engine/Content/EngineMaterials/Substrate/Glints2/dict_0001_0252.uasset" 9837
"../../../Engine/Content/EngineMaterials/Substrate/Glints2/dict_0001_0249.uasset" 9838
"../../../Engine/Content/EngineMaterials/Substrate/Glints2/dict_0001_0245.uasset" 9839
"../../../Engine/Content/EngineMaterials/Substrate/Glints2/dict_0001_0244.uasset" 9840
"../../../Engine/Content/EngineMaterials/Substrate/Glints2/dict_0001_0242.uasset" 9841
"../../../Engine/Content/EngineMaterials/Substrate/Glints2/dict_0001_0243.uasset" 9842
"../../../Engine/Content/EngineMaterials/Substrate/Glints2/dict_0001_0241.uasset" 9843
"/Engine/EngineMaterials/Substrate/Glints2/dict_0002_0011" 9844
"/Engine/EngineMaterials/Substrate/Glints2/dict_0002_0012" 9845
"/Engine/EngineMaterials/Substrate/Glints2/dict_0002_0013" 9846
"/Engine/EngineMaterials/Substrate/Glints2/dict_0002_0014" 9847
"/Engine/EngineMaterials/Substrate/Glints2/dict_0002_0015" 9848
"/Engine/EngineMaterials/Substrate/Glints2/dict_0002_0016" 9849
"/Engine/EngineMaterials/Substrate/Glints2/dict_0001_0253" 9850
"/Engine/EngineMaterials/Substrate/Glints2/dict_0001_0254" 9851
"/Engine/EngineMaterials/Substrate/Glints2/dict_0001_0255" 9852
"/Engine/EngineMaterials/Substrate/Glints2/dict_0002_0000" 9853
"/Engine/EngineMaterials/Substrate/Glints2/dict_0002_0001" 9854
"/Engine/EngineMaterials/Substrate/Glints2/dict_0002_0002" 9855
"/Engine/EngineMaterials/Substrate/Glints2/dict_0002_0003" 9856
"/Engine/EngineMaterials/Substrate/Glints2/dict_0002_0004" 9857
"/Engine/EngineMaterials/Substrate/Glints2/dict_0002_0005" 9858
"/Engine/EngineMaterials/Substrate/Glints2/dict_0002_0006" 9859
"/Engine/EngineMaterials/Substrate/Glints2/dict_0002_0007" 9860
"/Engine/EngineMaterials/Substrate/Glints2/dict_0002_0008" 9861
"/Engine/EngineMaterials/Substrate/Glints2/dict_0002_0009" 9862
"../../../Engine/Content/EngineMaterials/Substrate/Glints2/dict_0001_0230.uasset" 9863
"../../../Engine/Content/EngineMaterials/Substrate/Glints2/dict_0001_0235.uasset" 9864
"../../../Engine/Content/EngineMaterials/Substrate/Glints2/dict_0001_0234.uasset" 9865
"../../../Engine/Content/EngineMaterials/Substrate/Glints2/dict_0001_0239.uasset" 9866
"../../../Engine/Content/EngineMaterials/Substrate/Glints2/dict_0001_0236.uasset" 9867
"../../../Engine/Content/EngineMaterials/Substrate/Glints2/dict_0001_0232.uasset" 9868
"../../../Engine/Content/EngineMaterials/Substrate/Glints2/dict_0001_0238.uasset" 9869
"../../../Engine/Content/EngineMaterials/Substrate/Glints2/dict_0001_0240.uasset" 9870
"../../../Engine/Content/EngineMaterials/Substrate/Glints2/dict_0001_0233.uasset" 9871
"../../../Engine/Content/EngineMaterials/Substrate/Glints2/dict_0001_0237.uasset" 9872
"../../../Engine/Content/EngineMaterials/Substrate/Glints2/dict_0001_0231.uasset" 9873
"/Engine/EngineMaterials/Substrate/Glints2/dict_0001_0241" 9874
"/Engine/EngineMaterials/Substrate/Glints2/dict_0001_0242" 9875
"/Engine/EngineMaterials/Substrate/Glints2/dict_0001_0243" 9876
"/Engine/EngineMaterials/Substrate/Glints2/dict_0001_0244" 9877
"/Engine/EngineMaterials/Substrate/Glints2/dict_0001_0245" 9878
"/Engine/EngineMaterials/Substrate/Glints2/dict_0001_0246" 9879
"/Engine/EngineMaterials/Substrate/Glints2/dict_0001_0247" 9880
"/Engine/EngineMaterials/Substrate/Glints2/dict_0001_0248" 9881
"/Engine/EngineMaterials/Substrate/Glints2/dict_0001_0249" 9882
"/Engine/EngineMaterials/Substrate/Glints2/dict_0001_0250" 9883
"/Engine/EngineMaterials/Substrate/Glints2/dict_0001_0251" 9884
"/Engine/EngineMaterials/Substrate/Glints2/dict_0001_0252" 9885
"../../../Engine/Content/EngineMaterials/Substrate/Glints2/dict_0001_0229.uasset" 9886
"../../../Engine/Content/EngineMaterials/Substrate/Glints2/dict_0001_0228.uasset" 9887
"../../../Engine/Content/EngineMaterials/Substrate/Glints2/dict_0001_0227.uasset" 9888
"../../../Engine/Content/EngineMaterials/Substrate/Glints2/dict_0001_0226.uasset" 9889
"../../../Engine/Content/EngineMaterials/Substrate/Glints2/dict_0001_0225.uasset" 9890
"../../../Engine/Content/EngineMaterials/Substrate/Glints2/dict_0001_0224.uasset" 9891
"/Engine/EngineMaterials/Substrate/Glints2/dict_0001_0230" 9892
"../../../Engine/Content/EngineMaterials/Substrate/Glints2/dict_0001_0223.uasset" 9893
"../../../Engine/Content/EngineMaterials/Substrate/Glints2/dict_0001_0222.uasset" 9894
"../../../Engine/Content/EngineMaterials/Substrate/Glints2/dict_0001_0221.uasset" 9895
"../../../Engine/Content/EngineMaterials/Substrate/Glints2/dict_0001_0220.uasset" 9896
"../../../Engine/Content/EngineMaterials/Substrate/Glints2/dict_0001_0219.uasset" 9897
"/Engine/EngineMaterials/Substrate/Glints2/dict_0001_0234" 9898
"../../../Engine/Content/EngineMaterials/Substrate/Glints2/dict_0001_0217.uasset" 9899
"../../../Engine/Content/EngineMaterials/Substrate/Glints2/dict_0001_0218.uasset" 9900
"../../../Engine/Content/EngineMaterials/Substrate/Glints2/dict_0001_0216.uasset" 9901
"../../../Engine/Content/EngineMaterials/Substrate/Glints2/dict_0001_0215.uasset" 9902
"/Engine/EngineMaterials/Substrate/Glints2/dict_0001_0235" 9903
"../../../Engine/Content/EngineMaterials/Substrate/Glints2/dict_0001_0214.uasset" 9904
"/Engine/EngineMaterials/Substrate/Glints2/dict_0001_0225" 9905
"/Engine/EngineMaterials/Substrate/Glints2/dict_0001_0226" 9906
"/Engine/EngineMaterials/Substrate/Glints2/dict_0001_0227" 9907
"/Engine/EngineMaterials/Substrate/Glints2/dict_0001_0228" 9908
"/Engine/EngineMaterials/Substrate/Glints2/dict_0001_0229" 9909
"../../../Engine/Content/EngineMaterials/Substrate/Glints2/dict_0001_0213.uasset" 9910
"/Engine/EngineMaterials/Substrate/Glints2/dict_0001_0231" 9911
"../../../Engine/Content/EngineMaterials/Substrate/Glints2/dict_0001_0212.uasset" 9912
"../../../Engine/Content/EngineMaterials/Substrate/Glints2/dict_0001_0211.uasset" 9913
"../../../Engine/Content/EngineMaterials/Substrate/Glints2/dict_0001_0210.uasset" 9914
"../../../Engine/Content/EngineMaterials/Substrate/Glints2/dict_0001_0209.uasset" 9915
"../../../Engine/Content/EngineMaterials/Substrate/Glints2/dict_0001_0208.uasset" 9916
"../../../Engine/Content/EngineMaterials/Substrate/Glints2/dict_0001_0207.uasset" 9917
"../../../Engine/Content/EngineMaterials/Substrate/Glints2/dict_0001_0206.uasset" 9918
"/Engine/EngineMaterials/Substrate/Glints2/dict_0001_0232" 9919
"/Engine/EngineMaterials/Substrate/Glints2/dict_0001_0233" 9920
"/Engine/EngineMaterials/Substrate/Glints2/dict_0001_0236" 9921
"/Engine/EngineMaterials/Substrate/Glints2/dict_0001_0237" 9922
"/Engine/EngineMaterials/Substrate/Glints2/dict_0001_0238" 9923
"/Engine/EngineMaterials/Substrate/Glints2/dict_0001_0239" 9924
"/Engine/EngineMaterials/Substrate/Glints2/dict_0001_0240" 9925
"../../../Engine/Content/EngineMaterials/Substrate/Glints2/dict_0001_0203.uasset" 9926
"../../../Engine/Content/EngineMaterials/Substrate/Glints2/dict_0001_0205.uasset" 9927
"../../../Engine/Content/EngineMaterials/Substrate/Glints2/dict_0001_0200.uasset" 9928
"../../../Engine/Content/EngineMaterials/Substrate/Glints2/dict_0001_0204.uasset" 9929
"../../../Engine/Content/EngineMaterials/Substrate/Glints2/dict_0001_0199.uasset" 9930
"../../../Engine/Content/EngineMaterials/Substrate/Glints2/dict_0001_0198.uasset" 9931
"../../../Engine/Content/EngineMaterials/Substrate/Glints2/dict_0001_0202.uasset" 9932
"../../../Engine/Content/EngineMaterials/Substrate/Glints2/dict_0001_0201.uasset" 9933
"/Engine/EngineMaterials/Substrate/Glints2/dict_0001_0221" 9934
"../../../Engine/Content/EngineMaterials/Substrate/Glints2/dict_0001_0197.uasset" 9935
"../../../Engine/Content/EngineMaterials/Substrate/Glints2/dict_0001_0196.uasset" 9936
"../../../Engine/Content/EngineMaterials/Substrate/Glints2/dict_0001_0195.uasset" 9937
"../../../Engine/Content/EngineMaterials/Substrate/Glints2/dict_0001_0194.uasset" 9938
"/Engine/EngineMaterials/Substrate/Glints2/dict_0001_0222" 9939
"../../../Engine/Content/EngineMaterials/Substrate/Glints2/dict_0001_0193.uasset" 9940
"/Engine/EngineMaterials/Substrate/Glints2/dict_0001_0223" 9941
"/Engine/EngineMaterials/Substrate/Glints2/dict_0001_0224" 9942
"/Engine/EngineMaterials/Substrate/Glints2/dict_0001_0209" 9943
"/Engine/EngineMaterials/Substrate/Glints2/dict_0001_0210" 9944
"/Engine/EngineMaterials/Substrate/Glints2/dict_0001_0211" 9945
"/Engine/EngineMaterials/Substrate/Glints2/dict_0001_0212" 9946
"/Engine/EngineMaterials/Substrate/Glints2/dict_0001_0213" 9947
"/Engine/EngineMaterials/Substrate/Glints2/dict_0001_0214" 9948
"/Engine/EngineMaterials/Substrate/Glints2/dict_0001_0215" 9949
"/Engine/EngineMaterials/Substrate/Glints2/dict_0001_0216" 9950
"/Engine/EngineMaterials/Substrate/Glints2/dict_0001_0206" 9951
"/Engine/EngineMaterials/Substrate/Glints2/dict_0001_0217" 9952
"/Engine/EngineMaterials/Substrate/Glints2/dict_0001_0207" 9953
"/Engine/EngineMaterials/Substrate/Glints2/dict_0001_0208" 9954
"/Engine/EngineMaterials/Substrate/Glints2/dict_0001_0218" 9955
"/Engine/EngineMaterials/Substrate/Glints2/dict_0001_0219" 9956
"/Engine/EngineMaterials/Substrate/Glints2/dict_0001_0220" 9957
"/Engine/EngineMaterials/Substrate/Glints2/dict_0001_0193" 9958
"../../../Engine/Content/EngineMaterials/Substrate/Glints2/dict_0001_0185.uasset" 9959
"../../../Engine/Content/EngineMaterials/Substrate/Glints2/dict_0001_0186.uasset" 9960
"../../../Engine/Content/EngineMaterials/Substrate/Glints2/dict_0001_0191.uasset" 9961
"../../../Engine/Content/EngineMaterials/Substrate/Glints2/dict_0001_0192.uasset" 9962
"../../../Engine/Content/EngineMaterials/Substrate/Glints2/dict_0001_0183.uasset" 9963
"../../../Engine/Content/EngineMaterials/Substrate/Glints2/dict_0001_0188.uasset" 9964
"../../../Engine/Content/EngineMaterials/Substrate/Glints2/dict_0001_0184.uasset" 9965
"../../../Engine/Content/EngineMaterials/Substrate/Glints2/dict_0001_0189.uasset" 9966
"../../../Engine/Content/EngineMaterials/Substrate/Glints2/dict_0001_0190.uasset" 9967
"../../../Engine/Content/EngineMaterials/Substrate/Glints2/dict_0001_0182.uasset" 9968
"/Engine/EngineMaterials/Substrate/Glints2/dict_0001_0194" 9969
"/Engine/EngineMaterials/Substrate/Glints2/dict_0001_0195" 9970
"/Engine/EngineMaterials/Substrate/Glints2/dict_0001_0196" 9971
"/Engine/EngineMaterials/Substrate/Glints2/dict_0001_0197" 9972
"../../../Engine/Content/EngineMaterials/Substrate/Glints2/dict_0001_0187.uasset" 9973
"/Engine/EngineMaterials/Substrate/Glints2/dict_0001_0198" 9974
"/Engine/EngineMaterials/Substrate/Glints2/dict_0001_0199" 9975
"/Engine/EngineMaterials/Substrate/Glints2/dict_0001_0200" 9976
"/Engine/EngineMaterials/Substrate/Glints2/dict_0001_0201" 9977
"/Engine/EngineMaterials/Substrate/Glints2/dict_0001_0202" 9978
"/Engine/EngineMaterials/Substrate/Glints2/dict_0001_0203" 9979
"/Engine/EngineMaterials/Substrate/Glints2/dict_0001_0204" 9980
"/Engine/EngineMaterials/Substrate/Glints2/dict_0001_0205" 9981
"../../../Engine/Content/EngineMaterials/Substrate/Glints2/dict_0001_0178.uasset" 9982
"../../../Engine/Content/EngineMaterials/Substrate/Glints2/dict_0001_0181.uasset" 9983
"../../../Engine/Content/EngineMaterials/Substrate/Glints2/dict_0001_0177.uasset" 9984
"../../../Engine/Content/EngineMaterials/Substrate/Glints2/dict_0001_0176.uasset" 9985
"../../../Engine/Content/EngineMaterials/Substrate/Glints2/dict_0001_0175.uasset" 9986
"../../../Engine/Content/EngineMaterials/Substrate/Glints2/dict_0001_0180.uasset" 9987
"../../../Engine/Content/EngineMaterials/Substrate/Glints2/dict_0001_0179.uasset" 9988
"/Engine/EngineMaterials/Substrate/Glints2/dict_0001_0186" 9989
"../../../Engine/Content/EngineMaterials/Substrate/Glints2/dict_0001_0174.uasset" 9990
"../../../Engine/Content/EngineMaterials/Substrate/Glints2/dict_0001_0173.uasset" 9991
"../../../Engine/Content/EngineMaterials/Substrate/Glints2/dict_0001_0172.uasset" 9992
"../../../Engine/Content/EngineMaterials/Substrate/Glints2/dict_0001_0171.uasset" 9993
"/Engine/EngineMaterials/Substrate/Glints2/dict_0001_0188" 9994
"../../../Engine/Content/EngineMaterials/Substrate/Glints2/dict_0001_0170.uasset" 9995
"../../../Engine/Content/EngineMaterials/Substrate/Glints2/dict_0001_0169.uasset" 9996
"/Engine/EngineMaterials/Substrate/Glints2/dict_0001_0191" 9997
"../../../Engine/Content/EngineMaterials/Substrate/Glints2/dict_0001_0168.uasset" 9998
"/Engine/EngineMaterials/Substrate/Glints2/dict_0001_0192" 9999
"../../../Engine/Content/EngineMaterials/Substrate/Glints2/dict_0001_0167.uasset" 10000
"/Engine/EngineMaterials/Substrate/Glints2/dict_0001_0178" 10001
"../../../Engine/Content/EngineMaterials/Substrate/Glints2/dict_0001_0166.uasset" 10002
"/Engine/EngineMaterials/Substrate/Glints2/dict_0001_0182" 10003
"/Engine/EngineMaterials/Substrate/Glints2/dict_0001_0183" 10004
"/Engine/EngineMaterials/Substrate/Glints2/dict_0001_0184" 10005
"/Engine/EngineMaterials/Substrate/Glints2/dict_0001_0185" 10006
"/Engine/EngineMaterials/Substrate/Glints2/dict_0001_0187" 10007
"../../../Engine/Content/EngineMaterials/Substrate/Glints2/dict_0001_0165.uasset" 10008
"/Engine/EngineMaterials/Substrate/Glints2/dict_0001_0189" 10009
"../../../Engine/Content/EngineMaterials/Substrate/Glints2/dict_0001_0164.uasset" 10010
"../../../Engine/Content/EngineMaterials/Substrate/Glints2/dict_0001_0163.uasset" 10011
"../../../Engine/Content/EngineMaterials/Substrate/Glints2/dict_0001_0162.uasset" 10012
"/Engine/EngineMaterials/Substrate/Glints2/dict_0001_0190" 10013
"../../../Engine/Content/EngineMaterials/Substrate/Glints2/dict_0001_0161.uasset" 10014
"../../../Engine/Content/EngineMaterials/Substrate/Glints2/dict_0001_0160.uasset" 10015
"../../../Engine/Content/EngineMaterials/Substrate/Glints2/dict_0001_0159.uasset" 10016
"../../../Engine/Content/EngineMaterials/Substrate/Glints2/dict_0001_0158.uasset" 10017
"../../../Engine/Content/EngineMaterials/Substrate/Glints2/dict_0001_0157.uasset" 10018
"../../../Engine/Content/EngineMaterials/Substrate/Glints2/dict_0001_0153.uasset" 10019
"../../../Engine/Content/EngineMaterials/Substrate/Glints2/dict_0001_0154.uasset" 10020
"../../../Engine/Content/EngineMaterials/Substrate/Glints2/dict_0001_0155.uasset" 10021
"../../../Engine/Content/EngineMaterials/Substrate/Glints2/dict_0001_0150.uasset" 10022
"../../../Engine/Content/EngineMaterials/Substrate/Glints2/dict_0001_0156.uasset" 10023
"../../../Engine/Content/EngineMaterials/Substrate/Glints2/dict_0001_0152.uasset" 10024
"../../../Engine/Content/EngineMaterials/Substrate/Glints2/dict_0001_0151.uasset" 10025
"/Engine/EngineMaterials/Substrate/Glints2/dict_0001_0174" 10026
"/Engine/EngineMaterials/Substrate/Glints2/dict_0001_0175" 10027
"/Engine/EngineMaterials/Substrate/Glints2/dict_0001_0176" 10028
"/Engine/EngineMaterials/Substrate/Glints2/dict_0001_0177" 10029
"/Engine/EngineMaterials/Substrate/Glints2/dict_0001_0179" 10030
"../../../Engine/Content/EngineMaterials/Substrate/Glints2/dict_0001_0149.uasset" 10031
"/Engine/EngineMaterials/Substrate/Glints2/dict_0001_0180" 10032
"/Engine/EngineMaterials/Substrate/Glints2/dict_0001_0181" 10033
"/Engine/EngineMaterials/Substrate/Glints2/dict_0001_0164" 10034
"/Engine/EngineMaterials/Substrate/Glints2/dict_0001_0165" 10035
"/Engine/EngineMaterials/Substrate/Glints2/dict_0001_0166" 10036
"/Engine/EngineMaterials/Substrate/Glints2/dict_0001_0167" 10037
"/Engine/EngineMaterials/Substrate/Glints2/dict_0001_0168" 10038
"/Engine/EngineMaterials/Substrate/Glints2/dict_0001_0169" 10039
"/Engine/EngineMaterials/Substrate/Glints2/dict_0001_0170" 10040
"/Engine/EngineMaterials/Substrate/Glints2/dict_0001_0171" 10041
"/Engine/EngineMaterials/Substrate/Glints2/dict_0001_0172" 10042
"/Engine/EngineMaterials/Substrate/Glints2/dict_0001_0173" 10043
"../../../Engine/Content/EngineMaterials/Substrate/Glints2/dict_0001_0139.uasset" 10044
"../../../Engine/Content/EngineMaterials/Substrate/Glints2/dict_0001_0147.uasset" 10045
"../../../Engine/Content/EngineMaterials/Substrate/Glints2/dict_0001_0141.uasset" 10046
"../../../Engine/Content/EngineMaterials/Substrate/Glints2/dict_0001_0146.uasset" 10047
"../../../Engine/Content/EngineMaterials/Substrate/Glints2/dict_0001_0140.uasset" 10048
"/Engine/EngineMaterials/Substrate/Glints2/dict_0001_0161" 10049
"../../../Engine/Content/EngineMaterials/Substrate/Glints2/dict_0001_0144.uasset" 10050
"../../../Engine/Content/EngineMaterials/Substrate/Glints2/dict_0001_0143.uasset" 10051
"../../../Engine/Content/EngineMaterials/Substrate/Glints2/dict_0001_0138.uasset" 10052
"../../../Engine/Content/EngineMaterials/Substrate/Glints2/dict_0001_0145.uasset" 10053
"../../../Engine/Content/EngineMaterials/Substrate/Glints2/dict_0001_0148.uasset" 10054
"../../../Engine/Content/EngineMaterials/Substrate/Glints2/dict_0001_0142.uasset" 10055
"../../../Engine/Content/EngineMaterials/Substrate/Glints2/dict_0001_0137.uasset" 10056
"/Engine/EngineMaterials/Substrate/Glints2/dict_0001_0162" 10057
"../../../Engine/Content/EngineMaterials/Substrate/Glints2/dict_0001_0136.uasset" 10058
"../../../Engine/Content/EngineMaterials/Substrate/Glints2/dict_0001_0135.uasset" 10059
"/Engine/EngineMaterials/Substrate/Glints2/dict_0001_0163" 10060
"/Engine/EngineMaterials/Substrate/Glints2/dict_0001_0149" 10061
"/Engine/EngineMaterials/Substrate/Glints2/dict_0001_0150" 10062
"/Engine/EngineMaterials/Substrate/Glints2/dict_0001_0151" 10063
"/Engine/EngineMaterials/Substrate/Glints2/dict_0001_0152" 10064
"/Engine/EngineMaterials/Substrate/Glints2/dict_0001_0153" 10065
"/Engine/EngineMaterials/Substrate/Glints2/dict_0001_0157" 10066
"/Engine/EngineMaterials/Substrate/Glints2/dict_0001_0154" 10067
"/Engine/EngineMaterials/Substrate/Glints2/dict_0001_0158" 10068
"/Engine/EngineMaterials/Substrate/Glints2/dict_0001_0155" 10069
"/Engine/EngineMaterials/Substrate/Glints2/dict_0001_0156" 10070
"/Engine/EngineMaterials/Substrate/Glints2/dict_0001_0159" 10071
"/Engine/EngineMaterials/Substrate/Glints2/dict_0001_0160" 10072
"../../../Engine/Content/EngineMaterials/Substrate/Glints2/dict_0001_0134.uasset" 10073
"/Engine/EngineMaterials/Substrate/Glints2/dict_0001_0135" 10074
"/Engine/EngineMaterials/Substrate/Glints2/dict_0001_0136" 10075
"/Engine/EngineMaterials/Substrate/Glints2/dict_0001_0137" 10076
"/Engine/EngineMaterials/Substrate/Glints2/dict_0001_0138" 10077
"/Engine/EngineMaterials/Substrate/Glints2/dict_0001_0139" 10078
"../../../Engine/Content/EngineMaterials/Substrate/Glints2/dict_0001_0133.uasset" 10079
"/Engine/EngineMaterials/Substrate/Glints2/dict_0001_0140" 10080
"../../../Engine/Content/EngineMaterials/Substrate/Glints2/dict_0001_0120.uasset" 10081
"../../../Engine/Content/EngineMaterials/Substrate/Glints2/dict_0001_0132.uasset" 10082
"/Engine/EngineMaterials/Substrate/Glints2/dict_0001_0141" 10083
"../../../Engine/Content/EngineMaterials/Substrate/Glints2/dict_0001_0131.uasset" 10084
"../../../Engine/Content/EngineMaterials/Substrate/Glints2/dict_0001_0130.uasset" 10085
"../../../Engine/Content/EngineMaterials/Substrate/Glints2/dict_0001_0129.uasset" 10086
"../../../Engine/Content/EngineMaterials/Substrate/Glints2/dict_0001_0128.uasset" 10087
"../../../Engine/Content/EngineMaterials/Substrate/Glints2/dict_0001_0127.uasset" 10088
"../../../Engine/Content/EngineMaterials/Substrate/Glints2/dict_0001_0126.uasset" 10089
"../../../Engine/Content/EngineMaterials/Substrate/Glints2/dict_0001_0125.uasset" 10090
"../../../Engine/Content/EngineMaterials/Substrate/Glints2/dict_0001_0124.uasset" 10091
"/Engine/EngineMaterials/Substrate/Glints2/dict_0001_0142" 10092
"../../../Engine/Content/EngineMaterials/Substrate/Glints2/dict_0001_0123.uasset" 10093
"../../../Engine/Content/EngineMaterials/Substrate/Glints2/dict_0001_0122.uasset" 10094
"../../../Engine/Content/EngineMaterials/Substrate/Glints2/dict_0001_0121.uasset" 10095
"/Engine/EngineMaterials/Substrate/Glints2/dict_0001_0143" 10096
"/Engine/EngineMaterials/Substrate/Glints2/dict_0001_0144" 10097
"/Engine/EngineMaterials/Substrate/Glints2/dict_0001_0145" 10098
"/Engine/EngineMaterials/Substrate/Glints2/dict_0001_0146" 10099
"/Engine/EngineMaterials/Substrate/Glints2/dict_0001_0147" 10100
"/Engine/EngineMaterials/Substrate/Glints2/dict_0001_0148" 10101
"/Engine/EngineMaterials/Substrate/Glints2/dict_0001_0134" 10102
"../../../Engine/Content/EngineMaterials/Substrate/Glints2/dict_0001_0119.uasset" 10103
"../../../Engine/Content/EngineMaterials/Substrate/Glints2/dict_0001_0118.uasset" 10104
"/Engine/EngineMaterials/Substrate/Glints2/dict_0001_0132" 10105
"../../../Engine/Content/EngineMaterials/Substrate/Glints2/dict_0001_0117.uasset" 10106
"../../../Engine/Content/EngineMaterials/Substrate/Glints2/dict_0001_0116.uasset" 10107
"../../../Engine/Content/EngineMaterials/Substrate/Glints2/dict_0001_0115.uasset" 10108
"../../../Engine/Content/EngineMaterials/Substrate/Glints2/dict_0001_0113.uasset" 10109
"../../../Engine/Content/EngineMaterials/Substrate/Glints2/dict_0001_0112.uasset" 10110
"../../../Engine/Content/EngineMaterials/Substrate/Glints2/dict_0001_0114.uasset" 10111
"../../../Engine/Content/EngineMaterials/Substrate/Glints2/dict_0001_0111.uasset" 10112
"../../../Engine/Content/EngineMaterials/Substrate/Glints2/dict_0001_0109.uasset" 10113
"../../../Engine/Content/EngineMaterials/Substrate/Glints2/dict_0001_0110.uasset" 10114
"../../../Engine/Content/EngineMaterials/Substrate/Glints2/dict_0001_0108.uasset" 10115
"../../../Engine/Content/EngineMaterials/Substrate/Glints2/dict_0001_0107.uasset" 10116
"../../../Engine/Content/EngineMaterials/Substrate/Glints2/dict_0001_0106.uasset" 10117
"/Engine/EngineMaterials/Substrate/Glints2/dict_0001_0133" 10118
"/Engine/EngineMaterials/Substrate/Glints2/dict_0001_0118" 10119
"/Engine/EngineMaterials/Substrate/Glints2/dict_0001_0119" 10120
"/Engine/EngineMaterials/Substrate/Glints2/dict_0001_0120" 10121
"/Engine/EngineMaterials/Substrate/Glints2/dict_0001_0121" 10122
"/Engine/EngineMaterials/Substrate/Glints2/dict_0001_0122" 10123
"/Engine/EngineMaterials/Substrate/Glints2/dict_0001_0123" 10124
"/Engine/EngineMaterials/Substrate/Glints2/dict_0001_0124" 10125
"/Engine/EngineMaterials/Substrate/Glints2/dict_0001_0125" 10126
"/Engine/EngineMaterials/Substrate/Glints2/dict_0001_0126" 10127
"/Engine/EngineMaterials/Substrate/Glints2/dict_0001_0127" 10128
"/Engine/EngineMaterials/Substrate/Glints2/dict_0001_0128" 10129
"../../../Engine/Content/EngineMaterials/Substrate/Glints2/dict_0001_0105.uasset" 10130
"../../../Engine/Content/EngineMaterials/Substrate/Glints2/dict_0001_0104.uasset" 10131
"../../../Engine/Content/EngineMaterials/Substrate/Glints2/dict_0001_0103.uasset" 10132
"../../../Engine/Content/EngineMaterials/Substrate/Glints2/dict_0001_0102.uasset" 10133
"/Engine/EngineMaterials/Substrate/Glints2/dict_0001_0129" 10134
"/Engine/EngineMaterials/Substrate/Glints2/dict_0001_0130" 10135
"/Engine/EngineMaterials/Substrate/Glints2/dict_0001_0131" 10136
"/Engine/EngineMaterials/Substrate/Glints2/dict_0001_0117" 10137
"/Engine/EngineMaterials/Substrate/Glints2/dict_0001_0106" 10138
"/Engine/EngineMaterials/Substrate/Glints2/dict_0001_0107" 10139
"/Engine/EngineMaterials/Substrate/Glints2/dict_0001_0108" 10140
"/Engine/EngineMaterials/Substrate/Glints2/dict_0001_0109" 10141
"/Engine/EngineMaterials/Substrate/Glints2/dict_0001_0110" 10142
"/Engine/EngineMaterials/Substrate/Glints2/dict_0001_0111" 10143
"/Engine/EngineMaterials/Substrate/Glints2/dict_0001_0112" 10144
"/Engine/EngineMaterials/Substrate/Glints2/dict_0001_0113" 10145
"/Engine/EngineMaterials/Substrate/Glints2/dict_0001_0114" 10146
"../../../Engine/Content/EngineMaterials/Substrate/Glints2/dict_0001_0101.uasset" 10147
"../../../Engine/Content/EngineMaterials/Substrate/Glints2/dict_0001_0099.uasset" 10148
"../../../Engine/Content/EngineMaterials/Substrate/Glints2/dict_0001_0098.uasset" 10149
"/Engine/EngineMaterials/Substrate/Glints2/dict_0001_0115" 10150
"../../../Engine/Content/EngineMaterials/Substrate/Glints2/dict_0001_0097.uasset" 10151
"../../../Engine/Content/EngineMaterials/Substrate/Glints2/dict_0001_0100.uasset" 10152
"../../../Engine/Content/EngineMaterials/Substrate/Glints2/dict_0001_0095.uasset" 10153
"../../../Engine/Content/EngineMaterials/Substrate/Glints2/dict_0001_0093.uasset" 10154
"../../../Engine/Content/EngineMaterials/Substrate/Glints2/dict_0001_0096.uasset" 10155
"../../../Engine/Content/EngineMaterials/Substrate/Glints2/dict_0001_0094.uasset" 10156
"../../../Engine/Content/EngineMaterials/Substrate/Glints2/dict_0001_0092.uasset" 10157
"/Engine/EngineMaterials/Substrate/Glints2/dict_0001_0116" 10158
"/Engine/EngineMaterials/Substrate/Glints2/dict_0001_0102" 10159
"/Engine/EngineMaterials/Substrate/Glints2/dict_0001_0103" 10160
"/Engine/EngineMaterials/Substrate/Glints2/dict_0001_0104" 10161
"/Engine/EngineMaterials/Substrate/Glints2/dict_0001_0105" 10162
"../../../Engine/Content/EngineMaterials/Substrate/Glints2/dict_0001_0087.uasset" 10163
"../../../Engine/Content/EngineMaterials/Substrate/Glints2/dict_0001_0091.uasset" 10164
"../../../Engine/Content/EngineMaterials/Substrate/Glints2/dict_0001_0089.uasset" 10165
"../../../Engine/Content/EngineMaterials/Substrate/Glints2/dict_0001_0090.uasset" 10166
"../../../Engine/Content/EngineMaterials/Substrate/Glints2/dict_0001_0088.uasset" 10167
"../../../Engine/Content/EngineMaterials/Substrate/Glints2/dict_0001_0086.uasset" 10168
"/Engine/EngineMaterials/Substrate/Glints2/dict_0001_0092" 10169
"/Engine/EngineMaterials/Substrate/Glints2/dict_0001_0093" 10170
"/Engine/EngineMaterials/Substrate/Glints2/dict_0001_0094" 10171
"/Engine/EngineMaterials/Substrate/Glints2/dict_0001_0095" 10172
"/Engine/EngineMaterials/Substrate/Glints2/dict_0001_0096" 10173
"/Engine/EngineMaterials/Substrate/Glints2/dict_0001_0097" 10174
"/Engine/EngineMaterials/Substrate/Glints2/dict_0001_0098" 10175
"/Engine/EngineMaterials/Substrate/Glints2/dict_0001_0099" 10176
"/Engine/EngineMaterials/Substrate/Glints2/dict_0001_0100" 10177
"/Engine/EngineMaterials/Substrate/Glints2/dict_0001_0101" 10178
"/Engine/EngineMaterials/Substrate/Glints2/dict_0001_0086" 10179
"/Engine/EngineMaterials/Substrate/Glints2/dict_0001_0087" 10180
"/Engine/EngineMaterials/Substrate/Glints2/dict_0001_0088" 10181
"/Engine/EngineMaterials/Substrate/Glints2/dict_0001_0089" 10182
"../../../Engine/Content/EngineMaterials/Substrate/Glints2/dict_0001_0075.uasset" 10183
"../../../Engine/Content/EngineMaterials/Substrate/Glints2/dict_0001_0085.uasset" 10184
"../../../Engine/Content/EngineMaterials/Substrate/Glints2/dict_0001_0074.uasset" 10185
"../../../Engine/Content/EngineMaterials/Substrate/Glints2/dict_0001_0073.uasset" 10186
"/Engine/EngineMaterials/Substrate/Glints2/dict_0001_0090" 10187
"../../../Engine/Content/EngineMaterials/Substrate/Glints2/dict_0001_0072.uasset" 10188
"../../../Engine/Content/EngineMaterials/Substrate/Glints2/dict_0001_0084.uasset" 10189
"../../../Engine/Content/EngineMaterials/Substrate/Glints2/dict_0001_0083.uasset" 10190
"/Engine/EngineMaterials/Substrate/Glints2/dict_0001_0091" 10191
"../../../Engine/Content/EngineMaterials/Substrate/Glints2/dict_0001_0082.uasset" 10192
"../../../Engine/Content/EngineMaterials/Substrate/Glints2/dict_0001_0081.uasset" 10193
"../../../Engine/Content/EngineMaterials/Substrate/Glints2/dict_0001_0080.uasset" 10194
"../../../Engine/Content/EngineMaterials/Substrate/Glints2/dict_0001_0079.uasset" 10195
"../../../Engine/Content/EngineMaterials/Substrate/Glints2/dict_0001_0078.uasset" 10196
"../../../Engine/Content/EngineMaterials/Substrate/Glints2/dict_0001_0076.uasset" 10197
"../../../Engine/Content/EngineMaterials/Substrate/Glints2/dict_0001_0077.uasset" 10198
"../../../Engine/Content/EngineMaterials/Substrate/Glints2/dict_0001_0071.uasset" 10199
"/Engine/EngineMaterials/Substrate/Glints2/dict_0001_0074" 10200
"/Engine/EngineMaterials/Substrate/Glints2/dict_0001_0072" 10201
"/Engine/EngineMaterials/Substrate/Glints2/dict_0001_0073" 10202
"/Engine/EngineMaterials/Substrate/Glints2/dict_0001_0075" 10203
"/Engine/EngineMaterials/Substrate/Glints2/dict_0001_0078" 10204
"/Engine/EngineMaterials/Substrate/Glints2/dict_0001_0079" 10205
"/Engine/EngineMaterials/Substrate/Glints2/dict_0001_0080" 10206
"/Engine/EngineMaterials/Substrate/Glints2/dict_0001_0081" 10207
"../../../Engine/Content/EngineMaterials/Substrate/Glints2/dict_0001_0070.uasset" 10208
"../../../Engine/Content/EngineMaterials/Substrate/Glints2/dict_0001_0069.uasset" 10209
"../../../Engine/Content/EngineMaterials/Substrate/Glints2/dict_0001_0068.uasset" 10210
"/Engine/EngineMaterials/Substrate/Glints2/dict_0001_0082" 10211
"../../../Engine/Content/EngineMaterials/Substrate/Glints2/dict_0001_0067.uasset" 10212
"/Engine/EngineMaterials/Substrate/Glints2/dict_0001_0083" 10213
"/Engine/EngineMaterials/Substrate/Glints2/dict_0001_0084" 10214
"/Engine/EngineMaterials/Substrate/Glints2/dict_0001_0085" 10215
"/Engine/EngineMaterials/Substrate/Glints2/dict_0001_0071" 10216
"/Engine/EngineMaterials/Substrate/Glints2/dict_0001_0076" 10217
"/Engine/EngineMaterials/Substrate/Glints2/dict_0001_0077" 10218
"../../../Engine/Content/EngineMaterials/Substrate/Glints2/dict_0001_0066.uasset" 10219
"../../../Engine/Content/EngineMaterials/Substrate/Glints2/dict_0001_0065.uasset" 10220
"../../../Engine/Content/EngineMaterials/Substrate/Glints2/dict_0001_0062.uasset" 10221
"../../../Engine/Content/EngineMaterials/Substrate/Glints2/dict_0001_0064.uasset" 10222
"../../../Engine/Content/EngineMaterials/Substrate/Glints2/dict_0001_0063.uasset" 10223
"../../../Engine/Content/EngineMaterials/Substrate/Glints2/dict_0001_0061.uasset" 10224
"../../../Engine/Content/EngineMaterials/Substrate/Glints2/dict_0001_0060.uasset" 10225
"/Engine/EngineMaterials/Substrate/Glints2/dict_0001_0070" 10226
"/Engine/EngineMaterials/Substrate/Glints2/dict_0001_0067" 10227
"/Engine/EngineMaterials/Substrate/Glints2/dict_0001_0068" 10228
"/Engine/EngineMaterials/Substrate/Glints2/dict_0001_0069" 10229
"../../../Engine/Content/EngineMaterials/Substrate/Glints2/dict_0001_0058.uasset" 10230
"../../../Engine/Content/EngineMaterials/Substrate/Glints2/dict_0001_0055.uasset" 10231
"../../../Engine/Content/EngineMaterials/Substrate/Glints2/dict_0001_0059.uasset" 10232
"../../../Engine/Content/EngineMaterials/Substrate/Glints2/dict_0001_0057.uasset" 10233
"../../../Engine/Content/EngineMaterials/Substrate/Glints2/dict_0001_0056.uasset" 10234
"../../../Engine/Content/EngineMaterials/Substrate/Glints2/dict_0001_0054.uasset" 10235
"../../../Engine/Content/EngineMaterials/Substrate/Glints2/dict_0001_0053.uasset" 10236
"/Engine/EngineMaterials/Substrate/Glints2/dict_0001_0060" 10237
"/Engine/EngineMaterials/Substrate/Glints2/dict_0001_0061" 10238
"/Engine/EngineMaterials/Substrate/Glints2/dict_0001_0062" 10239
"/Engine/EngineMaterials/Substrate/Glints2/dict_0001_0063" 10240
"/Engine/EngineMaterials/Substrate/Glints2/dict_0001_0064" 10241
"/Engine/EngineMaterials/Substrate/Glints2/dict_0001_0065" 10242
"/Engine/EngineMaterials/Substrate/Glints2/dict_0001_0066" 10243
"../../../Engine/Content/EngineMaterials/Substrate/Glints2/dict_0001_0052.uasset" 10244
"../../../Engine/Content/EngineMaterials/Substrate/Glints2/dict_0001_0047.uasset" 10245
"../../../Engine/Content/EngineMaterials/Substrate/Glints2/dict_0001_0050.uasset" 10246
"../../../Engine/Content/EngineMaterials/Substrate/Glints2/dict_0001_0049.uasset" 10247
"../../../Engine/Content/EngineMaterials/Substrate/Glints2/dict_0001_0048.uasset" 10248
"../../../Engine/Content/EngineMaterials/Substrate/Glints2/dict_0001_0046.uasset" 10249
"../../../Engine/Content/EngineMaterials/Substrate/Glints2/dict_0001_0040.uasset" 10250
"../../../Engine/Content/EngineMaterials/Substrate/Glints2/dict_0001_0045.uasset" 10251
"../../../Engine/Content/EngineMaterials/Substrate/Glints2/dict_0001_0044.uasset" 10252
"../../../Engine/Content/EngineMaterials/Substrate/Glints2/dict_0001_0043.uasset" 10253
"../../../Engine/Content/EngineMaterials/Substrate/Glints2/dict_0001_0042.uasset" 10254
"../../../Engine/Content/EngineMaterials/Substrate/Glints2/dict_0001_0041.uasset" 10255
"../../../Engine/Content/EngineMaterials/Substrate/Glints2/dict_0001_0051.uasset" 10256
"../../../Engine/Content/EngineMaterials/Substrate/Glints2/dict_0001_0039.uasset" 10257
"/Engine/EngineMaterials/Substrate/Glints2/dict_0001_0054" 10258
"../../../Engine/Content/EngineMaterials/Substrate/Glints2/dict_0001_0038.uasset" 10259
"/Engine/EngineMaterials/Substrate/Glints2/dict_0001_0055" 10260
"/Engine/EngineMaterials/Substrate/Glints2/dict_0001_0056" 10261
"/Engine/EngineMaterials/Substrate/Glints2/dict_0001_0057" 10262
"/Engine/EngineMaterials/Substrate/Glints2/dict_0001_0058" 10263
"/Engine/EngineMaterials/Substrate/Glints2/dict_0001_0059" 10264
"/Engine/EngineMaterials/Substrate/Glints2/dict_0001_0047" 10265
"/Engine/EngineMaterials/Substrate/Glints2/dict_0001_0053" 10266
"/Engine/EngineMaterials/Substrate/Glints2/dict_0001_0046" 10267
"/Engine/EngineMaterials/Substrate/Glints2/dict_0001_0048" 10268
"/Engine/EngineMaterials/Substrate/Glints2/dict_0001_0049" 10269
"/Engine/EngineMaterials/Substrate/Glints2/dict_0001_0050" 10270
"/Engine/EngineMaterials/Substrate/Glints2/dict_0001_0052" 10271
"../../../Engine/Content/EngineMaterials/Substrate/Glints2/dict_0001_0037.uasset" 10272
"../../../Engine/Content/EngineMaterials/Substrate/Glints2/dict_0001_0027.uasset" 10273
"../../../Engine/Content/EngineMaterials/Substrate/Glints2/dict_0001_0025.uasset" 10274
"../../../Engine/Content/EngineMaterials/Substrate/Glints2/dict_0001_0034.uasset" 10275
"../../../Engine/Content/EngineMaterials/Substrate/Glints2/dict_0001_0026.uasset" 10276
"../../../Engine/Content/EngineMaterials/Substrate/Glints2/dict_0001_0036.uasset" 10277
"../../../Engine/Content/EngineMaterials/Substrate/Glints2/dict_0001_0029.uasset" 10278
"../../../Engine/Content/EngineMaterials/Substrate/Glints2/dict_0001_0028.uasset" 10279
"../../../Engine/Content/EngineMaterials/Substrate/Glints2/dict_0001_0023.uasset" 10280
"../../../Engine/Content/EngineMaterials/Substrate/Glints2/dict_0001_0024.uasset" 10281
"/Engine/EngineMaterials/Substrate/Glints2/dict_0001_0039" 10282
"../../../Engine/Content/EngineMaterials/Substrate/Glints2/dict_0001_0035.uasset" 10283
"../../../Engine/Content/EngineMaterials/Substrate/Glints2/dict_0001_0033.uasset" 10284
"/Engine/EngineMaterials/Substrate/Glints2/dict_0001_0042" 10285
"/Engine/EngineMaterials/Substrate/Glints2/dict_0001_0043" 10286
"/Engine/EngineMaterials/Substrate/Glints2/dict_0001_0044" 10287
"/Engine/EngineMaterials/Substrate/Glints2/dict_0001_0045" 10288
"/Engine/EngineMaterials/Substrate/Glints2/dict_0001_0040" 10289
"/Engine/EngineMaterials/Substrate/Glints2/dict_0001_0041" 10290
"/Engine/EngineMaterials/Substrate/Glints2/dict_0001_0051" 10291
"/Engine/EngineMaterials/Substrate/Glints2/dict_0001_0037" 10292
"/Engine/EngineMaterials/Substrate/Glints2/dict_0001_0038" 10293
"../../../Engine/Content/EngineMaterials/Substrate/Glints2/dict_0001_0031.uasset" 10294
"../../../Engine/Content/EngineMaterials/Substrate/Glints2/dict_0001_0032.uasset" 10295
"../../../Engine/Content/EngineMaterials/Substrate/Glints2/dict_0001_0022.uasset" 10296
"../../../Engine/Content/EngineMaterials/Substrate/Glints2/dict_0001_0030.uasset" 10297
"/Engine/EngineMaterials/Substrate/Glints2/dict_0001_0035" 10298
"/Engine/EngineMaterials/Substrate/Glints2/dict_0001_0023" 10299
"/Engine/EngineMaterials/Substrate/Glints2/dict_0001_0024" 10300
"/Engine/EngineMaterials/Substrate/Glints2/dict_0001_0025" 10301
"/Engine/EngineMaterials/Substrate/Glints2/dict_0001_0028" 10302
"/Engine/EngineMaterials/Substrate/Glints2/dict_0001_0029" 10303
"/Engine/EngineMaterials/Substrate/Glints2/dict_0001_0031" 10304
"/Engine/EngineMaterials/Substrate/Glints2/dict_0001_0032" 10305
"/Engine/EngineMaterials/Substrate/Glints2/dict_0001_0026" 10306
"/Engine/EngineMaterials/Substrate/Glints2/dict_0001_0033" 10307
"/Engine/EngineMaterials/Substrate/Glints2/dict_0001_0034" 10308
"../../../Engine/Content/EngineMaterials/Substrate/Glints2/dict_0001_0021.uasset" 10309
"/Engine/EngineMaterials/Substrate/Glints2/dict_0001_0036" 10310
"../../../Engine/Content/EngineMaterials/Substrate/Glints2/dict_0001_0013.uasset" 10311
"/Engine/EngineMaterials/Substrate/Glints2/dict_0001_0027" 10312
"../../../Engine/Content/EngineMaterials/Substrate/Glints2/dict_0001_0020.uasset" 10313
"../../../Engine/Content/EngineMaterials/Substrate/Glints2/dict_0001_0019.uasset" 10314
"../../../Engine/Content/EngineMaterials/Substrate/Glints2/dict_0001_0018.uasset" 10315
"../../../Engine/Content/EngineMaterials/Substrate/Glints2/dict_0001_0017.uasset" 10316
"../../../Engine/Content/EngineMaterials/Substrate/Glints2/dict_0001_0016.uasset" 10317
"../../../Engine/Content/EngineMaterials/Substrate/Glints2/dict_0001_0014.uasset" 10318
"../../../Engine/Content/EngineMaterials/Substrate/Glints2/dict_0001_0015.uasset" 10319
"../../../Engine/Content/EngineMaterials/Substrate/Glints2/dict_0001_0012.uasset" 10320
"/Engine/EngineMaterials/Substrate/Glints2/dict_0001_0022" 10321
"/Engine/EngineMaterials/Substrate/Glints2/dict_0001_0030" 10322
"../../../Engine/Content/EngineMaterials/Substrate/Glints2/dict_0001_0011.uasset" 10323
"../../../Engine/Content/EngineMaterials/Substrate/Glints2/dict_0001_0009.uasset" 10324
"../../../Engine/Content/EngineMaterials/Substrate/Glints2/dict_0001_0010.uasset" 10325
"../../../Engine/Content/EngineMaterials/Substrate/Glints2/dict_0001_0008.uasset" 10326
"/Engine/EngineMaterials/Substrate/Glints2/dict_0001_0020" 10327
"/Engine/EngineMaterials/Substrate/Glints2/dict_0001_0021" 10328
"/Engine/EngineMaterials/Substrate/Glints2/dict_0001_0015" 10329
"../../../Engine/Content/EngineMaterials/Substrate/Glints2/dict_0001_0007.uasset" 10330
"/Engine/EngineMaterials/Substrate/Glints2/dict_0001_0016" 10331
"../../../Engine/Content/EngineMaterials/Substrate/Glints2/dict_0001_0006.uasset" 10332
"/Engine/EngineMaterials/Substrate/Glints2/dict_0001_0017" 10333
"../../../Engine/Content/EngineMaterials/Substrate/Glints2/dict_0001_0005.uasset" 10334
"../../../Engine/Content/EngineMaterials/Substrate/Glints2/dict_0001_0004.uasset" 10335
"../../../Engine/Content/EngineMaterials/Substrate/Glints2/dict_0001_0003.uasset" 10336
"/Engine/EngineMaterials/Substrate/Glints2/dict_0001_0018" 10337
"/Engine/EngineMaterials/Substrate/Glints2/dict_0001_0012" 10338
"/Engine/EngineMaterials/Substrate/Glints2/dict_0001_0019" 10339
"/Engine/EngineMaterials/Substrate/Glints2/dict_0001_0013" 10340
"/Engine/EngineMaterials/Substrate/Glints2/dict_0001_0014" 10341
"/Engine/EngineMaterials/Substrate/Glints2/dict_0001_0008" 10342
"/Engine/EngineMaterials/Substrate/Glints2/dict_0001_0009" 10343
"/Engine/EngineMaterials/Substrate/Glints2/dict_0001_0010" 10344
"/Engine/EngineMaterials/Substrate/Glints2/dict_0001_0011" 10345
"/Engine/EngineMaterials/Substrate/Glints2/dict_0001_0007" 10346
"/Engine/EngineMaterials/Substrate/Glints2/dict_0001_0005" 10347
"../../../Engine/Content/EngineMaterials/Substrate/Glints2/dict_0001_0002.uasset" 10348
"../../../Engine/Content/EngineMaterials/Substrate/Glints2/dict_0000_0254.uasset" 10349
"../../../Engine/Content/EngineMaterials/Substrate/Glints2/dict_0001_0001.uasset" 10350
"/Engine/EngineMaterials/Substrate/Glints2/dict_0001_0006" 10351
"../../../Engine/Content/EngineMaterials/Substrate/Glints2/dict_0001_0000.uasset" 10352
"../../../Engine/Content/EngineMaterials/Substrate/Glints2/dict_0000_0255.uasset" 10353
"/Engine/EngineMaterials/Substrate/Glints2/dict_0001_0003" 10354
"/Engine/EngineMaterials/Substrate/Glints2/dict_0001_0004" 10355
"../../../Engine/Content/EngineMaterials/Substrate/Glints2/dict_0000_0247.uasset" 10356
"../../../Engine/Content/EngineMaterials/Substrate/Glints2/dict_0000_0249.uasset" 10357
"../../../Engine/Content/EngineMaterials/Substrate/Glints2/dict_0000_0253.uasset" 10358
"../../../Engine/Content/EngineMaterials/Substrate/Glints2/dict_0000_0252.uasset" 10359
"../../../Engine/Content/EngineMaterials/Substrate/Glints2/dict_0000_0251.uasset" 10360
"../../../Engine/Content/EngineMaterials/Substrate/Glints2/dict_0000_0250.uasset" 10361
"../../../Engine/Content/EngineMaterials/Substrate/Glints2/dict_0000_0248.uasset" 10362
"../../../Engine/Content/EngineMaterials/Substrate/Glints2/dict_0000_0246.uasset" 10363
"../../../Engine/Content/EngineMaterials/Substrate/Glints2/dict_0000_0245.uasset" 10364
"/Engine/EngineMaterials/Substrate/Glints2/dict_0000_0254" 10365
"/Engine/EngineMaterials/Substrate/Glints2/dict_0001_0001" 10366
"/Engine/EngineMaterials/Substrate/Glints2/dict_0001_0002" 10367
"../../../Engine/Content/EngineMaterials/Substrate/Glints2/dict_0000_0244.uasset" 10368
"/Engine/EngineMaterials/Substrate/Glints2/dict_0000_0247" 10369
"/Engine/EngineMaterials/Substrate/Glints2/dict_0000_0255" 10370
"/Engine/EngineMaterials/Substrate/Glints2/dict_0001_0000" 10371
"/Engine/EngineMaterials/Substrate/Glints2/dict_0000_0248" 10372
"/Engine/EngineMaterials/Substrate/Glints2/dict_0000_0246" 10373
"/Engine/EngineMaterials/Substrate/Glints2/dict_0000_0249" 10374
"/Engine/EngineMaterials/Substrate/Glints2/dict_0000_0250" 10375
"/Engine/EngineMaterials/Substrate/Glints2/dict_0000_0251" 10376
"/Engine/EngineMaterials/Substrate/Glints2/dict_0000_0252" 10377
"/Engine/EngineMaterials/Substrate/Glints2/dict_0000_0253" 10378
"/Engine/EngineMaterials/Substrate/Glints2/dict_0000_0245" 10379
"../../../Engine/Content/EngineMaterials/Substrate/Glints2/dict_0000_0241.uasset" 10380
"../../../Engine/Content/EngineMaterials/Substrate/Glints2/dict_0000_0243.uasset" 10381
"../../../Engine/Content/EngineMaterials/Substrate/Glints2/dict_0000_0242.uasset" 10382
"../../../Engine/Content/EngineMaterials/Substrate/Glints2/dict_0000_0230.uasset" 10383
"../../../Engine/Content/EngineMaterials/Substrate/Glints2/dict_0000_0233.uasset" 10384
"../../../Engine/Content/EngineMaterials/Substrate/Glints2/dict_0000_0235.uasset" 10385
"../../../Engine/Content/EngineMaterials/Substrate/Glints2/dict_0000_0240.uasset" 10386
"../../../Engine/Content/EngineMaterials/Substrate/Glints2/dict_0000_0234.uasset" 10387
"../../../Engine/Content/EngineMaterials/Substrate/Glints2/dict_0000_0239.uasset" 10388
"../../../Engine/Content/EngineMaterials/Substrate/Glints2/dict_0000_0232.uasset" 10389
"../../../Engine/Content/EngineMaterials/Substrate/Glints2/dict_0000_0238.uasset" 10390
"../../../Engine/Content/EngineMaterials/Substrate/Glints2/dict_0000_0237.uasset" 10391
"../../../Engine/Content/EngineMaterials/Substrate/Glints2/dict_0000_0231.uasset" 10392
"../../../Engine/Content/EngineMaterials/Substrate/Glints2/dict_0000_0236.uasset" 10393
"/Engine/EngineMaterials/Substrate/Glints2/dict_0000_0237" 10394
"/Engine/EngineMaterials/Substrate/Glints2/dict_0000_0230" 10395
"/Engine/EngineMaterials/Substrate/Glints2/dict_0000_0231" 10396
"/Engine/EngineMaterials/Substrate/Glints2/dict_0000_0232" 10397
"/Engine/EngineMaterials/Substrate/Glints2/dict_0000_0233" 10398
"/Engine/EngineMaterials/Substrate/Glints2/dict_0000_0234" 10399
"/Engine/EngineMaterials/Substrate/Glints2/dict_0000_0235" 10400
"/Engine/EngineMaterials/Substrate/Glints2/dict_0000_0238" 10401
"/Engine/EngineMaterials/Substrate/Glints2/dict_0000_0239" 10402
"/Engine/EngineMaterials/Substrate/Glints2/dict_0000_0240" 10403
"/Engine/EngineMaterials/Substrate/Glints2/dict_0000_0241" 10404
"/Engine/EngineMaterials/Substrate/Glints2/dict_0000_0242" 10405
"/Engine/EngineMaterials/Substrate/Glints2/dict_0000_0243" 10406
"/Engine/EngineMaterials/Substrate/Glints2/dict_0000_0244" 10407
"/Engine/EngineMaterials/Substrate/Glints2/dict_0000_0236" 10408
"../../../Engine/Content/EngineMaterials/Substrate/Glints2/dict_0000_0217.uasset" 10409
"../../../Engine/Content/EngineMaterials/Substrate/Glints2/dict_0000_0221.uasset" 10410
"../../../Engine/Content/EngineMaterials/Substrate/Glints2/dict_0000_0229.uasset" 10411
"../../../Engine/Content/EngineMaterials/Substrate/Glints2/dict_0000_0228.uasset" 10412
"../../../Engine/Content/EngineMaterials/Substrate/Glints2/dict_0000_0220.uasset" 10413
"../../../Engine/Content/EngineMaterials/Substrate/Glints2/dict_0000_0227.uasset" 10414
"../../../Engine/Content/EngineMaterials/Substrate/Glints2/dict_0000_0226.uasset" 10415
"../../../Engine/Content/EngineMaterials/Substrate/Glints2/dict_0000_0218.uasset" 10416
"../../../Engine/Content/EngineMaterials/Substrate/Glints2/dict_0000_0224.uasset" 10417
"../../../Engine/Content/EngineMaterials/Substrate/Glints2/dict_0000_0223.uasset" 10418
"../../../Engine/Content/EngineMaterials/Substrate/Glints2/dict_0000_0219.uasset" 10419
"../../../Engine/Content/EngineMaterials/Substrate/Glints2/dict_0000_0222.uasset" 10420
"../../../Engine/Content/EngineMaterials/Substrate/Glints2/dict_0000_0225.uasset" 10421
"../../../Engine/Content/EngineMaterials/Substrate/Glints2/dict_0000_0216.uasset" 10422
"../../../Engine/Content/EngineMaterials/Substrate/Glints2/dict_0000_0215.uasset" 10423
"../../../Engine/Content/EngineMaterials/Substrate/Glints2/dict_0000_0214.uasset" 10424
"/Engine/EngineMaterials/Substrate/Glints2/dict_0000_0229" 10425
"/Engine/EngineMaterials/Substrate/Glints2/dict_0000_0214" 10426
"/Engine/EngineMaterials/Substrate/Glints2/dict_0000_0215" 10427
"/Engine/EngineMaterials/Substrate/Glints2/dict_0000_0216" 10428
"/Engine/EngineMaterials/Substrate/Glints2/dict_0000_0217" 10429
"/Engine/EngineMaterials/Substrate/Glints2/dict_0000_0218" 10430
"../../../Engine/Content/EngineMaterials/Substrate/Glints2/dict_0000_0203.uasset" 10431
"/Engine/EngineMaterials/Substrate/Glints2/dict_0000_0219" 10432
"../../../Engine/Content/EngineMaterials/Substrate/Glints2/dict_0000_0201.uasset" 10433
"../../../Engine/Content/EngineMaterials/Substrate/Glints2/dict_0000_0213.uasset" 10434
"../../../Engine/Content/EngineMaterials/Substrate/Glints2/dict_0000_0212.uasset" 10435
"../../../Engine/Content/EngineMaterials/Substrate/Glints2/dict_0000_0205.uasset" 10436
"../../../Engine/Content/EngineMaterials/Substrate/Glints2/dict_0000_0211.uasset" 10437
"../../../Engine/Content/EngineMaterials/Substrate/Glints2/dict_0000_0204.uasset" 10438
"../../../Engine/Content/EngineMaterials/Substrate/Glints2/dict_0000_0202.uasset" 10439
"../../../Engine/Content/EngineMaterials/Substrate/Glints2/dict_0000_0206.uasset" 10440
"../../../Engine/Content/EngineMaterials/Substrate/Glints2/dict_0000_0210.uasset" 10441
"../../../Engine/Content/EngineMaterials/Substrate/Glints2/dict_0000_0208.uasset" 10442
"../../../Engine/Content/EngineMaterials/Substrate/Glints2/dict_0000_0207.uasset" 10443
"../../../Engine/Content/EngineMaterials/Substrate/Glints2/dict_0000_0200.uasset" 10444
"../../../Engine/Content/EngineMaterials/Substrate/Glints2/dict_0000_0209.uasset" 10445
"/Engine/EngineMaterials/Substrate/Glints2/dict_0000_0221" 10446
"/Engine/EngineMaterials/Substrate/Glints2/dict_0000_0224" 10447
"/Engine/EngineMaterials/Substrate/Glints2/dict_0000_0222" 10448
"/Engine/EngineMaterials/Substrate/Glints2/dict_0000_0223" 10449
"/Engine/EngineMaterials/Substrate/Glints2/dict_0000_0225" 10450
"/Engine/EngineMaterials/Substrate/Glints2/dict_0000_0226" 10451
"/Engine/EngineMaterials/Substrate/Glints2/dict_0000_0227" 10452
"/Engine/EngineMaterials/Substrate/Glints2/dict_0000_0228" 10453
"/Engine/EngineMaterials/Substrate/Glints2/dict_0000_0220" 10454
"../../../Engine/Content/EngineMaterials/Substrate/Glints2/dict_0000_0199.uasset" 10455
"../../../Engine/Content/EngineMaterials/Substrate/Glints2/dict_0000_0198.uasset" 10456
"../../../Engine/Content/EngineMaterials/Substrate/Glints2/dict_0000_0197.uasset" 10457
"../../../Engine/Content/EngineMaterials/Substrate/Glints2/dict_0000_0196.uasset" 10458
"/Engine/EngineMaterials/Substrate/Glints2/dict_0000_0213" 10459
"/Engine/EngineMaterials/Substrate/Glints2/dict_0000_0200" 10460
"/Engine/EngineMaterials/Substrate/Glints2/dict_0000_0201" 10461
"/Engine/EngineMaterials/Substrate/Glints2/dict_0000_0202" 10462
"/Engine/EngineMaterials/Substrate/Glints2/dict_0000_0203" 10463
"/Engine/EngineMaterials/Substrate/Glints2/dict_0000_0204" 10464
"/Engine/EngineMaterials/Substrate/Glints2/dict_0000_0205" 10465
"/Engine/EngineMaterials/Substrate/Glints2/dict_0000_0206" 10466
"/Engine/EngineMaterials/Substrate/Glints2/dict_0000_0207" 10467
"/Engine/EngineMaterials/Substrate/Glints2/dict_0000_0208" 10468
"/Engine/EngineMaterials/Substrate/Glints2/dict_0000_0209" 10469
"/Engine/EngineMaterials/Substrate/Glints2/dict_0000_0210" 10470
"/Engine/EngineMaterials/Substrate/Glints2/dict_0000_0211" 10471
"/Engine/EngineMaterials/Substrate/Glints2/dict_0000_0212" 10472
"../../../Engine/Content/EngineMaterials/Substrate/Glints2/dict_0000_0195.uasset" 10473
"../../../Engine/Content/EngineMaterials/Substrate/Glints2/dict_0000_0194.uasset" 10474
"../../../Engine/Content/EngineMaterials/Substrate/Glints2/dict_0000_0193.uasset" 10475
"../../../Engine/Content/EngineMaterials/Substrate/Glints2/dict_0000_0190.uasset" 10476
"../../../Engine/Content/EngineMaterials/Substrate/Glints2/dict_0000_0186.uasset" 10477
"../../../Engine/Content/EngineMaterials/Substrate/Glints2/dict_0000_0192.uasset" 10478
"../../../Engine/Content/EngineMaterials/Substrate/Glints2/dict_0000_0191.uasset" 10479
"../../../Engine/Content/EngineMaterials/Substrate/Glints2/dict_0000_0189.uasset" 10480
"../../../Engine/Content/EngineMaterials/Substrate/Glints2/dict_0000_0188.uasset" 10481
"../../../Engine/Content/EngineMaterials/Substrate/Glints2/dict_0000_0187.uasset" 10482
"/Engine/EngineMaterials/Substrate/Glints2/dict_0000_0198" 10483
"/Engine/EngineMaterials/Substrate/Glints2/dict_0000_0199" 10484
"/Engine/EngineMaterials/Substrate/Glints2/dict_0000_0196" 10485
"/Engine/EngineMaterials/Substrate/Glints2/dict_0000_0197" 10486
"../../../Engine/Content/EngineMaterials/Substrate/Glints2/dict_0000_0185.uasset" 10487
"../../../Engine/Content/EngineMaterials/Substrate/Glints2/dict_0000_0184.uasset" 10488
"../../../Engine/Content/EngineMaterials/Substrate/Glints2/dict_0000_0183.uasset" 10489
"../../../Engine/Content/EngineMaterials/Substrate/Glints2/dict_0000_0182.uasset" 10490
"../../../Engine/Content/EngineMaterials/Substrate/Glints2/dict_0000_0181.uasset" 10491
"../../../Engine/Content/EngineMaterials/Substrate/Glints2/dict_0000_0180.uasset" 10492
"/Engine/EngineMaterials/Substrate/Glints2/dict_0000_0186" 10493
"/Engine/EngineMaterials/Substrate/Glints2/dict_0000_0190" 10494
"/Engine/EngineMaterials/Substrate/Glints2/dict_0000_0192" 10495
"/Engine/EngineMaterials/Substrate/Glints2/dict_0000_0193" 10496
"/Engine/EngineMaterials/Substrate/Glints2/dict_0000_0194" 10497
"/Engine/EngineMaterials/Substrate/Glints2/dict_0000_0195" 10498
"/Engine/EngineMaterials/Substrate/Glints2/dict_0000_0182" 10499
"/Engine/EngineMaterials/Substrate/Glints2/dict_0000_0183" 10500
"/Engine/EngineMaterials/Substrate/Glints2/dict_0000_0184" 10501
"/Engine/EngineMaterials/Substrate/Glints2/dict_0000_0185" 10502
"/Engine/EngineMaterials/Substrate/Glints2/dict_0000_0187" 10503
"/Engine/EngineMaterials/Substrate/Glints2/dict_0000_0188" 10504
"/Engine/EngineMaterials/Substrate/Glints2/dict_0000_0189" 10505
"/Engine/EngineMaterials/Substrate/Glints2/dict_0000_0191" 10506
"../../../Engine/Content/EngineMaterials/Substrate/Glints2/dict_0000_0179.uasset" 10507
"../../../Engine/Content/EngineMaterials/Substrate/Glints2/dict_0000_0178.uasset" 10508
"../../../Engine/Content/EngineMaterials/Substrate/Glints2/dict_0000_0169.uasset" 10509
"../../../Engine/Content/EngineMaterials/Substrate/Glints2/dict_0000_0177.uasset" 10510
"../../../Engine/Content/EngineMaterials/Substrate/Glints2/dict_0000_0176.uasset" 10511
"../../../Engine/Content/EngineMaterials/Substrate/Glints2/dict_0000_0175.uasset" 10512
"../../../Engine/Content/EngineMaterials/Substrate/Glints2/dict_0000_0174.uasset" 10513
"../../../Engine/Content/EngineMaterials/Substrate/Glints2/dict_0000_0173.uasset" 10514
"../../../Engine/Content/EngineMaterials/Substrate/Glints2/dict_0000_0172.uasset" 10515
"../../../Engine/Content/EngineMaterials/Substrate/Glints2/dict_0000_0171.uasset" 10516
"../../../Engine/Content/EngineMaterials/Substrate/Glints2/dict_0000_0170.uasset" 10517
"../../../Engine/Content/EngineMaterials/Substrate/Glints2/dict_0000_0168.uasset" 10518
"/Engine/EngineMaterials/Substrate/Glints2/dict_0000_0180" 10519
"/Engine/EngineMaterials/Substrate/Glints2/dict_0000_0181" 10520
"../../../Engine/Content/EngineMaterials/Substrate/Glints2/dict_0000_0167.uasset" 10521
"../../../Engine/Content/EngineMaterials/Substrate/Glints2/dict_0000_0166.uasset" 10522
"/Engine/EngineMaterials/Substrate/Glints2/dict_0000_0168" 10523
"/Engine/EngineMaterials/Substrate/Glints2/dict_0000_0169" 10524
"/Engine/EngineMaterials/Substrate/Glints2/dict_0000_0170" 10525
"/Engine/EngineMaterials/Substrate/Glints2/dict_0000_0171" 10526
"/Engine/EngineMaterials/Substrate/Glints2/dict_0000_0172" 10527
"/Engine/EngineMaterials/Substrate/Glints2/dict_0000_0173" 10528
"/Engine/EngineMaterials/Substrate/Glints2/dict_0000_0174" 10529
"/Engine/EngineMaterials/Substrate/Glints2/dict_0000_0175" 10530
"/Engine/EngineMaterials/Substrate/Glints2/dict_0000_0176" 10531
"/Engine/EngineMaterials/Substrate/Glints2/dict_0000_0177" 10532
"/Engine/EngineMaterials/Substrate/Glints2/dict_0000_0178" 10533
"/Engine/EngineMaterials/Substrate/Glints2/dict_0000_0179" 10534
"/Engine/EngineMaterials/Substrate/Glints2/dict_0000_0166" 10535
"/Engine/EngineMaterials/Substrate/Glints2/dict_0000_0167" 10536
"../../../Engine/Content/EngineMaterials/Substrate/Glints2/dict_0000_0164.uasset" 10537
"../../../Engine/Content/EngineMaterials/Substrate/Glints2/dict_0000_0165.uasset" 10538
"../../../Engine/Content/EngineMaterials/Substrate/Glints2/dict_0000_0153.uasset" 10539
"../../../Engine/Content/EngineMaterials/Substrate/Glints2/dict_0000_0152.uasset" 10540
"../../../Engine/Content/EngineMaterials/Substrate/Glints2/dict_0000_0162.uasset" 10541
"../../../Engine/Content/EngineMaterials/Substrate/Glints2/dict_0000_0163.uasset" 10542
"../../../Engine/Content/EngineMaterials/Substrate/Glints2/dict_0000_0161.uasset" 10543
"../../../Engine/Content/EngineMaterials/Substrate/Glints2/dict_0000_0160.uasset" 10544
"../../../Engine/Content/EngineMaterials/Substrate/Glints2/dict_0000_0159.uasset" 10545
"../../../Engine/Content/EngineMaterials/Substrate/Glints2/dict_0000_0157.uasset" 10546
"../../../Engine/Content/EngineMaterials/Substrate/Glints2/dict_0000_0156.uasset" 10547
"../../../Engine/Content/EngineMaterials/Substrate/Glints2/dict_0000_0158.uasset" 10548
"../../../Engine/Content/EngineMaterials/Substrate/Glints2/dict_0000_0155.uasset" 10549
"../../../Engine/Content/EngineMaterials/Substrate/Glints2/dict_0000_0154.uasset" 10550
"../../../Engine/Content/EngineMaterials/Substrate/Glints2/dict_0000_0151.uasset" 10551
"/Engine/EngineMaterials/Substrate/Glints2/dict_0000_0164" 10552
"/Engine/EngineMaterials/Substrate/Glints2/dict_0000_0165" 10553
"/Engine/EngineMaterials/Substrate/Glints2/dict_0000_0152" 10554
"/Engine/EngineMaterials/Substrate/Glints2/dict_0000_0153" 10555
"/Engine/EngineMaterials/Substrate/Glints2/dict_0000_0158" 10556
"/Engine/EngineMaterials/Substrate/Glints2/dict_0000_0154" 10557
"/Engine/EngineMaterials/Substrate/Glints2/dict_0000_0155" 10558
"/Engine/EngineMaterials/Substrate/Glints2/dict_0000_0156" 10559
"/Engine/EngineMaterials/Substrate/Glints2/dict_0000_0159" 10560
"/Engine/EngineMaterials/Substrate/Glints2/dict_0000_0157" 10561
"/Engine/EngineMaterials/Substrate/Glints2/dict_0000_0160" 10562
"/Engine/EngineMaterials/Substrate/Glints2/dict_0000_0161" 10563
"/Engine/EngineMaterials/Substrate/Glints2/dict_0000_0162" 10564
"/Engine/EngineMaterials/Substrate/Glints2/dict_0000_0163" 10565
"../../../Engine/Content/EngineMaterials/Substrate/Glints2/dict_0000_0150.uasset" 10566
"../../../Engine/Content/EngineMaterials/Substrate/Glints2/dict_0000_0149.uasset" 10567
"../../../Engine/Content/EngineMaterials/Substrate/Glints2/dict_0000_0148.uasset" 10568
"../../../Engine/Content/EngineMaterials/Substrate/Glints2/dict_0000_0147.uasset" 10569
"/Engine/EngineMaterials/Substrate/Glints2/dict_0000_0151" 10570
"../../../Engine/Content/EngineMaterials/Substrate/Glints2/dict_0000_0146.uasset" 10571
"../../../Engine/Content/EngineMaterials/Substrate/Glints2/dict_0000_0138.uasset" 10572
"../../../Engine/Content/EngineMaterials/Substrate/Glints2/dict_0000_0142.uasset" 10573
"../../../Engine/Content/EngineMaterials/Substrate/Glints2/dict_0000_0145.uasset" 10574
"../../../Engine/Content/EngineMaterials/Substrate/Glints2/dict_0000_0144.uasset" 10575
"../../../Engine/Content/EngineMaterials/Substrate/Glints2/dict_0000_0143.uasset" 10576
"../../../Engine/Content/EngineMaterials/Substrate/Glints2/dict_0000_0140.uasset" 10577
"../../../Engine/Content/EngineMaterials/Substrate/Glints2/dict_0000_0141.uasset" 10578
"../../../Engine/Content/EngineMaterials/Substrate/Glints2/dict_0000_0139.uasset" 10579
"/Engine/EngineMaterials/Substrate/Glints2/dict_0000_0150" 10580
"/Engine/EngineMaterials/Substrate/Glints2/dict_0000_0147" 10581
"/Engine/EngineMaterials/Substrate/Glints2/dict_0000_0148" 10582
"/Engine/EngineMaterials/Substrate/Glints2/dict_0000_0149" 10583
"../../../Engine/Content/EngineMaterials/Substrate/Glints2/dict_0000_0137.uasset" 10584
"../../../Engine/Content/EngineMaterials/Substrate/Glints2/dict_0000_0134.uasset" 10585
"../../../Engine/Content/EngineMaterials/Substrate/Glints2/dict_0000_0136.uasset" 10586
"../../../Engine/Content/EngineMaterials/Substrate/Glints2/dict_0000_0135.uasset" 10587
"../../../Engine/Content/EngineMaterials/Substrate/Glints2/dict_0000_0133.uasset" 10588
"../../../Engine/Content/EngineMaterials/Substrate/Glints2/dict_0000_0132.uasset" 10589
"/Engine/EngineMaterials/Substrate/Glints2/dict_0000_0138" 10590
"/Engine/EngineMaterials/Substrate/Glints2/dict_0000_0142" 10591
"/Engine/EngineMaterials/Substrate/Glints2/dict_0000_0144" 10592
"/Engine/EngineMaterials/Substrate/Glints2/dict_0000_0145" 10593
"/Engine/EngineMaterials/Substrate/Glints2/dict_0000_0146" 10594
"../../../Engine/Content/EngineMaterials/Substrate/Glints2/dict_0000_0131.uasset" 10595
"../../../Engine/Content/EngineMaterials/Substrate/Glints2/dict_0000_0130.uasset" 10596
"../../../Engine/Content/EngineMaterials/Substrate/Glints2/dict_0000_0129.uasset" 10597
"../../../Engine/Content/EngineMaterials/Substrate/Glints2/dict_0000_0128.uasset" 10598
"/Engine/EngineMaterials/Substrate/Glints2/dict_0000_0136" 10599
"/Engine/EngineMaterials/Substrate/Glints2/dict_0000_0137" 10600
"../../../Engine/Content/EngineMaterials/Substrate/Glints2/dict_0000_0119.uasset" 10601
"../../../Engine/Content/EngineMaterials/Substrate/Glints2/dict_0000_0127.uasset" 10602
"../../../Engine/Content/EngineMaterials/Substrate/Glints2/dict_0000_0118.uasset" 10603
"../../../Engine/Content/EngineMaterials/Substrate/Glints2/dict_0000_0126.uasset" 10604
"../../../Engine/Content/EngineMaterials/Substrate/Glints2/dict_0000_0125.uasset" 10605
"../../../Engine/Content/EngineMaterials/Substrate/Glints2/dict_0000_0124.uasset" 10606
"../../../Engine/Content/EngineMaterials/Substrate/Glints2/dict_0000_0123.uasset" 10607
"../../../Engine/Content/EngineMaterials/Substrate/Glints2/dict_0000_0122.uasset" 10608
"../../../Engine/Content/EngineMaterials/Substrate/Glints2/dict_0000_0121.uasset" 10609
"../../../Engine/Content/EngineMaterials/Substrate/Glints2/dict_0000_0120.uasset" 10610
"/Engine/EngineMaterials/Substrate/Glints2/dict_0000_0139" 10611
"/Engine/EngineMaterials/Substrate/Glints2/dict_0000_0140" 10612
"/Engine/EngineMaterials/Substrate/Glints2/dict_0000_0141" 10613
"/Engine/EngineMaterials/Substrate/Glints2/dict_0000_0143" 10614
"/Engine/EngineMaterials/Substrate/Glints2/dict_0000_0132" 10615
"/Engine/EngineMaterials/Substrate/Glints2/dict_0000_0133" 10616
"/Engine/EngineMaterials/Substrate/Glints2/dict_0000_0134" 10617
"/Engine/EngineMaterials/Substrate/Glints2/dict_0000_0135" 10618
"/Engine/EngineMaterials/Substrate/Glints2/dict_0000_0128" 10619
"/Engine/EngineMaterials/Substrate/Glints2/dict_0000_0129" 10620
"/Engine/EngineMaterials/Substrate/Glints2/dict_0000_0130" 10621
"../../../Engine/Content/EngineMaterials/Substrate/Glints2/dict_0000_0117.uasset" 10622
"../../../Engine/Content/EngineMaterials/Substrate/Glints2/dict_0000_0116.uasset" 10623
"/Engine/EngineMaterials/Substrate/Glints2/dict_0000_0131" 10624
"/Engine/EngineMaterials/Substrate/Glints2/dict_0000_0119" 10625
"/Engine/EngineMaterials/Substrate/Glints2/dict_0000_0126" 10626
"/Engine/EngineMaterials/Substrate/Glints2/dict_0000_0127" 10627
"/Engine/EngineMaterials/Substrate/Glints2/dict_0000_0118" 10628
"/Engine/EngineMaterials/Substrate/Glints2/dict_0000_0120" 10629
"/Engine/EngineMaterials/Substrate/Glints2/dict_0000_0121" 10630
"/Engine/EngineMaterials/Substrate/Glints2/dict_0000_0122" 10631
"/Engine/EngineMaterials/Substrate/Glints2/dict_0000_0123" 10632
"/Engine/EngineMaterials/Substrate/Glints2/dict_0000_0124" 10633
"/Engine/EngineMaterials/Substrate/Glints2/dict_0000_0125" 10634
"../../../Engine/Content/EngineMaterials/Substrate/Glints2/dict_0000_0115.uasset" 10635
"../../../Engine/Content/EngineMaterials/Substrate/Glints2/dict_0000_0104.uasset" 10636
"../../../Engine/Content/EngineMaterials/Substrate/Glints2/dict_0000_0107.uasset" 10637
"../../../Engine/Content/EngineMaterials/Substrate/Glints2/dict_0000_0114.uasset" 10638
"../../../Engine/Content/EngineMaterials/Substrate/Glints2/dict_0000_0112.uasset" 10639
"../../../Engine/Content/EngineMaterials/Substrate/Glints2/dict_0000_0111.uasset" 10640
"../../../Engine/Content/EngineMaterials/Substrate/Glints2/dict_0000_0113.uasset" 10641
"../../../Engine/Content/EngineMaterials/Substrate/Glints2/dict_0000_0110.uasset" 10642
"../../../Engine/Content/EngineMaterials/Substrate/Glints2/dict_0000_0109.uasset" 10643
"../../../Engine/Content/EngineMaterials/Substrate/Glints2/dict_0000_0108.uasset" 10644
"../../../Engine/Content/EngineMaterials/Substrate/Glints2/dict_0000_0105.uasset" 10645
"../../../Engine/Content/EngineMaterials/Substrate/Glints2/dict_0000_0106.uasset" 10646
"../../../Engine/Content/EngineMaterials/Substrate/Glints2/dict_0000_0103.uasset" 10647
"../../../Engine/Content/EngineMaterials/Substrate/Glints2/dict_0000_0102.uasset" 10648
"/Engine/EngineMaterials/Substrate/Glints2/dict_0000_0115" 10649
"/Engine/EngineMaterials/Substrate/Glints2/dict_0000_0110" 10650
"/Engine/EngineMaterials/Substrate/Glints2/dict_0000_0104" 10651
"/Engine/EngineMaterials/Substrate/Glints2/dict_0000_0111" 10652
"/Engine/EngineMaterials/Substrate/Glints2/dict_0000_0112" 10653
"/Engine/EngineMaterials/Substrate/Glints2/dict_0000_0113" 10654
"/Engine/EngineMaterials/Substrate/Glints2/dict_0000_0114" 10655
"/Engine/EngineMaterials/Substrate/Glints2/dict_0000_0116" 10656
"/Engine/EngineMaterials/Substrate/Glints2/dict_0000_0117" 10657
"/Engine/EngineMaterials/Substrate/Glints2/dict_0000_0107" 10658
"/Engine/EngineMaterials/Substrate/Glints2/dict_0000_0108" 10659
"/Engine/EngineMaterials/Substrate/Glints2/dict_0000_0109" 10660
"/Engine/EngineMaterials/Substrate/Glints2/dict_0000_0102" 10661
"/Engine/EngineMaterials/Substrate/Glints2/dict_0000_0103" 10662
"/Engine/EngineMaterials/Substrate/Glints2/dict_0000_0105" 10663
"/Engine/EngineMaterials/Substrate/Glints2/dict_0000_0106" 10664
"../../../Engine/Content/EngineMaterials/Substrate/Glints2/dict_0000_0101.uasset" 10665
"../../../Engine/Content/EngineMaterials/Substrate/Glints2/dict_0000_0093.uasset" 10666
"../../../Engine/Content/EngineMaterials/Substrate/Glints2/dict_0000_0092.uasset" 10667
"../../../Engine/Content/EngineMaterials/Substrate/Glints2/dict_0000_0091.uasset" 10668
"../../../Engine/Content/EngineMaterials/Substrate/Glints2/dict_0000_0090.uasset" 10669
"../../../Engine/Content/EngineMaterials/Substrate/Glints2/dict_0000_0089.uasset" 10670
"../../../Engine/Content/EngineMaterials/Substrate/Glints2/dict_0000_0088.uasset" 10671
"../../../Engine/Content/EngineMaterials/Substrate/Glints2/dict_0000_0100.uasset" 10672
"../../../Engine/Content/EngineMaterials/Substrate/Glints2/dict_0000_0099.uasset" 10673
"../../../Engine/Content/EngineMaterials/Substrate/Glints2/dict_0000_0087.uasset" 10674
"../../../Engine/Content/EngineMaterials/Substrate/Glints2/dict_0000_0096.uasset" 10675
"../../../Engine/Content/EngineMaterials/Substrate/Glints2/dict_0000_0098.uasset" 10676
"../../../Engine/Content/EngineMaterials/Substrate/Glints2/dict_0000_0097.uasset" 10677
"../../../Engine/Content/EngineMaterials/Substrate/Glints2/dict_0000_0095.uasset" 10678
"../../../Engine/Content/EngineMaterials/Substrate/Glints2/dict_0000_0094.uasset" 10679
"../../../Engine/Content/EngineMaterials/Substrate/Glints2/dict_0000_0086.uasset" 10680
"/Engine/EngineMaterials/Substrate/Glints2/dict_0000_0101" 10681
"/Engine/EngineMaterials/Substrate/Glints2/dict_0000_0092" 10682
"/Engine/EngineMaterials/Substrate/Glints2/dict_0000_0088" 10683
"/Engine/EngineMaterials/Substrate/Glints2/dict_0000_0089" 10684
"../../../Engine/Content/EngineMaterials/Substrate/Glints2/dict_0000_0085.uasset" 10685
"../../../Engine/Content/EngineMaterials/Substrate/Glints2/dict_0000_0084.uasset" 10686
"../../../Engine/Content/EngineMaterials/Substrate/Glints2/dict_0000_0083.uasset" 10687
"../../../Engine/Content/EngineMaterials/Substrate/Glints2/dict_0000_0082.uasset" 10688
"../../../Engine/Content/EngineMaterials/Substrate/Glints2/dict_0000_0081.uasset" 10689
"/Engine/EngineMaterials/Substrate/Glints2/dict_0000_0090" 10690
"/Engine/EngineMaterials/Substrate/Glints2/dict_0000_0091" 10691
"/Engine/EngineMaterials/Substrate/Glints2/dict_0000_0093" 10692
"/Engine/EngineMaterials/Substrate/Glints2/dict_0000_0086" 10693
"/Engine/EngineMaterials/Substrate/Glints2/dict_0000_0087" 10694
"/Engine/EngineMaterials/Substrate/Glints2/dict_0000_0100" 10695
"/Engine/EngineMaterials/Substrate/Glints2/dict_0000_0094" 10696
"/Engine/EngineMaterials/Substrate/Glints2/dict_0000_0096" 10697
"/Engine/EngineMaterials/Substrate/Glints2/dict_0000_0097" 10698
"/Engine/EngineMaterials/Substrate/Glints2/dict_0000_0098" 10699
"../../../Engine/Content/EngineMaterials/Substrate/Glints2/dict_0000_0080.uasset" 10700
"../../../Engine/Content/EngineMaterials/Substrate/Glints2/dict_0000_0079.uasset" 10701
"../../../Engine/Content/EngineMaterials/Substrate/Glints2/dict_0000_0078.uasset" 10702
"../../../Engine/Content/EngineMaterials/Substrate/Glints2/dict_0000_0077.uasset" 10703
"../../../Engine/Content/EngineMaterials/Substrate/Glints2/dict_0000_0076.uasset" 10704
"../../../Engine/Content/EngineMaterials/Substrate/Glints2/dict_0000_0075.uasset" 10705
"../../../Engine/Content/EngineMaterials/Substrate/Glints2/dict_0000_0074.uasset" 10706
"../../../Engine/Content/EngineMaterials/Substrate/Glints2/dict_0000_0073.uasset" 10707
"/Engine/EngineMaterials/Substrate/Glints2/dict_0000_0099" 10708
"../../../Engine/Content/EngineMaterials/Substrate/Glints2/dict_0000_0072.uasset" 10709
"../../../Engine/Content/EngineMaterials/Substrate/Glints2/dict_0000_0071.uasset" 10710
"../../../Engine/Content/EngineMaterials/Substrate/Glints2/dict_0000_0070.uasset" 10711
"/Engine/EngineMaterials/Substrate/Glints2/dict_0000_0095" 10712
"/Engine/EngineMaterials/Substrate/Glints2/dict_0000_0081" 10713
"/Engine/EngineMaterials/Substrate/Glints2/dict_0000_0082" 10714
"/Engine/EngineMaterials/Substrate/Glints2/dict_0000_0083" 10715
"/Engine/EngineMaterials/Substrate/Glints2/dict_0000_0084" 10716
"/Engine/EngineMaterials/Substrate/Glints2/dict_0000_0085" 10717
"../../../Engine/Content/EngineMaterials/Substrate/Glints2/dict_0000_0069.uasset" 10718
"../../../Engine/Content/EngineMaterials/Substrate/Glints2/dict_0000_0068.uasset" 10719
"../../../Engine/Content/EngineMaterials/Substrate/Glints2/dict_0000_0067.uasset" 10720
"/Engine/EngineMaterials/Substrate/Glints2/dict_0000_0074" 10721
"../../../Engine/Content/EngineMaterials/Substrate/Glints2/dict_0000_0066.uasset" 10722
"../../../Engine/Content/EngineMaterials/Substrate/Glints2/dict_0000_0065.uasset" 10723
"../../../Engine/Content/EngineMaterials/Substrate/Glints2/dict_0000_0064.uasset" 10724
"/Engine/EngineMaterials/Substrate/Glints2/dict_0000_0075" 10725
"../../../Engine/Content/EngineMaterials/Substrate/Glints2/dict_0000_0063.uasset" 10726
"../../../Engine/Content/EngineMaterials/Substrate/Glints2/dict_0000_0061.uasset" 10727
"../../../Engine/Content/EngineMaterials/Substrate/Glints2/dict_0000_0062.uasset" 10728
"../../../Engine/Content/EngineMaterials/Substrate/Glints2/dict_0000_0060.uasset" 10729
"../../../Engine/Content/EngineMaterials/Substrate/Glints2/dict_0000_0059.uasset" 10730
"../../../Engine/Content/EngineMaterials/Substrate/Glints2/dict_0000_0058.uasset" 10731
"../../../Engine/Content/EngineMaterials/Substrate/Glints2/dict_0000_0057.uasset" 10732
"../../../Engine/Content/EngineMaterials/Substrate/Glints2/dict_0000_0056.uasset" 10733
"/Engine/EngineMaterials/Substrate/Glints2/dict_0000_0070" 10734
"../../../Engine/Content/EngineMaterials/Substrate/Glints2/dict_0000_0055.uasset" 10735
"../../../Engine/Content/EngineMaterials/Substrate/Glints2/dict_0000_0054.uasset" 10736
"/Engine/EngineMaterials/Substrate/Glints2/dict_0000_0071" 10737
"/Engine/EngineMaterials/Substrate/Glints2/dict_0000_0076" 10738
"/Engine/EngineMaterials/Substrate/Glints2/dict_0000_0077" 10739
"/Engine/EngineMaterials/Substrate/Glints2/dict_0000_0072" 10740
"/Engine/EngineMaterials/Substrate/Glints2/dict_0000_0078" 10741
"/Engine/EngineMaterials/Substrate/Glints2/dict_0000_0073" 10742
"/Engine/EngineMaterials/Substrate/Glints2/dict_0000_0079" 10743
"/Engine/EngineMaterials/Substrate/Glints2/dict_0000_0080" 10744
"/Engine/EngineMaterials/Substrate/Glints2/dict_0000_0067" 10745
"/Engine/EngineMaterials/Substrate/Glints2/dict_0000_0068" 10746
"/Engine/EngineMaterials/Substrate/Glints2/dict_0000_0069" 10747
"/Engine/EngineMaterials/Substrate/Glints2/dict_0000_0063" 10748
"/Engine/EngineMaterials/Substrate/Glints2/dict_0000_0064" 10749
"/Engine/EngineMaterials/Substrate/Glints2/dict_0000_0065" 10750
"../../../Engine/Content/EngineMaterials/Substrate/Glints2/dict_0000_0053.uasset" 10751
"/Engine/EngineMaterials/Substrate/Glints2/dict_0000_0066" 10752
"/Engine/EngineMaterials/Substrate/Glints2/dict_0000_0061" 10753
"/Engine/EngineMaterials/Substrate/Glints2/dict_0000_0062" 10754
"/Engine/EngineMaterials/Substrate/Glints2/dict_0000_0054" 10755
"/Engine/EngineMaterials/Substrate/Glints2/dict_0000_0055" 10756
"/Engine/EngineMaterials/Substrate/Glints2/dict_0000_0056" 10757
"/Engine/EngineMaterials/Substrate/Glints2/dict_0000_0057" 10758
"/Engine/EngineMaterials/Substrate/Glints2/dict_0000_0058" 10759
"/Engine/EngineMaterials/Substrate/Glints2/dict_0000_0059" 10760
"/Engine/EngineMaterials/Substrate/Glints2/dict_0000_0060" 10761
"../../../Engine/Content/EngineMaterials/Substrate/Glints2/dict_0000_0052.uasset" 10762
"../../../Engine/Content/EngineMaterials/Substrate/Glints2/dict_0000_0051.uasset" 10763
"../../../Engine/Content/EngineMaterials/Substrate/Glints2/dict_0000_0049.uasset" 10764
"../../../Engine/Content/EngineMaterials/Substrate/Glints2/dict_0000_0048.uasset" 10765
"../../../Engine/Content/EngineMaterials/Substrate/Glints2/dict_0000_0050.uasset" 10766
"../../../Engine/Content/EngineMaterials/Substrate/Glints2/dict_0000_0047.uasset" 10767
"../../../Engine/Content/EngineMaterials/Substrate/Glints2/dict_0000_0046.uasset" 10768
"../../../Engine/Content/EngineMaterials/Substrate/Glints2/dict_0000_0045.uasset" 10769
"../../../Engine/Content/EngineMaterials/Substrate/Glints2/dict_0000_0044.uasset" 10770
"../../../Engine/Content/EngineMaterials/Substrate/Glints2/dict_0000_0043.uasset" 10771
"../../../Engine/Content/EngineMaterials/Substrate/Glints2/dict_0000_0042.uasset" 10772
"../../../Engine/Content/EngineMaterials/Substrate/Glints2/dict_0000_0041.uasset" 10773
"../../../Engine/Content/EngineMaterials/Substrate/Glints2/dict_0000_0040.uasset" 10774
"../../../Engine/Content/EngineMaterials/Substrate/Glints2/dict_0000_0039.uasset" 10775
"../../../Engine/Content/EngineMaterials/Substrate/Glints2/dict_0000_0038.uasset" 10776
"/Engine/EngineMaterials/Substrate/Glints2/dict_0000_0039" 10777
"/Engine/EngineMaterials/Substrate/Glints2/dict_0000_0040" 10778
"/Engine/EngineMaterials/Substrate/Glints2/dict_0000_0041" 10779
"/Engine/EngineMaterials/Substrate/Glints2/dict_0000_0042" 10780
"/Engine/EngineMaterials/Substrate/Glints2/dict_0000_0043" 10781
"/Engine/EngineMaterials/Substrate/Glints2/dict_0000_0044" 10782
"/Engine/EngineMaterials/Substrate/Glints2/dict_0000_0045" 10783
"/Engine/EngineMaterials/Substrate/Glints2/dict_0000_0046" 10784
"/Engine/EngineMaterials/Substrate/Glints2/dict_0000_0047" 10785
"../../../Engine/Content/EngineMaterials/Substrate/Glints2/dict_0000_0037.uasset" 10786
"../../../Engine/Content/EngineMaterials/Substrate/Glints2/dict_0000_0036.uasset" 10787
"/Engine/EngineMaterials/Substrate/Glints2/dict_0000_0048" 10788
"../../../Engine/Content/EngineMaterials/Substrate/Glints2/dict_0000_0024.uasset" 10789
"../../../Engine/Content/EngineMaterials/Substrate/Glints2/dict_0000_0035.uasset" 10790
"/Engine/EngineMaterials/Substrate/Glints2/dict_0000_0049" 10791
"../../../Engine/Content/EngineMaterials/Substrate/Glints2/dict_0000_0034.uasset" 10792
"../../../Engine/Content/EngineMaterials/Substrate/Glints2/dict_0000_0033.uasset" 10793
"../../../Engine/Content/EngineMaterials/Substrate/Glints2/dict_0000_0032.uasset" 10794
"../../../Engine/Content/EngineMaterials/Substrate/Glints2/dict_0000_0031.uasset" 10795
"../../../Engine/Content/EngineMaterials/Substrate/Glints2/dict_0000_0030.uasset" 10796
"../../../Engine/Content/EngineMaterials/Substrate/Glints2/dict_0000_0029.uasset" 10797
"../../../Engine/Content/EngineMaterials/Substrate/Glints2/dict_0000_0028.uasset" 10798
"/Engine/EngineMaterials/Substrate/Glints2/dict_0000_0050" 10799
"../../../Engine/Content/EngineMaterials/Substrate/Glints2/dict_0000_0027.uasset" 10800
"../../../Engine/Content/EngineMaterials/Substrate/Glints2/dict_0000_0026.uasset" 10801
"../../../Engine/Content/EngineMaterials/Substrate/Glints2/dict_0000_0025.uasset" 10802
"/Engine/EngineMaterials/Substrate/Glints2/dict_0000_0051" 10803
"/Engine/EngineMaterials/Substrate/Glints2/dict_0000_0052" 10804
"/Engine/EngineMaterials/Substrate/Glints2/dict_0000_0053" 10805
"/Engine/EngineMaterials/Substrate/Glints2/dict_0000_0038" 10806
"../../../Engine/Content/EngineMaterials/Substrate/Glints2/dict_0000_0023.uasset" 10807
"../../../Engine/Content/EngineMaterials/Substrate/Glints2/dict_0000_0022.uasset" 10808
"/Engine/EngineMaterials/Substrate/Glints2/dict_0000_0024" 10809
"/Engine/EngineMaterials/Substrate/Glints2/dict_0000_0029" 10810
"/Engine/EngineMaterials/Substrate/Glints2/dict_0000_0030" 10811
"../../../Engine/Content/EngineMaterials/Substrate/Glints2/dict_0000_0021.uasset" 10812
"../../../Engine/Content/EngineMaterials/Substrate/Glints2/dict_0000_0020.uasset" 10813
"../../../Engine/Content/EngineMaterials/Substrate/Glints2/dict_0000_0019.uasset" 10814
"/Engine/EngineMaterials/Substrate/Glints2/dict_0000_0031" 10815
"../../../Engine/Content/EngineMaterials/Substrate/Glints2/dict_0000_0018.uasset" 10816
"../../../Engine/Content/EngineMaterials/Substrate/Glints2/dict_0000_0017.uasset" 10817
"../../../Engine/Content/EngineMaterials/Substrate/Glints2/dict_0000_0016.uasset" 10818
"../../../Engine/Content/EngineMaterials/Substrate/Glints2/dict_0000_0015.uasset" 10819
"../../../Engine/Content/EngineMaterials/Substrate/Glints2/dict_0000_0014.uasset" 10820
"../../../Engine/Content/EngineMaterials/Substrate/Glints2/dict_0000_0013.uasset" 10821
"../../../Engine/Content/EngineMaterials/Substrate/Glints2/dict_0000_0012.uasset" 10822
"../../../Engine/Content/EngineMaterials/Substrate/Glints2/dict_0000_0011.uasset" 10823
"../../../Engine/Content/EngineMaterials/Substrate/Glints2/dict_0000_0010.uasset" 10824
"/Engine/EngineMaterials/Substrate/Glints2/dict_0000_0032" 10825
"/Engine/EngineMaterials/Substrate/Glints2/dict_0000_0035" 10826
"/Engine/EngineMaterials/Substrate/Glints2/dict_0000_0036" 10827
"/Engine/EngineMaterials/Substrate/Glints2/dict_0000_0037" 10828
"/Engine/EngineMaterials/Substrate/Glints2/dict_0000_0025" 10829
"/Engine/EngineMaterials/Substrate/Glints2/dict_0000_0026" 10830
"/Engine/EngineMaterials/Substrate/Glints2/dict_0000_0027" 10831
"/Engine/EngineMaterials/Substrate/Glints2/dict_0000_0028" 10832
"../../../Engine/Content/EngineMaterials/Substrate/Glints2/dict_0000_0009.uasset" 10833
"../../../Engine/Content/EngineMaterials/Substrate/Glints2/dict_0000_0008.uasset" 10834
"/Engine/EngineMaterials/Substrate/Glints2/dict_0000_0033" 10835
"../../../Engine/Content/EngineMaterials/Substrate/Glints2/dict_0000_0007.uasset" 10836
"../../../Engine/Content/EngineMaterials/Substrate/Glints2/dict_0000_0006.uasset" 10837
"/Engine/EngineMaterials/Substrate/Glints2/dict_0000_0034" 10838
"/Engine/EngineMaterials/Substrate/Glints2/dict_0000_0022" 10839
"/Engine/EngineMaterials/Substrate/Glints2/dict_0000_0023" 10840
"../../../Engine/Content/EngineMaterials/Substrate/Volume/SubstrateSimpleVolumeLUT2D.uasset" 10841
"../../../Engine/Content/EngineMaterials/Substrate/Volume/SubstrateSimpleVolumeLUT3D.uasset" 10842
"../../../Engine/Content/EngineMaterials/Substrate/Volume/SubstrateSimpleVolumeEnvLUT2D.uasset" 10843
"/Engine/EngineMaterials/Substrate/Glints2/dict_0000_0016" 10844
"../../../Engine/Content/EngineMaterials/Substrate/Volume/SubstrateSimpleVolumeEnvLUT3D.uasset" 10845
"/Engine/EngineMaterials/Substrate/Glints2/dict_0000_0017" 10846
"/Engine/EngineMaterials/Substrate/Glints2/dict_0000_0018" 10847
"/Engine/EngineMaterials/Substrate/Glints2/dict_0000_0019" 10848
"/Engine/EngineMaterials/Substrate/Glints2/dict_0000_0020" 10849
"/Engine/EngineMaterials/Substrate/Glints2/dict_0000_0021" 10850
"/Engine/EngineMaterials/Substrate/Volume/SubstrateSimpleVolumeEnvLUT3D" 10851
"/Engine/EngineMaterials/Substrate/Glints2/dict_0000_0010" 10852
"/Engine/EngineMaterials/Substrate/Volume/SubstrateSimpleVolumeLUT3D" 10853
"/Engine/EngineMaterials/Substrate/Glints2/dict_0000_0011" 10854
"/Engine/EngineMaterials/Substrate/Glints2/dict_0000_0012" 10855
"../../../Engine/Plugins/Interchange/Assets/Content/Functions/MX_Surface.uasset" 10856
"../../../Engine/Content/Functions/Engine_MaterialFunctions03/Procedurals/HeightToNormalSmooth.uasset" 10857
"../../../Engine/Content/EngineMaterials/DefaultCalibrationColor.uasset" 10858
"../../../Engine/Content/EngineMaterials/PPM_DefaultCalibrationColor.uasset" 10859
"/Engine/EngineMaterials/Substrate/Glints2/dict_0000_0013" 10860
"../../../Engine/Content/EngineMaterials/Substrate/Glints2/dict_0000_0004.uasset" 10861
"../../../Engine/Content/EngineMaterials/DefaultCalibrationGrayscale.uasset" 10862
"../../../Engine/Content/EngineMaterials/Substrate/Glints2/dict_0000_0003.uasset" 10863
"../../../Engine/Content/EngineMaterials/Substrate/Glints2/dict_0000_0001.uasset" 10864
"../../../Engine/Content/EngineMaterials/Substrate/Glints2/dict_0000_0005.uasset" 10865
"../../../Engine/Content/EngineMaterials/Substrate/Glints2/dict_0000_0002.uasset" 10866
"../../../Engine/Content/EngineMaterials/Substrate/Glints2/dict_0000_0000.uasset" 10867
"/Engine/EngineMaterials/Substrate/Glints2/dict_0000_0014" 10868
"/Engine/EngineMaterials/Substrate/Glints2/dict_0000_0015" 10869
"/Engine/EngineMaterials/Substrate/Glints2/dict_0000_0006" 10870
"/Engine/EngineMaterials/Substrate/Glints2/dict_0000_0007" 10871
"/Engine/EngineMaterials/Substrate/Glints2/dict_0000_0008" 10872
"/Engine/EngineMaterials/Substrate/Glints2/dict_0000_0009" 10873
"../../../Engine/Content/EngineMaterials/PPM_DefaultCalibrationGrayscale.uasset" 10874
"../../../Engine/Plugins/Interchange/Assets/Content/Functions/MX_Displacement.uasset" 10875
"../../../Engine/Content/EngineMaterials/Substrate/Glints2/AGlintTex2dArray2.uasset" 10876
"../../../Engine/Content/Functions/MaterialLayerFunctions/MatLayerBlend_OverrideOpacity.uasset" 10877
"../../../Engine/Content/Functions/Engine_MaterialFunctions02/Utility/BlendAngleCorrectedNormals.uasset" 10878
"/Engine/EngineMaterials/DefaultCalibrationGrayscale" 10879
"C:/MeuProjeto1/Content/Characters/Mannequins/Materials/Manny/MI_Manny_01_New.uasset" 10880
"/Engine/EngineMaterials/PPM_DefaultCalibrationColor" 10881
"C:/MeuProjeto1/Content/Characters/Mannequins/Textures/Manny/T_Manny_02_BN.uasset" 10882
"C:/MeuProjeto1/Content/Characters/Mannequins/Textures/Manny/T_Manny_02_D.uasset" 10883
"C:/MeuProjeto1/Content/Characters/Mannequins/Textures/Manny/T_Manny_02_MRA.uasset" 10884
"C:/MeuProjeto1/Content/Characters/Mannequins/Materials/Manny/MI_Manny_02_New.uasset" 10885
"../../../Engine/Plugins/NNE/NNEDenoiser/Content/NNEDIM_HighQuality_Alpha.uasset" 10886
"../../../Engine/Plugins/NNE/NNEDenoiser/Content/NNEDOM_Output_Alpha.uasset" 10887
"../../../Engine/Plugins/NNE/NNEDenoiser/Content/NNEDOM_Output_Default.uasset" 10888
"../../../Engine/Plugins/NNE/NNEDenoiser/Content/NNEDIM_ColorAlbedoNormal_Default.uasset" 10889
"../../../Engine/Plugins/NNE/NNEDenoiser/Content/NNEDIM_HighQuality_Default.uasset" 10890
"../../../Engine/Plugins/NNE/NNEDenoiser/Content/NNEDIM_ColorAlbedoNormal_Alpha.uasset" 10891
"../../../Engine/Plugins/NNE/NNEDenoiser/Content/NNEDTIM_ColorAlbedoNormal_Alpha.uasset" 10892
"../../../Engine/Plugins/NNE/NNEDenoiser/Content/NNEDTIM_ColorAlbedoNormal_Default.uasset" 10893
"../../../Engine/Plugins/NNE/NNEDenoiser/Content/NNEDTOM_Output_Alpha.uasset" 10894
"../../../Engine/Plugins/NNE/NNEDenoiser/Content/NNEDTOM_Output_Default.uasset" 10895
"C:/MeuProjeto1/Content/Characters/Mannequins/Meshes/SKM_Manny_Simple.uasset" 10896
"/Engine/EngineMaterials/Substrate/Glints2/dict_0000_0000" 10897
"/Engine/EngineMaterials/Substrate/Glints2/dict_0000_0001" 10898
"/Engine/EngineMaterials/Substrate/Glints2/dict_0000_0002" 10899
"/Engine/EngineMaterials/Substrate/Glints2/dict_0000_0003" 10900
"/Engine/EngineMaterials/Substrate/Glints2/dict_0000_0004" 10901
"/Engine/Functions/Engine_MaterialFunctions03/Procedurals/HeightToNormalSmooth" 10902
"/Engine/EngineMaterials/Substrate/Glints2/dict_0000_0005" 10903
"/Engine/EngineMaterials/PPM_DefaultCalibrationGrayscale" 10904
"../../../Engine/Plugins/NNE/NNEDenoiser/Content/NNED_Oidn2-3_Fast_Alpha.uasset" 10905
"../../../Engine/Plugins/NNE/NNEDenoiser/Content/NNED_Oidn2-3_HighQuality.uasset" 10906
"../../../Engine/Plugins/NNE/NNEDenoiser/Content/NNEDT_Oidn2-3_Balanced.uasset" 10907
"../../../Engine/Plugins/NNE/NNEDenoiser/Content/NNED_Oidn2-3_Fast.uasset" 10908
"../../../Engine/Plugins/NNE/NNEDenoiser/Content/NNED_Oidn2-3_Balanced.uasset" 10909
"../../../Engine/Plugins/NNE/NNEDenoiser/Content/NNED_Oidn2-3_HighQuality_Alpha.uasset" 10910
"../../../Engine/Plugins/NNE/NNEDenoiser/Content/NNEDT_Oidn2-3_Balanced_Alpha.uasset" 10911
"../../../Engine/Plugins/NNE/NNEDenoiser/Content/NNED_Oidn2-3_Balanced_Alpha.uasset" 10912
"/Game/Characters/Mannequins/Textures/Manny/T_Manny_02_BN" 10913
"../../../Engine/Plugins/NNE/NNEDenoiser/Content/NNE_oidn2-3-0_rt_hdr_alb_nrm_small__dyn__fp16_opset11_DenoiseAlpha.uasset" 10914
"../../../Engine/Plugins/NNE/NNEDenoiser/Content/NNE_oidn2-3-0_rt_hdr_alb_nrm_small__dyn__fp16_opset11_ForwardAlpha.uasset" 10915
"../../../Engine/Plugins/NNE/NNEDenoiser/Content/NNE_oidn2-3-0_rt_hdr_alb_nrm__dyn__fp16_opset11_DenoiseAlpha.uasset" 10916
"/Game/Characters/Mannequins/Materials/Manny/MI_Manny_01_New" 10917
"/NNEDenoiser/NNEDTOM_Output_Default" 10918
"/NNEDenoiser/NNEDOM_Output_Default" 10919
"/NNEDenoiser/NNEDOM_Output_Alpha" 10920
"/NNEDenoiser/NNEDTOM_Output_Alpha" 10921
"/NNEDenoiser/NNEDTIM_ColorAlbedoNormal_Default" 10922
"/NNEDenoiser/NNEDTIM_ColorAlbedoNormal_Alpha" 10923
"/NNEDenoiser/NNEDIM_HighQuality_Default" 10924
"/NNEDenoiser/NNEDIM_HighQuality_Alpha" 10925
"/NNEDenoiser/NNEDIM_ColorAlbedoNormal_Default" 10926
"/Engine/EngineMaterials/Substrate/Glints2/AGlintTex2dArray2" 10927
"/NNEDenoiser/NNEDIM_ColorAlbedoNormal_Alpha" 10928
"/Game/Characters/Mannequins/Meshes/SKM_Manny_Simple" 10929
"/InterchangeAssets/Functions/MX_Displacement" 10930
"/InterchangeAssets/Functions/MX_Surface" 10931
"../../../Engine/Plugins/FX/Niagara/Content/ParameterDefinitions/MeshRenderer.uasset" 10932
"../../../Engine/Content/EditorResources/BSPVertex.uasset" 10933
"../../../Engine/Plugins/FX/Niagara/Content/ParameterDefinitions/SpriteRenderer.uasset" 10934
"../../../Engine/Plugins/FX/Niagara/Content/ParameterDefinitions/CoreParameters.uasset" 10935
"../../../Engine/Plugins/FX/Niagara/Content/ParameterDefinitions/LightRenderer.uasset" 10936
"../../../Engine/Plugins/FX/Niagara/Content/ParameterDefinitions/DecalRenderer.uasset" 10937
"../../../Engine/Plugins/NNE/NNEDenoiser/Content/NNE_oidn2-3-0_rt_hdr_alb_nrm__dyn__fp16_opset11_ForwardAlpha.uasset" 10938
"../../../Engine/Plugins/NNE/NNEDenoiser/Content/NNE_oidn2-3-0_rt_hdr_calb_cnrm_large__dyn__fp16_opset11_DenoiseAlpha.uasset" 10939
"/NNEDenoiser/NNE_oidn2-3-0_rt_hdr_alb_nrm__dyn__fp16_opset11_DenoiseAlpha" 10940
"../../../Engine/Content/EngineDebugMaterials/DebugEditorMaterial.uasset" 10941
"../../../Engine/Content/EngineMaterials/FastBlueNoise_scalar_128x128x64.uasset" 10942
"../../../Engine/Plugins/NNE/NNEDenoiser/Content/NNE_oidn2-3-0_rt_hdr_calb_cnrm_large__dyn__fp16_opset11_ForwardAlpha.uasset" 10943
"../../../Engine/Content/EngineMaterials/FastBlueNoise_vec2_128x128x64.uasset" 10944
"../../../Engine/Content/EngineResources/Development/ZenLogo_64.uasset" 10945
"../../../Engine/Content/EngineMaterials/DefaultBloomKernel.uasset" 10946
"../../../Engine/Content/EngineResources/FilmGrains/Marcie_Grain_v3_128_M2_000.uasset" 10947
"../../../Engine/Plugins/FX/Niagara/Content/ParameterDefinitions/RibbonRenderer.uasset" 10948
"../../../Engine/Content/EngineSounds/Master.uasset" 10949
"../../../Engine/Content/EngineMaterials/EnergyConservation/SheenLegacy_Energy.uasset" 10950
"../../../Engine/Content/EngineMaterials/FastBlueNoise_scalar_128x128x8.uasset" 10951
"../../../Engine/Content/EngineMaterials/SMAASearchTex.uasset" 10952
"../../../Engine/Content/EngineMaterials/SMAAAreaTex.uasset" 10953
"/NNEDenoiser/NNE_oidn2-3-0_rt_hdr_alb_nrm_small__dyn__fp16_opset11_ForwardAlpha" 10954
"/NNEDenoiser/NNE_oidn2-3-0_rt_hdr_alb_nrm_small__dyn__fp16_opset11_DenoiseAlpha" 10955
"/NNEDenoiser/NNED_Oidn2-3_HighQuality_Alpha" 10956
"/NNEDenoiser/NNED_Oidn2-3_HighQuality" 10957
"/NNEDenoiser/NNED_Oidn2-3_Fast_Alpha" 10958
"/NNEDenoiser/NNED_Oidn2-3_Fast" 10959
"/NNEDenoiser/NNED_Oidn2-3_Balanced_Alpha" 10960
"/NNEDenoiser/NNED_Oidn2-3_Balanced" 10961
"C:/Users/meliss/AppData/Local/Temp/UnrealShaderWorkingDir/9CC9EE084FBF4362CACCF186E0FD62D6/11/WorkerOutputOnly.out" 10962
"C:/MeuProjeto1/Intermediate/ORTOptimizerPass_Optimized8BD8FC914E673083831BC4AD9C72A114.onnx" 10963
"C:/MeuProjeto1/Intermediate/ORTOptimizerPass_OptimizedF499FDA94E7B57772D4EB2BD3292906D.onnx" 10964
"C:/MeuProjeto1/Intermediate/ORTOptimizerPass_Optimized46B6BF014679DB46A05E549558F6D1DD.onnx" 10965
"C:/MeuProjeto1/Intermediate/ORTOptimizerPass_Optimized39B8179D463AF0C0178F52A54B8A52F1.onnx" 10966
"C:/MeuProjeto1/Intermediate/ORTOptimizerPass_OptimizedD20CE443447CEC356E568CB7B4B0480A.onnx" 10967
"C:/MeuProjeto1/Intermediate/ORTOptimizerPass_Optimized4BD67F134A0BAAEE8E61F4AF52E965AD.onnx" 10968
"/NNEDenoiser/NNEDT_Oidn2-3_Balanced_Alpha" 10969
"/NNEDenoiser/NNEDT_Oidn2-3_Balanced" 10970
"/Engine/EngineSounds/Master" 10971
"/Engine/EngineMaterials/SMAASearchTex" 10972
"/Engine/EngineMaterials/SMAAAreaTex" 10973
"/Engine/EngineMaterials/EnergyConservation/SheenLegacy_Energy" 10974
"/Engine/EngineMaterials/FastBlueNoise_vec2_128x128x64" 10975
"/Engine/EngineMaterials/FastBlueNoise_scalar_128x128x8" 10976
"/Engine/EngineMaterials/FastBlueNoise_scalar_128x128x64" 10977
"/Engine/EngineDebugMaterials/DebugEditorMaterial" 10978
"../../../Engine/Plugins/Interchange/Runtime/Content/Pipelines/DefaultMaterialXPipeline.uasset" 10979
"../../../Engine/Plugins/Interchange/Runtime/Content/Pipelines/DefaultAssetsPipeline.uasset" 10980
"../../../Engine/Plugins/Interchange/Runtime/Content/Pipelines/DefaultGLTFAssetsPipeline.uasset" 10981
"../../../Engine/Plugins/Interchange/Runtime/Content/Pipelines/DefaultGLTFPipeline.uasset" 10982
"../../../Engine/Plugins/Interchange/Runtime/Content/Pipelines/DefaultMaterialPipeline.uasset" 10983
"../../../Engine/Plugins/Interchange/Runtime/Content/Pipelines/DefaultTexturePipeline.uasset" 10984
"../../../Engine/Plugins/Interchange/Runtime/Content/Pipelines/DefaultAudioPipeline.uasset" 10985
"../../../Engine/Plugins/Interchange/Runtime/Content/Pipelines/DefaultSceneAssetsPipeline.uasset" 10986
"../../../Engine/Plugins/Interchange/Runtime/Content/Pipelines/DefaultSceneLevelPipeline.uasset" 10987
"../../../Engine/Plugins/Interchange/Runtime/Content/Pipelines/DefaultGLTFSceneAssetsPipeline.uasset" 10988
"/Engine/EngineResources/Development/ZenLogo_64" 10989
"../../../Engine/Plugins/Interchange/Assets/Content/Functions/MX_SurfaceUnlit.uasset" 10990
"/Engine/EngineResources/FilmGrains/Marcie_Grain_v3_128_M2_000" 10991
"/Engine/EngineMaterials/DefaultBloomKernel" 10992
"/Engine/EditorResources/BSPVertex" 10993
"C:/Users/meliss/AppData/Local/Temp/UnrealShaderWorkingDir/9CC9EE084FBF4362CACCF186E0FD62D6/7/WorkerOutputOnly.out" 10994
"/NNEDenoiser/NNE_oidn2-3-0_rt_hdr_calb_cnrm_large__dyn__fp16_opset11_ForwardAlpha" 10995
"/NNEDenoiser/NNE_oidn2-3-0_rt_hdr_calb_cnrm_large__dyn__fp16_opset11_DenoiseAlpha" 10996
"C:/Users/meliss/AppData/Local/Temp/UnrealShaderWorkingDir/9CC9EE084FBF4362CACCF186E0FD62D6/9/WorkerOutputOnly.out" 10997
"/NNEDenoiser/NNE_oidn2-3-0_rt_hdr_alb_nrm__dyn__fp16_opset11_ForwardAlpha" 10998
"../../../Engine/Plugins/Interchange/Assets/Content/Functions/MX_TranslucentBSDF.uasset" 10999
"../../../Engine/Plugins/Interchange/Assets/Content/Functions/MX_MeasuredEDF.uasset" 11000
"../../../Engine/Plugins/Interchange/Assets/Content/Functions/MX_DielectricBSDF.uasset" 11001
"../../../Engine/Plugins/Interchange/Assets/Content/Functions/MX_GeneralizedSchlickBSDF.uasset" 11002
"../../../Engine/Plugins/Interchange/Assets/Content/Functions/MX_SubsurfaceBSDF.uasset" 11003
"../../../Engine/Plugins/Interchange/Assets/Content/Functions/MX_OrenNayarBSDF.uasset" 11004
"../../../Engine/Plugins/Interchange/Assets/Content/Functions/MX_ConductorBSDF.uasset" 11005
"/InterchangeAssets/Functions/MX_SurfaceUnlit" 11006
"../../../Engine/Plugins/Interchange/Assets/Content/Functions/MX_UniformEDF.uasset" 11007
"../../../Engine/Plugins/Interchange/Assets/Content/Functions/MX_UsdPreviewSurface.uasset" 11008
"../../../Engine/Plugins/Interchange/Assets/Content/Functions/MX_ConicalEDF.uasset" 11009
"../../../Engine/Plugins/Interchange/Assets/Content/Functions/MX_BurleyDiffuseBSDF.uasset" 11010
"../../../Engine/Plugins/Interchange/Assets/Content/Functions/MX_SheenBSDF.uasset" 11011
"../../../Engine/Plugins/Interchange/Assets/Content/Functions/MX_ChiangHairBSDF.uasset" 11012
"../../../Engine/Plugins/Interchange/Assets/Content/Substrate/MX_SimpleVolume.uasset" 11013
"../../../Engine/Plugins/Interchange/Assets/Content/Functions/MX_AbsorptionVDF.uasset" 11014
"../../../Engine/Plugins/Interchange/Assets/Content/Functions/MX_AnisotropicVDF.uasset" 11015
"../../../Engine/Plugins/Animation/ControlRig/Content/Controls/ControlRigGizmoMaterial.uasset" 11016
"/Interchange/Pipelines/DefaultGLTFSceneAssetsPipeline" 11017
"/Interchange/Pipelines/DefaultSceneLevelPipeline" 11018
"/Interchange/Pipelines/DefaultSceneAssetsPipeline" 11019
"/Interchange/Pipelines/DefaultAudioPipeline" 11020
"/Interchange/Pipelines/DefaultTexturePipeline" 11021
"/Interchange/Pipelines/DefaultMaterialPipeline" 11022
"/Interchange/Pipelines/DefaultGLTFPipeline" 11023
"/Interchange/Pipelines/DefaultGLTFAssetsPipeline" 11024
"C:/MeuProjeto1/Intermediate/ORTOptimizerPass_Optimized8B27BBFC4575F1015816B7A6441A17C4.onnx" 11025
"C:/MeuProjeto1/Intermediate/ORTOptimizerPass_Optimized760CA7FB4474BDDA248A898D59EFE6FA.onnx" 11026
"C:/MeuProjeto1/Intermediate/ORTOptimizerPass_Optimized7AFB8DAC4CDEBD39426100A06B18D7F2.onnx" 11027
"C:/MeuProjeto1/Intermediate/ORTOptimizerPass_OptimizedC73012FA445045310703EDBF5A0164E3.onnx" 11028
"C:/MeuProjeto1/Intermediate/ORTOptimizerPass_Optimized528D3CBE4D43B6DDFC7E42BA804133DE.onnx" 11029
"C:/Users/meliss/AppData/Local/Temp/UnrealShaderWorkingDir/9CC9EE084FBF4362CACCF186E0FD62D6/6/WorkerOutputOnly.out" 11030
"C:/Users/meliss/AppData/Local/Temp/UnrealShaderWorkingDir/9CC9EE084FBF4362CACCF186E0FD62D6/8/WorkerOutputOnly.out" 11031
"C:/MeuProjeto1/Intermediate/ORTOptimizerPass_Optimized9530B6DF4301F90EC6E17E8BB6A4F47B.onnx" 11032
"/Interchange/Pipelines/DefaultMaterialXPipeline" 11033
"/Interchange/Pipelines/DefaultAssetsPipeline" 11034
"/ControlRig/Controls/ControlRigGizmoMaterial" 11035
"/InterchangeAssets/Functions/MX_AnisotropicVDF" 11036
"/InterchangeAssets/Functions/MX_AbsorptionVDF" 11037
"/InterchangeAssets/Functions/MX_MeasuredEDF" 11038
"/InterchangeAssets/Functions/MX_ConicalEDF" 11039
"/InterchangeAssets/Functions/MX_UniformEDF" 11040
"/InterchangeAssets/Functions/MX_ChiangHairBSDF" 11041
"/InterchangeAssets/Functions/MX_SheenBSDF" 11042
"/InterchangeAssets/Functions/MX_SubsurfaceBSDF" 11043
"/InterchangeAssets/Functions/MX_GeneralizedSchlickBSDF" 11044
"/InterchangeAssets/Functions/MX_ConductorBSDF" 11045
"/InterchangeAssets/Functions/MX_DielectricBSDF" 11046
"/InterchangeAssets/Functions/MX_TranslucentBSDF" 11047
"/InterchangeAssets/Functions/MX_BurleyDiffuseBSDF" 11048
"/InterchangeAssets/Functions/MX_OrenNayarBSDF" 11049
"/InterchangeAssets/Substrate/MX_SimpleVolume" 11050
"/InterchangeAssets/Functions/MX_UsdPreviewSurface" 11051
"C:/Users/meliss/AppData/Local/Temp/UnrealShaderWorkingDir/9CC9EE084FBF4362CACCF186E0FD62D6/12/WorkerOutputOnly.out" 11052
"C:/MeuProjeto1/Saved/Cooked/Windows/MeuProjeto2/Metadata/CookedSettings.txt" 11053
